id,name,host_id,host_profile_id,host_name,neighbourhood_group,neighbourhood,latitude,longitude,room_type,price,minimum_nights,number_of_reviews,last_review,reviews_per_month,calculated_host_listings_count,availability_365,number_of_reviews_ltm,license
71609,Ensuite Room (Room 1 & 2) near EXPO,367042,1462516725725391209,Belinda,East Region,Tampines,1.34537,103.95887,Private room,,92,19,2020-01-17,0.11,5,90,0,
71896,B&B  Room 1 near Airport & EXPO,367042,1462516725725391209,Belinda,East Region,Tampines,1.34754,103.95958,Private room,,92,24,2019-10-13,0.13,5,90,0,
71903,Room 2-near Airport & EXPO,367042,1462516725725391209,Belinda,East Region,Tampines,1.34531,103.961,Private room,,92,46,2020-01-09,0.25,5,90,0,
294281,5 mins walk from Newton subway,1521514,1462518637211194506,Elizbeth,Central Region,Newton,1.31142,103.83924,Private room,32,92,131,2020-01-21,0.75,7,364,0,
344803,Budget short stay room near  EXPO,367042,1462516725725391209,Belinda,East Region,Tampines,1.34917,103.9609,Private room,15,92,60,2023-08-01,0.34,5,364,0,
369141,5mins from Newton Train Station,1521514,1462518637211194506,Elizbeth,Central Region,Newton,1.31144,103.83784,Private room,,92,81,2020-01-04,0.52,7,364,0,
369145,5 mins walk from Newton MRT,1521514,1462518637211194506,Elizbeth,Central Region,Newton,1.31129,103.83788,Private room,26,92,163,2020-01-10,0.94,7,364,0,
4069756,DORMS - In the heart of Chinatown!,17526618,1463012202233841988,Royal,Central Region,Outram,1.283,103.84344,Hotel room,11,92,20,2019-11-19,0.14,4,364,0,
4211375,Near NTU Amazing Balcony room just above MRT,12318187,1462884976142785096,Mia,West Region,Jurong West,1.34113,103.70552,Private room,28,92,0,,,2,362,0,
4271250,City Ctr_RiverValley/GreatWorldCity,22176293,1462620412226615803,Yong Xing,Central Region,Tanglin,1.29565,103.82867,Entire home/apt,48,92,170,2024-12-22,1.22,1,119,0,
4380000,Prime Orchard Master Near Somerset,11390076,1462578343890633685,Tryston,Central Region,Newton,1.30689,103.83834,Private room,22,93,8,2020-01-27,0.06,8,363,0,
4441346,Penthouse Studio w/ City & Sea View for Long Term,23053315,1462623693328219802,Chew Nam,Central Region,Kallang,1.29997,103.88536,Entire home/apt,,92,4,2020-01-31,0.03,1,0,0,
21015410,partial *Ensuite with own washer/dryer,8948251,1462791041592076946,Joey,Central Region,Kallang,1.30895,103.86149,Private room,19,92,1,2019-06-14,0.01,73,335,0,
21015787,prewar miniStudio + washer/dryer,97878860,1467178927116750945,Chess,Central Region,Kallang,1.3097,103.8617,Private room,19,92,0,,,59,335,0,
23348921,Downtown View Ensuite+livingRm (Not For Tourist),97878860,1467178927116750945,Chess,Central Region,Outram,1.28539,103.84232,Private room,,92,2,2018-06-17,0.02,59,335,0,
395191,Heritage Apartment Room near Orchard,1975201,1462583187367506541,Adi,Central Region,River Valley,1.29496,103.83575,Private room,,93,27,2017-08-07,0.17,1,83,0,
468782,Lovely Ensuite Room in Serangoon,2327208,1462523553036873093,Jerome,North-East Region,Serangoon,1.36288,103.86575,Private room,18,92,83,2025-04-27,0.48,1,364,0,
696136,Quiet ensuite room in Holland Village,1289033,1462541822739692649,Grace,Central Region,Bukit Timah,1.30938,103.79812,Private room,,92,26,2017-08-12,0.16,1,90,0,
747813,Fantastic Serviced Apartment in the Singapore CBD,3926646,1462642783643087797,Paul,Central Region,Downtown Core,1.27663,103.84498,Private room,46,92,68,2019-02-27,0.41,4,357,0,
747816,Fantastic Serviced Apartment in the Singapore CBD,3926646,1462642783643087797,Paul,Central Region,Downtown Core,1.27585,103.84597,Private room,46,92,25,2018-09-14,0.15,4,364,0,
756267,East Coast Boutique,1584407,1462519052775986600,Richard,Central Region,Marine Parade,1.30416,103.90076,Private room,,92,70,2020-10-12,0.42,4,0,0,
765579,Chinatown@doorstep: *Queenbed Rm 89C (Not Tourist),2413412,1462594434745155670,Kaurus,Central Region,Outram,1.2841,103.84253,Private room,,92,2,2019-08-11,0.01,91,335,0,
819034,Boutique 2 Bedroom Apartment,1584407,1462519052775986600,Richard,Central Region,Marine Parade,1.30492,103.90315,Entire home/apt,,92,40,2019-12-25,0.24,4,0,0,
819044,East Coast Hideaway,1584407,1462519052775986600,Richard,Central Region,Marine Parade,1.30425,103.90097,Private room,,92,70,2020-07-12,0.43,4,0,0,
833289,Warm hospitality Italian style,4360831,1462654821562540167,Laura,Central Region,Bukit Merah,1.27716,103.82299,Private room,,730,2,2019-01-25,0.02,1,364,0,
863139,EnsuiteK w Balcony view/access/chill,2413412,1462594434745155670,Kaurus,Central Region,Kallang,1.30775,103.86162,Private room,19,92,2,2016-12-27,0.02,91,364,0,
881253,Chinatown Doorstep! *Ensuite1+1 (Not for Tourist),2413412,1462594434745155670,Kaurus,Central Region,Outram,1.28485,103.84317,Private room,,92,3,2018-03-09,0.02,91,335,0,
904378,Spring ‘27 for 3 Months with Chef/Maid,4837194,1462537504503541577,Landy,Central Region,River Valley,1.30046,103.82786,Entire home/apt,83,92,34,2016-01-10,0.24,1,357,0,
962594,EnsuiteC w Balcony view/access/chill,2413412,1462594434745155670,Kaurus,Central Region,Kallang,1.30663,103.86243,Private room,23,92,2,2018-12-15,0.02,91,335,0,
982909,Amazing Sunset Home @Central Area,4723385,1462537014972841719,Yuan,Central Region,Novena,1.33389,103.83454,Private room,32,92,247,2024-07-01,1.53,1,180,0,
1024986,Super Host Apartment,5643415,1462541619033847331,Taffy,Central Region,River Valley,1.29245,103.83742,Entire home/apt,62,92,258,2022-01-14,1.67,1,364,0,
1160252,★★★LOVELY SINGLE ROOM 30 MINS TO ORCHARD ROAD★★★,2803932,1462609008199077705,Mariel,North-East Region,Serangoon,1.36207,103.8643,Private room,24,92,43,2018-05-10,0.27,1,364,0,
1242205,Large 3brm Heritage Shophouse,3589987,1462633278520247332,Sheryl,Central Region,Marine Parade,1.30907,103.9018,Entire home/apt,176,92,8,2019-06-22,0.05,1,181,0,
1261443,Great viewC Ensuite1+1@CBD/Chinatown (Not-Tourist),2413412,1462594434745155670,Kaurus,Central Region,Outram,1.28458,103.84311,Private room,,92,2,2017-05-03,0.02,91,362,0,
1363204,Chinatown at your door: Master Rm* attach bathroom,2413412,1462594434745155670,Kaurus,Central Region,Outram,1.28386,103.84238,Private room,22,92,3,2016-10-14,0.02,91,335,0,
1495386,Private room with balcony nr beach,7993224,1462746480603294165,Violet,East Region,Pasir Ris,1.37975,103.94375,Private room,25,92,10,2021-11-24,0.07,1,364,0,
1508829,Lavender QueenBed *rmFr: 5m walk MRT,2413412,1462594434745155670,Kaurus,Central Region,Kallang,1.3072,103.86359,Private room,,92,7,2021-05-23,0.05,91,335,0,
1581224,Life Impact Coaching,8408341,1462565097661081342,Gerard,Central Region,Kallang,1.31108,103.87374,Entire home/apt,41,96,0,,,1,364,0,
1615074,AweSome view! Ensuite 1+1 @Chinatown,2413412,1462594434745155670,Kaurus,Central Region,Outram,1.2841,103.84253,Private room,,92,5,2021-06-25,0.05,91,335,0,
1710048,Fireworks view8! highrise Ensuite Not4 Tourist,8948251,1462791041592076946,Joey,Central Region,Outram,1.28466,103.84255,Private room,,92,0,,,73,335,0,
1719704,kEnsuiteM1 Brickwall2 @ Chinatown/CBD,2413412,1462594434745155670,Kaurus,Central Region,Outram,1.2841,103.84253,Private room,22,92,3,2019-05-31,0.03,91,304,0,
1928296,"5 Star Room - Singapore, Thomson Rd",5092893,1462538891963540173,Sam,North-East Region,Ang Mo Kio,1.37291,103.82978,Private room,65,100,79,2018-01-01,0.52,3,364,0,
1941719,Fantastic Serviced Apartment in the Singapore CBD,3926646,1462642783643087797,Paul,Central Region,Downtown Core,1.27525,103.84524,Private room,47,92,73,2019-04-25,0.49,4,357,0,
2129215,Luxuriously Spacious Studio Apt.,7642747,1462737406099576064,Shirley,East Region,Bedok,1.31936,103.91663,Entire home/apt,80,92,368,2020-03-31,2.42,1,361,0,
2142826,Singapore Room for Rent!,9900768,1462826491134661322,David,Central Region,Novena,1.32485,103.85143,Private room,195,160,21,2016-09-30,0.15,1,180,0,
2547778,1950s cozy window singlebed room @ lavender,8948251,1462791041592076946,Joey,Central Region,Kallang,1.31117,103.86214,Private room,16,92,1,2018-06-30,0.01,73,335,0,
3034137,Cozy 1 BD linked to MRT (Heartland),4422603,1462535491625224080,Rosanna,North-East Region,Hougang,1.35956,103.88423,Private room,29,92,9,2019-07-27,0.06,1,361,0,
3304326,"Furnishied Room Near Airport, Changi BizPark, SUTD",16689958,1462992726656209019,S,East Region,Tampines,1.34972,103.96201,Private room,25,92,8,2018-06-02,0.06,1,361,0,
3382337,Central Loft-Style Shophouse,9827707,1462824560351261942,Augustus,North-East Region,Serangoon,1.3441706894051144,103.87200225981638,Entire home/apt,56,92,0,,,1,173,0,
3667894,Chinatown at your door: Master Rm attach bathroom,2413412,1462594434745155670,Kaurus,Central Region,Outram,1.28424,103.84275,Private room,22,92,2,2019-10-29,0.02,91,335,0,
4054698,DORMS - In the heart of Chinatown!,17526618,1463012202233841988,Royal,Central Region,Outram,1.28268,103.84463,Hotel room,12,92,49,2020-01-01,0.35,4,364,0,
4499317,Heritage Collection on Seah Premium Loft,23336011,1465271884616547411,Heritage,Central Region,Downtown Core,1.2959359884262085,103.85489654541016,Entire home/apt,114,2,298,2026-05-23,2.11,71,359,19,S0448
4541183,Boat Quay Studio Premium River View (South bridge),23336011,1465271884616547411,Heritage,Central Region,Singapore River,1.2884149551391602,103.84928131103516,Entire home/apt,159,6,376,2026-06-26,2.67,71,361,40,Authorised Serviced Apartment
4619928,"1970s Bunkbed Private RoomA, no-sharing",8948251,1462791041592076946,Joey,Central Region,Geylang,1.31563,103.88285,Private room,22,92,3,2016-09-12,0.02,73,335,0,
4712676,B&B Homestay- Deluxe Room with SEALY-King Bed,24353373,1465286976409959262,Jeff Pereira,North-East Region,Ang Mo Kio,1.36747,103.83865,Private room,23,92,4,2024-12-03,0.03,1,364,0,
4741630,Balcony View Ensuite @ lowrise heritage apartment,8948251,1462791041592076946,Joey,Central Region,Kallang,1.30793,103.86276,Private room,23,92,1,2016-12-18,0.01,73,335,0,
4862396,Hougang MRT Modern Master Bedroom 3F Rear,17916952,1463031924456391234,Lee,North-East Region,Hougang,1.37047,103.89101,Private room,,100,0,,,1,89,0,Exempt
4863317,highrise heritage queenbed RmA1 (Not TOurist),8948251,1462791041592076946,Joey,Central Region,Outram,1.28511,103.84249,Private room,,92,1,2016-12-01,0.01,73,335,0,
4869221,Fireworks view* Ensuite+LivingRm (Not for Tourist),8948251,1462791041592076946,Joey,Central Region,Outram,1.28563,103.84212,Private room,,92,2,2018-02-01,0.02,73,335,0,
4926170,Room 4B in Terrace House @ Thomson Village,25375339,1465341321925717069,シン,Central Region,Bishan,1.3529867361281518,103.83157735089837,Private room,22,92,3,2020-02-14,0.03,12,364,0,
4973227,Boat Quay Studio Apartment (South bridge Wing),23336011,1465271884616547411,Heritage,Central Region,Singapore River,1.2884149551391602,103.84928131103516,Entire home/apt,174,6,184,2026-02-07,1.34,71,358,4,Authorised Serviced Apartment
4989903,HVIr2-Holland Village Condo,25185912,1465337655575621217,Rebekah,Central Region,Bukit Timah,1.31262,103.79717,Private room,25,92,6,2025-05-18,0.04,18,364,0,
5040689,Exquisite & cosy room for rental,11463785,1462865339356276256,Dianne,North-East Region,Ang Mo Kio,1.37165,103.82881,Private room,15,92,5,2023-08-10,0.05,9,363,0,
5052014,Modern Serviced Studio in CBD w MRT,13468566,1462586490802398761,Andy,Central Region,Outram,1.27428,103.84133,Entire home/apt,154,6,16,2026-02-18,0.12,12,347,2,Authorised Serviced Apartment
5116961,ROOM in magazine-featured apt,4430782,1462657303593665358,Ethan,Central Region,Bukit Merah,1.28366,103.83188,Private room,44,92,1,2015-06-08,0.01,1,263,0,
5129422,Master Rm A3 nr MRT/CBP/CGH/SUTD/Boeing & SIA,4705949,1462536918816096296,Kit,East Region,Bedok,1.33042,103.94627,Private room,,93,58,2020-03-27,0.44,2,90,0,
5186159,Master Room B1 nr MRT/CBP/CGH/SUTD/Airport/SIA,4705949,1462536918816096296,Kit,East Region,Bedok,1.33011,103.94666,Private room,,93,72,2020-07-14,0.53,2,90,0,
5233415,Furnished CBD Studio near MRT with Housekeeping,13468566,1462586490802398761,Andy,Central Region,Bukit Merah,1.27619,103.84074,Entire home/apt,154,6,37,2026-06-09,0.29,12,304,11,Authorised Serviced Apartment
5253599,Exquisite Balinese studio for rent,11463785,1462865339356276256,Dianne,Central Region,Kallang,1.3171,103.85742,Entire home/apt,37,92,11,2024-09-06,0.08,9,364,0,
5339318,2br Orchard Rd condo on Sophia Hill,2235699,1462589796465856935,Yin,Central Region,Rochor,1.30358,103.84575,Entire home/apt,,92,2,2015-11-09,0.02,2,364,0,
5446857,Large & Luxury Serviced Studio in CBD/MRT,13468566,1462586490802398761,Andy,Central Region,Bukit Merah,1.27626,103.84073,Entire home/apt,188,6,10,2026-02-12,0.10,12,302,5,Authorised Serviced Apartment
5448209,"CBD Serviced Studio: spacious, housekeeping, MRT",13468566,1462586490802398761,Andy,Central Region,Bukit Merah,1.2744,103.84063,Entire home/apt,179,6,22,2026-04-26,0.17,12,360,7,Authorised Serviced Apartment
5464246,"1min walk to MRT, 1Double Bed for 1-2px,Quiet&Cosy",26899710,1465384494432014159,Sebastian,Central Region,Geylang,1.32812,103.88436,Private room,,92,11,2020-01-26,0.09,2,0,0,
5494971,Grand En Suite 2 Near Orchard,28489587,1465420415404104918,Anita & David,Central Region,Novena,1.31778,103.84769,Private room,41,92,208,2020-02-23,1.52,1,364,0,
5529062,600sqft New York Bachelor Suite. SG,28378691,1465418920886402500,Leon,Central Region,Bukit Merah,1.27513,103.83581,Entire home/apt,169,92,0,,,1,364,0,
5551665,"HVIr1-Holland Village Condo, 1 min away from MRT",25185912,1465337655575621217,Rebekah,Central Region,Bukit Timah,1.31269,103.79714,Private room,25,92,15,2021-09-12,0.11,18,363,0,
5573458,"Amazing MasterBed Room, mins to MRT",28809566,1465424926823184624,Property,North Region,Sembawang,1.44061,103.82386,Private room,76,92,3,2017-07-06,0.02,5,363,0,
5634851,Beautiful Balinese studio,11463785,1462865339356276256,Dianne,Central Region,Kallang,1.31486,103.85689,Entire home/apt,32,92,2,2023-08-01,0.01,9,363,0,
5698633,6-Star 5 Bedrooms Waterfront  Condo,29353566,1465432313570721942,Danielle,Central Region,Downtown Core,1.27989,103.85299,Entire home/apt,,92,0,,,1,90,0,
5798211,The Studio Suite,30080617,1465443015782407519,Eddie,East Region,Tampines,1.34571,103.96073,Private room,22,92,151,2019-07-10,1.13,6,364,0,
5827713,The Private Sanctuary,30080617,1465443015782407519,Eddie,East Region,Tampines,1.3464,103.96256,Private room,21,92,286,2026-05-04,2.10,6,364,1,
5827998,The Lily Room,30080617,1465443015782407519,Eddie,East Region,Tampines,1.3446,103.96223,Private room,21,92,296,2019-06-28,2.17,6,244,0,
5889741,Entire Home in the Heart of City,274002237,1487959781014944064,Eugene,Central Region,Rochor,1.30153,103.85344,Entire home/apt,49,92,212,2025-01-01,1.55,1,195,0,
5919270,The Antiquity Room,30080617,1465443015782407519,Eddie,East Region,Tampines,1.346,103.9626,Private room,23,92,248,2022-01-20,1.82,6,306,0,
6020248,"Room with attached bathroom, 1min to Holland V MRT",25185912,1465337655575621217,Rebekah,Central Region,Bukit Timah,1.31132,103.79736,Private room,32,92,7,2018-10-02,0.05,18,364,0,
6261313,"HVIr5 -Holland Village Condo, 1 min from HV MRT",25185912,1465337655575621217,Rebekah,Central Region,Bukit Timah,1.31107,103.79687,Private room,26,92,10,2019-09-15,0.07,18,364,0,
6287204,Simple & Cozy 1 BD resort-like apt,32683666,1465479276446354658,Quinn,North Region,Woodlands,1.43012,103.78434,Entire home/apt,,92,10,2019-07-01,0.08,1,83,0,
6300577,"1Min walk to MRT, Ensuite Studio Room for 1 person",26899710,1465384494432014159,Sebastian,Central Region,Geylang,1.32874,103.88439,Private room,36,92,25,2021-12-09,0.19,2,364,0,
6317686,highrise EnsuiteM1A + attach bathrm (Non-Tourist),8948251,1462791041592076946,Joey,Central Region,Outram,1.2841,103.84253,Private room,21,92,1,2016-11-03,0.01,73,335,0,
6352827,Lor 17 L3R1 Masterbed room w private toilet,33096269,1465484591658758229,E C,Central Region,Geylang,1.31192,103.87922,Private room,,92,128,2022-01-16,1.13,11,90,0,
6453321,Balinese room for rent,11463785,1462865339356276256,Dianne,North-East Region,Ang Mo Kio,1.36973,103.82847,Private room,15,92,2,2024-01-21,0.02,9,241,0,
6529707,Room 1 - Affordable room near the university,33003286,1465483353997747964,Suan Khim,West Region,Clementi,1.29575,103.76707,Private room,,92,42,2026-05-31,0.31,2,117,2,Authorised Serviced Apartment
6547248,Stay at Bukit Timah natural reserve,5556667,1462541227067266332,David,Central Region,Bukit Timah,1.34507,103.76804,Private room,26,92,1,2018-01-22,0.01,1,364,0,
6603464,"Amazing Suite-room, mins to MRT (3)",28809566,1465424926823184624,Property,North Region,Sembawang,1.44167,103.82376,Private room,49,92,9,2019-08-31,0.07,5,363,0,
6620261,Cozy Hotel Style Studio(with Pool),34649530,1465510661554009034,Prim,Central Region,Novena,1.32419,103.85252,Entire home/apt,56,120,3,2019-07-10,0.03,5,180,0,
6693516,Modern Minimalistic Studio,33944993,1465496079913935579,Melissa,East Region,Bedok,1.31688,103.90906,Entire home/apt,,180,9,2018-08-08,0.07,1,0,0,
6831622,Cozy 1BR condo 20min to downtown!,437092,1462518407091760493,Aloysius,Central Region,Queenstown,1.30613,103.78094,Entire home/apt,,92,23,2019-10-17,0.17,1,0,0,
6837947,Flat for Rent,35833085,1465530682391419138,Benedict,North-East Region,Hougang,1.38084,103.88983,Entire home/apt,,365,0,,,1,364,0,
6959265,Beautiful and cosy balinese room,11463785,1462865339356276256,Dianne,North-East Region,Ang Mo Kio,1.37155,103.83018,Private room,20,92,0,,,9,363,0,
7162659,"Nice 2+1BR condo next to MRT, Insead, NUH, Sentosa",37512810,1465561754217892469,Sean,Central Region,Queenstown,1.30423,103.784,Entire home/apt,57,93,8,2018-08-20,0.07,1,363,0,
7250709,"Queensway Cozy Room, Convenient with Nice View! 4",34649530,1465510661554009034,Prim,Central Region,Queenstown,1.28843,103.80247,Private room,,92,5,2021-06-20,0.04,5,90,0,
7250803,Lakeside En-suit/Master room.,37964493,1462676943496689143,Kingsley,West Region,Jurong East,1.33303,103.72607,Private room,23,92,27,2023-05-06,0.22,6,364,0,
7296138,Master bedroom with pool view,31583707,1465464238881463979,Catherine,Central Region,Geylang,1.31461,103.88467,Private room,23,92,27,2026-05-04,0.21,2,274,1,
7321238,"A Room with  bathroom near NTU, Boon Lay",12083856,1462581077832539270,Wendy,West Region,Jurong West,1.34265,103.71339,Private room,22,93,35,2026-02-13,0.27,2,364,1,
7398096,Master Room @EastCoast - Bright Clean Cosy,38761662,1462679423658140878,Isolda,East Region,Bedok,1.31401,103.91057,Private room,,92,22,2017-01-02,0.17,1,90,0,
7399281,Simple room at Dover Clementi !,13093432,1462902950793281494,Matthew,Central Region,Queenstown,1.30637,103.78169,Private room,24,92,0,,,1,180,0,
7466596,Beautiful balinese loft for rent,11463785,1462865339356276256,Dianne,Central Region,Kallang,1.31519,103.85735,Entire home/apt,43,92,0,,,9,363,0,
7653937,Lavender DoubleBed rmA*2: 5m walk MRT,2413412,1462594434745155670,Kaurus,Central Region,Kallang,1.3073,103.86344,Private room,19,92,1,2016-08-05,0.01,91,335,0,
7667016,1960s Queenbed RmA2 @ lavender bugis,8948251,1462791041592076946,Joey,Central Region,Kallang,1.30751,103.86163,Private room,19,92,2,2018-01-06,0.02,73,335,0,
7720994,Beautiful Balinese studio for rent,11463785,1462865339356276256,Dianne,Central Region,Kallang,1.31555,103.85649,Entire home/apt,35,92,2,2017-06-20,0.02,9,363,0,
7776711,Cozy Low Priced Room in Quiet Convenient Queensway,34649530,1465510661554009034,Prim,Central Region,Queenstown,1.28872,103.80408,Private room,,92,0,,,5,89,0,
7905972,Private room in Katong (near town),12422759,1462887396019358291,Christine,Central Region,Marine Parade,1.30634,103.90207,Private room,33,92,4,2019-09-23,0.03,1,364,0,
7927886,Cosy Lakeside Common room,37964493,1462676943496689143,Kingsley,West Region,Jurong East,1.33433,103.727,Private room,21,92,31,2023-01-20,0.24,6,364,0,
7946472,1960s singlebed *RmA @ lavender bugis.,8948251,1462791041592076946,Joey,Central Region,Kallang,1.30743,103.86305,Private room,16,92,1,2016-12-07,0.01,73,335,0,
7994039,1960s queenbed Rm*1 @ lavender bugis,8948251,1462791041592076946,Joey,Central Region,Kallang,1.30928,103.86342,Private room,16,92,2,2016-05-09,0.02,73,335,0,
8004063,Lavender Doublebed rmA* (3min:MRT>CBD:3min),2413412,1462594434745155670,Kaurus,Central Region,Kallang,1.3075,103.86268,Private room,16,92,8,2018-02-15,0.06,91,335,0,
8007663,Lavender DoubleBed rmA2: 5m walk MRT,2413412,1462594434745155670,Kaurus,Central Region,Kallang,1.30627,103.86415,Private room,15,92,3,2016-11-17,0.02,91,335,0,
8017511,3 bedroom apt beside Kembangan MRT.,22595027,1463183612511330433,Tiffany,East Region,Bedok,1.32162,103.91466,Entire home/apt,75,92,33,2020-01-19,0.27,1,364,0,
8038199,Heritage Collection on Seah Loft,23336011,1465271884616547411,Heritage,Central Region,Downtown Core,1.2958070039749146,103.85450744628906,Entire home/apt,114,1,258,2026-06-16,2.01,71,349,20,S0448
8111502,Cozy Studio Room in Landed house(8) with services,24496358,1465305327734698378,Katherine,East Region,Bedok,1.31713,103.91314,Private room,,92,8,2019-12-09,0.06,53,0,0,
8111607,Superior studio room in house(7) with services,24496358,1465305327734698378,Katherine,East Region,Bedok,1.31756,103.91254,Private room,35,92,1,2021-08-31,0.02,53,184,0,
8113569,Premium Single Room with services (1),24496358,1465305327734698378,Katherine,East Region,Bedok,1.31716,103.91232,Private room,23,92,6,2024-09-02,0.05,53,364,0,
8113712,Premium Double Room with services (2),24496358,1465305327734698378,Katherine,East Region,Bedok,1.31893,103.91257,Private room,26,92,7,2023-01-17,0.07,53,151,0,
8113821,Premium Double Room with services (3),24496358,1465305327734698378,Katherine,East Region,Bedok,1.31716,103.91259,Private room,26,92,6,2022-01-16,0.05,53,324,0,
8113893,Premium Double Room with services (4),24496358,1465305327734698378,Katherine,East Region,Bedok,1.31696,103.91394,Private room,27,92,9,2022-03-07,0.07,53,212,0,
8113936,Premium Double Room with services (5),24496358,1465305327734698378,Katherine,East Region,Bedok,1.31851,103.9123,Private room,26,92,8,2022-05-06,0.06,53,183,0,
8114003,Double En-suite Room & private bathroom (6),24496358,1465305327734698378,Katherine,East Region,Bedok,1.31855,103.91259,Private room,25,92,16,2025-10-31,0.12,53,161,1,
8160733,"1Bunkbed RmA for you only, no sharing w anyone",2413412,1462594434745155670,Kaurus,Central Region,Geylang,1.31581,103.88071,Private room,15,92,3,2016-03-15,0.02,91,335,0,
8180346,The Zen Room,30080617,1465443015782407519,Eddie,East Region,Tampines,1.3455,103.96045,Private room,21,92,203,2019-06-29,1.55,6,180,0,
8256942,"AmazinMasterBed Room, mins to MRT (2)",28809566,1465424926823184624,Property,North Region,Sembawang,1.44162,103.82343,Private room,45,92,6,2018-06-29,0.05,5,363,0,
8508225,Marina Bay Iconic Luxury 1-Bed Apt,4604183,1462661294174429482,Sam,Central Region,Downtown Core,1.28172,103.85193,Entire home/apt,83,92,33,2023-09-01,0.25,1,173,0,
8800763,Quaint & Chic Soho (Long Stay),46116154,1465688827494128610,Joyce,Central Region,Marine Parade,1.3072,103.90167,Private room,,92,214,2018-10-08,1.64,1,0,0,
8890247,Private room- 4 bed (Shared toilet),46515276,1465696670861620348,Ark,Central Region,Kallang,1.31131,103.87242,Private room,,365,45,2020-03-03,0.35,12,364,0,
9032240,highrise *EnsuiteM1 + attached toilet & shower,8948251,1462791041592076946,Joey,Central Region,Outram,1.28417,103.84249,Private room,25,92,1,2015-12-05,0.01,73,304,0,
9216943,Single Master Room Near MRT,47682311,1462707443123656201,Apple,West Region,Bukit Batok,1.34842,103.74679,Private room,97,92,25,2018-10-17,0.20,4,270,0,
9268058,Private room- 5 bed (Shared toilet),46515276,1465696670861620348,Ark,Central Region,Kallang,1.30959,103.87369,Private room,,365,34,2020-02-02,0.27,12,364,0,
9268500,Private room- 6 bed (Shared toilet),46515276,1465696670861620348,Ark,Central Region,Kallang,1.30975,103.87248,Private room,42,92,8,2020-02-09,0.07,12,364,0,
9268680,Private room- 7 bed (Shared toilet),46515276,1465696670861620348,Ark,Central Region,Kallang,1.31106,103.87212,Private room,42,92,15,2019-07-20,0.12,12,364,0,
9269260,Private room- 8 bed (Shared toilet),46515276,1465696670861620348,Ark,Central Region,Kallang,1.31103,103.87422,Private room,45,92,9,2020-02-11,0.07,12,364,0,S0307
9269637,Private room- 8 bed (Privatetoilet),46515276,1465696670861620348,Ark,Central Region,Kallang,1.31161,103.8741,Private room,57,92,1,2016-05-31,0.01,12,364,0,
9269848,Private room- 7 bed (Privatetoilet),46515276,1465696670861620348,Ark,Central Region,Kallang,1.30976,103.87371,Private room,45,92,4,2020-02-18,0.04,12,364,0,
9269981,4 Private rooms - 16 bed (extra pax pro-rated),46515276,1465696670861620348,Ark,Central Region,Kallang,1.31017,103.87419,Private room,82,92,7,2019-11-12,0.06,12,364,0,
9320962,Sea view room with private bath,25151260,1465336999240909230,Antonio,East Region,Bedok,1.31036,103.93592,Private room,20,92,95,2021-12-17,0.74,1,296,0,
9351647,Simple common room near MRT,47682311,1462707443123656201,Apple,West Region,Bukit Batok,1.35165,103.75409,Private room,32,92,8,2018-06-11,0.07,4,364,0,
9397355,Highrise heritage Doublebed Rm (Non-Tourist),8948251,1462791041592076946,Joey,Central Region,Outram,1.28393,103.84335,Private room,,92,0,,,73,335,0,
9398808,Tiong Bahru Experience,45955773,1465686389666003679,Jye,Central Region,Bukit Merah,1.28549,103.83457,Entire home/apt,77,92,0,,,1,364,0,
9532788,Chinatown: In the Heart of the City,49380207,1465752880388403305,Ong,Central Region,Outram,1.28276,103.8433,Private room,29,92,206,2020-03-12,1.61,7,363,0,
9635192,Nice and cozzy room without window.,49380207,1465752880388403305,Ong,Central Region,Outram,1.2832,103.84217,Private room,22,92,187,2020-01-28,1.45,7,364,0,
9746208,CityLiving Chinatown,49380207,1465752880388403305,Ong,Central Region,Outram,1.28488,103.84215,Private room,32,92,157,2021-12-19,1.23,7,270,0,
9828451,"Lovely, cosy room in heart of city!",2594443,1462599682920859702,May,Central Region,Novena,1.31656,103.83964,Private room,25,92,10,2022-10-07,0.08,1,357,0,
9857050,Entire apt with balcony & pool,31583707,1465464238881463979,Catherine,Central Region,Geylang,1.31457,103.8865,Entire home/apt,,92,2,2016-10-25,0.02,2,92,0,
9872354,Suite Room 301 Between Airport & City,7948331,1462745316688347462,Stephanie & KT,Central Region,Marine Parade,1.30658,103.90134,Private room,21,100,33,2020-01-23,0.29,1,245,0,
9887900,"2 bedroom condo, high floor",28895367,1465426012229256030,Esther Ying,North-East Region,Sengkang,1.39156,103.87852,Entire home/apt,46,92,13,2017-02-19,0.10,1,158,0,
9942594,Cozy Room in Queensway with a view (Room 3),34649530,1465510661554009034,Prim,Central Region,Queenstown,1.28686,103.80238,Private room,14,180,0,,,5,364,0,
9986864,Cosy room in the heart of Singapore,51312096,1465801180447188792,Christian,Central Region,Marine Parade,1.2983,103.89036,Private room,56,92,2,2016-01-11,0.02,1,363,0,
10210475,"Amazing Masterbed Room, mins to MRT",28809566,1465424926823184624,Property,North Region,Sembawang,1.44165,103.82416,Private room,75,92,0,,,5,364,0,
10427701,highrise Ensuite attached bathroom @chinatown *9m1,8948251,1462791041592076946,Joey,Central Region,Outram,1.284,103.84346,Private room,22,92,2,2019-06-08,0.02,73,335,0,
10440235,"1970s Bunkbed Private RoomAR, no-sharing",8948251,1462791041592076946,Joey,Central Region,Geylang,1.31497,103.8837,Private room,16,92,0,,,73,335,0,
10626378,Junior room next to bencoolen station,11390076,1462578343890633685,Tryston,Central Region,Museum,1.29784,103.85038,Private room,17,93,15,2024-06-03,0.12,8,363,0,
10668368,Serviced Terrace in Tanah Merah,34707342,1465511656857720670,Chloe,East Region,Bedok,1.3319511085851934,103.94630090725458,Entire home/apt,50,92,0,,,3,364,0,
10669564,"Birthday, Parties, Corporate event @ Meat n chill",48396836,1465732495063124474,Shawn,Central Region,Bukit Timah,1.33051,103.7949,Entire home/apt,143,92,0,,,1,180,0,Authorised Serviced Apartment
10708117,Cheap partition room near the city,44703717,1465663587367970943,Ivan,Central Region,Novena,1.32334,103.85306,Private room,18,92,0,,,1,364,0,
11411739,For Singles or Couples,59882845,1466727150700134428,Astralyn,East Region,Bedok,1.31038,103.90994,Private room,,92,197,2026-02-27,1.59,1,89,4,Exempt
11465411,One Bedroom near Holland Village / Orchard Road,10756571,1462848891100530652,Jason,Central Region,Queenstown,1.30234,103.79982,Private room,,92,39,2020-01-13,0.34,1,0,0,
11496278,靠近国大、NTU 学生公寓 长期,52494253,1462723147514673538,Liu,West Region,Choa Chu Kang,1.39857,103.74785,Private room,,92,4,2016-08-08,0.03,2,0,0,
11581560,Sky Suite & Apartment @ Marina Bay,61230299,1466753726278361428,Sky,Central Region,Downtown Core,1.28028,103.85184,Entire home/apt,84,92,9,2021-11-30,0.09,1,363,0,
11660178,Modern & big private studio room at top floor,24496358,1465305327734698378,Katherine,East Region,Bedok,1.32332,103.91659,Private room,45,92,6,2020-07-05,0.07,53,227,0,
11679272,Deluxe serviced apartment-Modern studio room EZS-2,24496358,1465305327734698378,Katherine,East Region,Bedok,1.32337,103.91468,Private room,40,92,0,,,53,255,0,
11679463,Deluxe serviced apartment-one bedroom studio EZS3,24496358,1465305327734698378,Katherine,East Region,Bedok,1.32381,103.91678,Private room,41,92,8,2020-08-19,0.09,53,322,0,
11760026,Large Room with a Tropical view Queensway (Room 2),34649530,1465510661554009034,Prim,Central Region,Queenstown,1.28783,103.80346,Private room,,92,2,2021-04-03,0.02,5,90,0,
11860123,Ensuite with Balcony (min 3 months),63217724,1466780385801229091,Kristin,East Region,Pasir Ris,1.35918,103.96966,Private room,20,92,68,2017-04-07,0.54,1,181,0,
11980197,Cozy room,63152849,1466779575875135359,Joey,North-East Region,Punggol,1.40088,103.91,Private room,23,92,71,2020-01-16,0.59,1,362,0,
12162272,"Great location. A spacious, well equipped home.",65322694,1466807845398469940,Angelina,Central Region,Kallang,1.29896,103.86146,Entire home/apt,53,92,256,2023-06-05,2.10,1,275,0,
12213801,Chinatown doorstep Private RoomA (Not for Tourist),2413412,1462594434745155670,Kaurus,Central Region,Outram,1.28567,103.8416,Private room,,92,1,2016-06-30,0.01,91,335,0,
12261620,Fresh & modern 2 bedroom suite opposite NTU,4673970,1462662986728553362,Pamela,West Region,Jurong West,1.34185,103.68736,Entire home/apt,44,92,0,,,2,296,0,
12317780,Private Room in my spare room,66443986,1466821092490755906,Andrew,West Region,Bukit Panjang,1.37772,103.77431,Private room,94,92,1,2016-07-13,0.01,1,357,0,
12367245,Single Capsule For 1,65679130,1466812202319293133,Seven,Central Region,Kallang,1.31005,103.85829,Hotel room,,92,73,2022-05-28,0.60,3,0,0,
12367388,Single Capsule for 1,65679130,1466812202319293133,Seven,Central Region,Kallang,1.31005,103.85829,Hotel room,,92,156,2020-02-21,1.26,3,0,0,
12484261,"City room 5mins to Haji, near Suntec/MBS/Merlion",3234859,1462528797916035986,Sk,Central Region,Rochor,1.30249,103.86035,Private room,,92,274,2021-03-13,2.39,2,0,0,
12556334,Superior Double Room in House with services (2),68059127,1466841137906743877,Wei,East Region,Bedok,1.31693,103.91408,Private room,25,92,2,2021-10-26,0.03,50,364,0,
12702541,Cozy condo Singapore City Centre min 3 months stay,1901820,1462521067875494988,Patro,Central Region,Rochor,1.30409,103.8465,Entire home/apt,,180,26,2017-02-22,0.22,1,200,0,
12738797,Capella The Club Residences Singapore - 1 BR Suite,84411185,1467019697494837680,Darren,Central Region,Southern Islands,1.25035,103.82373,Entire home/apt,287,92,5,2017-07-09,0.04,1,357,0,
12738896,Comfy + Cozy + Convenient ensuite at AMK Ave 10,22554193,1463182638109016879,Eve,North-East Region,Ang Mo Kio,1.36741,103.85285,Private room,,92,6,2020-06-01,0.07,1,88,0,
12904788,1960s queenbed RmA*2 @ lavender bugis,8948251,1462791041592076946,Joey,Central Region,Kallang,1.30902,103.86162,Private room,16,92,2,2017-08-26,0.02,73,335,0,
13183241,Deluxe serviced apartment-Private studio room EZS7,24496358,1465305327734698378,Katherine,East Region,Bedok,1.32552,103.91456,Private room,,92,3,2019-10-31,0.03,53,81,0,
13274269,DORMS - Excellent location in Chinatown,17526618,1463012202233841988,Royal,Central Region,Outram,1.28499,103.843,Hotel room,11,92,16,2020-01-28,0.13,4,364,0,
13274598,DORMS - Excellent location in Chinatown,17526618,1463012202233841988,Royal,Central Region,Outram,1.28379,103.84399,Hotel room,10,92,17,2020-03-02,0.14,4,364,0,
13286282,"Private room next to Lakeside MRT, single size bed",60720370,1466747951357912302,Gine,West Region,Jurong West,1.34373,103.72095,Private room,,92,51,2022-03-05,0.42,1,88,0,
13317120,Budget Rm @NUS & Haw Par Villa MRT-NoWindow (302),1439258,1462518083181087528,K2Guesthouse,Central Region,Queenstown,1.28104,103.78736,Private room,179,1,9,2025-07-27,0.07,44,319,1,S0399
13396802,Large Family Room near Sentosa & NUS!,1439258,1462518083181087528,K2Guesthouse,Central Region,Queenstown,1.28049,103.78534,Private room,243,1,18,2025-10-06,0.15,44,305,2,S0399
13454638,Lovely home near Orchard Road with fantastic views,3621802,1462635065279935673,Ruchi,Central Region,Bukit Merah,1.29265,103.81667,Entire home/apt,,92,7,2018-12-23,0.06,1,0,0,
13556435,Not available,78080643,1466956614694437759,Ivy,North Region,Woodlands,1.42711,103.77369,Private room,26,92,33,2018-10-21,0.28,2,364,0,
13559548,This listing is no longer available,78080643,1466956614694437759,Ivy,North Region,Woodlands,1.42764,103.77402,Private room,18,92,7,2019-09-07,0.06,2,362,0,
13659860,Beautiful Modern 1 Bedroom Loft Apartment @CBD,10802615,1462575895410641299,Fendi,Central Region,Downtown Core,1.27872,103.84696,Entire home/apt,65,92,0,,,3,202,0,
13703898,Singapore homestay @ Pasir Ris street 51,9453430,1462814508251289705,Melissa,East Region,Pasir Ris,1.37173,103.94855,Private room,29,92,58,2021-06-01,0.52,1,270,0,
13809823,Luxurious Penthouse In City Centre 1,1170341,1462538781405652553,Jenny,Central Region,Tanglin,1.2943,103.8296,Private room,43,92,20,2023-01-07,0.17,3,363,0,
13834039,"HVIr4- Holland Village, 1 min from HV MRT",25185912,1465337655575621217,Rebekah,Central Region,Bukit Timah,1.31244,103.79747,Private room,27,92,1,2025-12-18,0.15,18,364,1,
13952292,Deluxe serviced apartment- Modern studio room EZS5,24496358,1465305327734698378,Katherine,East Region,Bedok,1.32833,103.91588,Private room,38,92,5,2021-12-24,0.05,53,241,0,
13965663,Private room - 4 bed (Shared toilet). Room 2,46515276,1465696670861620348,Ark,Central Region,Kallang,1.31124,103.87213,Private room,,365,12,2019-12-30,0.10,12,364,0,
13966783,Awesome View Room @ Chinatown. (Not For Tourist),2413412,1462594434745155670,Kaurus,Central Region,Outram,1.28338,103.84133,Private room,,92,2,2019-09-21,0.02,91,335,0,
13967083,high heritage cityview *queenbed room Not4 Tourist,8948251,1462791041592076946,Joey,Central Region,Outram,1.28309,103.84209,Private room,19,92,2,2019-02-28,0.02,73,335,0,
13967760,Modern One bedroom 2 in Luxury Serviced Apartment,68059127,1466841137906743877,Wei,East Region,Bedok,1.32522,103.91497,Private room,42,92,1,2021-05-06,0.02,50,255,0,
14020127,Condo Near Kambangan MRT,83878917,1467014557583218854,Elaine,East Region,Bedok,1.31756,103.91084,Entire home/apt,59,92,17,2018-01-02,0.14,1,243,0,
14029416,Lavender Bugis Long term Stay 3m+,2413412,1462594434745155670,Kaurus,Central Region,Kallang,1.31233,103.86331,Private room,16,92,1,2016-09-03,0.01,91,335,0,
14099732,Modern vintage terrace house,84863690,1467024307714873022,Gurbak,East Region,Tampines,1.32683,103.95444,Private room,22,92,2,2017-07-08,0.02,1,144,0,
14157765,A Place Outside the Hectic City Life of Singapore,27888612,1465411503714451284,Immanuel,West Region,Western Water Catchment,1.38534,103.73865,Private room,,183,0,,,1,0,0,
14158971,Modern en-suites room EZS-1 with pool,24496358,1465305327734698378,Katherine,East Region,Bedok,1.32547,103.91505,Private room,33,92,0,,,53,364,0,
14196212,Central Business District (Altez),10802615,1462575895410641299,Fendi,Central Region,Downtown Core,1.275,103.84334,Entire home/apt,128,92,0,,,3,357,0,
14211027,Orchard Luxury Stylish Resort 3 Bedroom.,86278590,1467038388783284372,Nicolas,Central Region,Tanglin,1.29488,103.8305,Entire home/apt,,92,43,2018-07-10,0.36,1,0,0,
14213091,Penthouse with private swimming pool in the CBD,10802615,1462575895410641299,Fendi,Central Region,Downtown Core,1.27526,103.84462,Entire home/apt,226,92,0,,,3,357,0,
14226426,A Slice of Heritage in the City/Cutler Suite,84590945,1467021525583046210,Syafiqah,Central Region,Downtown Core,1.28341,103.85075,Entire home/apt,,1,2,2022-01-01,0.02,4,0,0,M0042
14226658,A Slice of Heritage in the City/Collyer Suite,84590945,1467021525583046210,Syafiqah,Central Region,Downtown Core,1.28146,103.85122,Entire home/apt,,1,1,2017-02-27,0.01,4,0,0,M0042
14293554,Classic master room,11390076,1462578343890633685,Tryston,Central Region,Toa Payoh,1.34232,103.84138,Private room,117,4,4,2019-07-09,0.03,8,87,0,Exempt
14407337,Chinatown doorstep Queenbed Room (Not For Tourist),2413412,1462594434745155670,Kaurus,Central Region,Outram,1.28382,103.84339,Private room,,92,1,2017-09-10,0.01,91,335,0,
14435012,"HVIr3- Holland Village Condo, 1 min from MRT",25185912,1465337655575621217,Rebekah,Central Region,Bukit Timah,1.31284,103.79736,Private room,24,92,5,2024-08-21,0.05,18,364,0,
14530157,65m2 cozy condo with pool near Paya Lebar MRT,3162951,1462620763494647797,Nicolas,Central Region,Geylang,1.3147,103.89289,Entire home/apt,,365,9,2020-01-02,0.08,1,0,0,
14558461,Deluxe serviced apartment-Private studio room EZS4,24496358,1465305327734698378,Katherine,East Region,Bedok,1.32405,103.91679,Private room,,92,1,2022-11-21,0.02,53,17,0,
14577360,kEnsuiteC Brickwall* @ Chinatown/CBD,2413412,1462594434745155670,Kaurus,Central Region,Outram,1.2841,103.84253,Private room,26,92,2,2018-07-23,0.02,91,335,0,
14582945,Room C,47682311,1462707443123656201,Apple,West Region,Bukit Batok,1.34757,103.74873,Private room,32,92,1,2016-12-25,0.01,4,364,0,
14583967,"Lavender Semi-EnsuiteC*, 5 min to MRT",2413412,1462594434745155670,Kaurus,Central Region,Kallang,1.31001,103.86278,Private room,19,92,4,2021-03-31,0.03,91,335,0,
14901562,"1960s Loftbed Rm*A1, lavender bugis",8948251,1462791041592076946,Joey,Central Region,Kallang,1.30805,103.86338,Private room,13,92,1,2017-02-25,0.01,73,335,0,
14902239,"Lavender Queenbed, 4min lavender MRT, 2min  Bugis",2413412,1462594434745155670,Kaurus,Central Region,Kallang,1.30998,103.86369,Private room,16,92,1,2017-03-11,0.01,91,335,0,
14953906,Chinatown your9 doorstep: Private RoomA,2413412,1462594434745155670,Kaurus,Central Region,Outram,1.28359,103.84242,Private room,,92,2,2016-12-09,0.02,91,335,0,
15100514,Amazing Holiday Condo Apartment -min walk to 3 MRT,21149720,1463147851080161131,Mike,Central Region,Kallang,1.31297,103.85998,Entire home/apt,93,92,2,2018-03-18,0.02,1,364,0,Authorised Serviced Apartment
15229173,"Hawaii style resort, near the city.",29131068,1465429276814687691,Henry,East Region,Bedok,1.31163,103.93572,Private room,41,92,0,,,2,364,0,
15238692,Cosy master room for rent with ensuite bathroom,41875762,1465622998050681527,Yew Chin,West Region,Jurong West,1.34313,103.68921,Private room,,180,0,,,1,0,0,
15274648,Shophouse Apartment - Large One Bedroom,1584407,1462519052775986600,Richard,Central Region,Marine Parade,1.30494,103.90306,Entire home/apt,,92,11,2020-01-29,0.10,4,0,0,
15310627,4 Star CBD Soho Apartment Tanjong Pagar MRT,30613375,1462652191619180776,Qing,Central Region,Outram,1.27703,103.8437,Entire home/apt,63,92,70,2026-01-03,0.59,2,269,2,
15364942,Expat's choice ! En-suites room 3,24496358,1465305327734698378,Katherine,East Region,Bedok,1.31675,103.91272,Private room,26,92,8,2024-04-30,0.07,53,324,0,
15365213,Expat's choice! En-suites room with shared pool,24496358,1465305327734698378,Katherine,East Region,Bedok,1.32534,103.91517,Private room,48,92,0,,,53,364,0,
15367409,"postwar singlebed rm*Ba, 3min to aljunied mrt",97878860,1467178927116750945,Chess,Central Region,Geylang,1.31552,103.88215,Private room,16,92,4,2020-12-04,0.03,59,335,0,
15389076,Cozy private room near Lakeside MRT,78364359,1462822132913234596,Tony,West Region,Jurong West,1.34421,103.71932,Private room,25,92,22,2024-04-10,0.23,1,357,0,
15402563,#Happy holiday family hotel 7,42655674,1465633747339597197,Paul,North-East Region,Ang Mo Kio,1.37099,103.8551,Entire home/apt,77,92,0,,,1,364,0,
15406706,Lavender DoubleBed rm*ML: 5m walk MRT,2413412,1462594434745155670,Kaurus,Central Region,Kallang,1.31053,103.86075,Private room,16,92,1,2018-04-17,0.01,91,335,0,
15441196,Lavender DoubleBed RmT*: 5m walk MRT,2413412,1462594434745155670,Kaurus,Central Region,Kallang,1.30983,103.86232,Private room,19,92,6,2021-08-31,0.05,91,335,0,
15454153,2 Bedroom Fully furnished apartment (Flora Drive),2327574,1462592134731740621,Juliana,East Region,Pasir Ris,1.3547,103.96662,Entire home/apt,48,92,20,2025-04-29,0.18,3,153,0,
15487894,prewar doublebed RmA* > lavender MRT,97878860,1467178927116750945,Chess,Central Region,Kallang,1.3085,103.86112,Private room,18,92,2,2017-07-16,0.02,59,335,0,
15508557,Room D,47682311,1462707443123656201,Apple,West Region,Bukit Batok,1.34724,103.74834,Private room,28,92,5,2017-07-22,0.04,4,364,0,
15538540,Aljunied Queenbed roomA > 5min MRT > CBD 15 mins,2413412,1462594434745155670,Kaurus,Central Region,Geylang,1.31548,103.8821,Private room,17,92,1,2016-10-17,0.01,91,335,0,
15539906,"Near city, bright & clean private room",97397042,1462864734944876701,Siew Yin,Central Region,Kallang,1.31982,103.85761,Private room,,180,0,,,1,0,0,
15589669,3 Bedroom Fully furnished apartment (Simei MRT),2327574,1462592134731740621,Juliana,East Region,Tampines,1.34358,103.95383,Entire home/apt,52,92,4,2020-01-30,0.03,3,213,0,
15656782,Mini Studio Villa (10 minutes to bus-stop & MRT),11390076,1462578343890633685,Tryston,Central Region,Bukit Timah,1.331,103.80625,Entire home/apt,,365,33,2022-05-04,0.29,8,364,0,
15722252,夏威夷式度假公寓,29131068,1465429276814687691,Henry,East Region,Bedok,1.31204,103.93769,Private room,37,92,0,,,2,364,0,
15773382,Private Apartment in Novena,102007408,1467224145554117609,Geo,Central Region,Novena,1.32257,103.84395,Private room,23,92,2,2020-02-06,0.02,1,270,0,
15775439,1BR in Nice Condo near MRT,6689302,1462546818142111207,Soh,West Region,Bukit Panjang,1.37466,103.76596,Private room,,92,2,2020-07-09,0.03,1,36,0,
15792137,Chinatown Single No window,23336011,1465271884616547411,Heritage,Central Region,Outram,1.2826809883117676,103.8457260131836,Entire home/apt,100,1,173,2026-01-02,1.49,71,358,15,S0457
15792808,Chinatown Studio No window,23336011,1465271884616547411,Heritage,Central Region,Outram,1.2826809883117676,103.8457260131836,Entire home/apt,124,2,264,2026-06-04,2.28,71,357,23,S0457
15813099,Newton -few minutes from Orchard Road,1521514,1462518637211194506,Elizbeth,Central Region,Newton,1.30933,103.84064,Entire home/apt,,92,1,2016-12-31,0.01,7,90,0,
15933531,"Chinatown Queenbed cityview room, MRT walk 1min",2413412,1462594434745155670,Kaurus,Central Region,Outram,1.283,103.84175,Private room,,92,1,2017-03-03,0.01,91,335,0,
15965563,Common room near Gek Poh Shopping Center,103692249,1467244876348681665,Meganathan,West Region,Jurong West,1.34679,103.69814,Private room,7,180,1,2018-11-21,0.01,1,296,0,
15991345,Cozy room in Newton,1521514,1462518637211194506,Elizbeth,Central Region,Newton,1.31268,103.83774,Private room,27,92,28,2020-01-12,0.24,7,364,0,
16006904,Quiet Room in Newton,1521514,1462518637211194506,Elizbeth,Central Region,Newton,1.3114,103.83911,Private room,29,92,12,2020-01-31,0.12,7,364,0,
16007139,Room with a balcony,1521514,1462518637211194506,Elizbeth,Central Region,Novena,1.31234,103.84297,Private room,32,92,12,2019-12-30,0.11,7,364,0,
16044788,Loft studio at Orchard Rd,11390076,1462578343890633685,Tryston,Central Region,Newton,1.30641,103.84045,Private room,22,93,14,2020-01-01,0.12,8,362,0,
16110969,FAMILY SUITE FOR 10 (Free Breakfast),65679130,1466812202319293133,Seven,Central Region,Kallang,1.31005,103.85829,Private room,,92,9,2019-11-03,0.08,3,0,0,
16118606,Cosy Balinese studio in town,11463785,1462865339356276256,Dianne,Central Region,Kallang,1.31721,103.85684,Entire home/apt,,92,15,2020-10-04,0.13,9,0,0,
16149105,Modern One bedroom 3 in Luxury Serviced Apartment,68059127,1466841137906743877,Wei,East Region,Bedok,1.32373,103.91641,Private room,42,92,1,2018-12-01,0.01,50,324,0,
16149534,Luxury Serviced Apartment - Cozy Studio Room 5,68059127,1466841137906743877,Wei,East Region,Bedok,1.32516,103.91487,Private room,38,92,0,,,50,241,0,
16149684,Modern & Big One bedroom 8 at topfloor in bungalow,68059127,1466841137906743877,Wei,East Region,Bedok,1.32362,103.9146,Private room,52,92,1,2020-01-01,0.01,50,227,0,
16150227,Superior Double Room in House with services (4),68059127,1466841137906743877,Wei,East Region,Bedok,1.31844,103.91237,Private room,27,92,4,2021-09-23,0.05,50,364,0,
16150642,Superior Studio room & private bathroom/kitchen(7),68059127,1466841137906743877,Wei,East Region,Bedok,1.31703,103.91242,Private room,35,92,4,2021-11-15,0.05,50,182,0,
16155549,common room （3 minutes walking from MRT station）,91481229,1467105738302339462,Lin,Central Region,Toa Payoh,1.33514,103.85017,Private room,1298,92,0,,,1,180,0,
16185665,highrise heritage cityview queenbed room,8948251,1462791041592076946,Joey,Central Region,Outram,1.2841,103.84253,Private room,,92,0,,,73,335,0,
16209070,highrise heritage queenbed RmA (Not for Tourist),8948251,1462791041592076946,Joey,Central Region,Outram,1.2833,103.84368,Private room,,92,1,2016-12-13,0.01,73,335,0,
16213115,8 person Family Private Room(2 Double & 4 Single),46545593,1465697152635626988,Meadows,Central Region,Kallang,1.31114,103.86054,Private room,,1,25,2026-01-31,0.22,5,0,6,S0340
16220808,Lavender DoubleBed *RmWZ : 5m walk MRT,2413412,1462594434745155670,Kaurus,Central Region,Kallang,1.30768,103.8634,Private room,16,92,1,2018-06-24,0.01,91,335,0,
16243464,clean master room for vegetarian female only,106191222,1467287913078080232,Varsha,East Region,Bedok,1.328848,103.913361,Entire home/apt,21,92,0,,,1,362,0,
16260783,Deluxe Modern studio room EZS-6 with pool,24496358,1465305327734698378,Katherine,East Region,Bedok,1.3255,103.91599,Private room,31,92,5,2020-03-18,0.05,53,303,0,
16309636,Centre of Chinatown.,49380207,1465752880388403305,Ong,Central Region,Outram,1.28373,103.84347,Private room,33,92,68,2021-12-05,0.59,7,364,0,
16370834,Comfortable Chermai (BR2),5423329,1462680505807434963,Jerome,North-East Region,Serangoon,1.38703,103.87264,Private room,29,92,37,2025-06-14,0.32,2,362,0,
16424205,Luxurious Villa with Private Pool,51481829,1465805219831288816,Shulin,West Region,Bukit Batok,1.37738,103.7586,Private room,67,92,9,2017-03-19,0.08,3,357,0,
16462052,Elegant Room with Private Pool (2),51481829,1465805219831288816,Shulin,West Region,Bukit Batok,1.37723,103.75837,Private room,60,92,17,2017-06-18,0.15,3,357,0,
16477283,Elegant Room with Private Pool (1),51481829,1465805219831288816,Shulin,West Region,Bukit Batok,1.37741,103.75807,Private room,54,92,19,2017-10-04,0.16,3,357,0,
16502098,Cheap Private Rm in Cosy Home!,108417270,1467313461335810809,Nargis,East Region,Bedok,1.31889,103.91243,Private room,15,92,139,2020-02-09,1.26,3,179,0,
16519375,"Cozy, spacious room w high speed fiber internet",108476315,1467314229704867172,Jane,Central Region,River Valley,1.29732,103.8397,Private room,20,92,19,2024-10-11,0.23,3,361,0,Authorised Serviced Apartment
16552273,1960s Queenbed RmAd* @ lavender bugis,8948251,1462791041592076946,Joey,Central Region,Kallang,1.30747,103.86212,Private room,16,92,1,2018-10-31,0.01,73,335,0,
16578603,Cosy single bedroom in Yishun SGP,63207270,1462752565557428591,Jiaquan,North Region,Yishun,1.4182,103.83669,Private room,,365,0,,,1,364,0,
16606463,Homely One Bedroom at Farrer Park MRT,3748166,1462638583568793125,Aileen,Central Region,Kallang,1.31398,103.85343,Entire home/apt,,92,41,2018-11-25,0.37,1,60,0,
16621264,1Br 2-4pax in Orchard 5 mins to MRT,108219571,1467311276664784049,Clement,Central Region,River Valley,1.29666,103.8371,Entire home/apt,,92,13,2017-05-02,0.11,1,0,0,
16650721,AmazinMasterbed Room next to MRT,28809566,1465424926823184624,Property,North Region,Sembawang,1.44154,103.82184,Private room,45,92,1,2018-10-08,0.01,5,363,0,
16742820,Premium Studio In Orchard Road (350 sqft),111065775,1467342701722638917,Joyce,Central Region,River Valley,1.29719,103.83861,Hotel room,231,6,12,2020-02-28,0.10,16,340,0,Authorised Serviced Apartment
16743909,Cozy Small Studio Apartment Off Orchard (200 sqft),111065775,1467342701722638917,Joyce,Central Region,River Valley,1.29685,103.83809,Hotel room,175,6,21,2026-05-21,0.18,16,346,2,Authorised Serviced Apartment
16744167,Small Cozy Studio In Somerset Orchard (250 sqft),111065775,1467342701722638917,Joyce,Central Region,River Valley,1.29893,103.83636,Hotel room,171,6,19,2023-09-18,0.17,16,339,0,Authorised Serviced Apartment
16745292,Relaxed Small Studio In Orchard Road (200 sqft),111065775,1467342701722638917,Joyce,Central Region,River Valley,1.29776,103.83639,Entire home/apt,174,6,18,2026-05-15,0.16,16,328,1,Authorised Serviced Apartment
16750061,Small Studio Apartment In Orchard Road (200 sqft),111065775,1467342701722638917,Joyce,Central Region,Orchard,1.29899,103.8386,Entire home/apt,171,6,19,2026-05-28,0.17,16,346,1,Authorised Serviced Apartment
16798945,LavLoftbed *RmA1: 5m walk MRT,2413412,1462594434745155670,Kaurus,Central Region,Kallang,1.3098,103.86165,Private room,11,92,1,2017-12-20,0.01,91,335,0,
16846533,Small Cozy  Studio Room in Orchard Road (200 sqft),111065775,1467342701722638917,Joyce,Central Region,River Valley,1.29755,103.83676,Entire home/apt,171,7,26,2024-03-05,0.23,16,346,0,Authorised Serviced Apartment
16848828,Comfortable Small Studio in Orchard (200 sqft),111065775,1467342701722638917,Joyce,Central Region,River Valley,1.29771,103.83853,Hotel room,175,6,12,2018-09-02,0.11,16,316,0,Authorised Serviced Apartment
16891958,"Apt Room 5mins to Haji, near MBS/Suntec/Sportshub",3234859,1462528797916035986,Sk,Central Region,Kallang,1.30617,103.8612,Private room,,92,233,2020-10-18,2.03,2,0,0,
16966634,Quiet and Safe Location (BR1),5423329,1462680505807434963,Jerome,North-East Region,Serangoon,1.38565,103.87355,Private room,26,92,30,2023-10-02,0.26,2,362,0,
17053896,Masteroom with private bath @ Central Imperial,25375339,1465341321925717069,シン,Central Region,Geylang,1.31198,103.87923,Private room,27,92,5,2019-08-01,0.05,12,364,0,
17179470,Modern Asian Peranakan Gem 1,23874147,1462626987848928686,Adrian,North Region,Woodlands,1.43109,103.77355,Private room,17,92,16,2024-02-23,0.17,3,335,0,
17275135,Orchard Rd - Big Master Room,11390076,1462578343890633685,Tryston,Central Region,Newton,1.30447,103.83852,Private room,22,93,16,2023-03-28,0.14,8,363,0,
17442010,Heart of City bedroom (with bath),22273315,1463175778904981691,Jimmy,Central Region,Outram,1.27651,103.84292,Private room,,180,1,2023-10-20,0.03,2,89,0,Exempt
17488373,prewar doublebed RmA1 > lavender MRT,97878860,1467178927116750945,Chess,Central Region,Kallang,1.30834,103.86143,Private room,18,92,1,2017-05-27,0.01,59,335,0,
17519803,Downtown *View Ensuite+livingRm (Not For Tourist),97878860,1467178927116750945,Chess,Central Region,Outram,1.28498,103.84351,Private room,,92,1,2017-04-30,0.01,59,335,0,
17601150,"Dakota, 1BR, circle line to MBS",119614575,1468218947631295731,Jennifer,Central Region,Geylang,1.30937,103.88366,Private room,,365,24,2018-09-29,0.21,1,361,0,
17615250,prewar small queenbed > lavender MRT,97878860,1467178927116750945,Chess,Central Region,Kallang,1.30829,103.86146,Private room,16,92,1,2020-12-24,0.01,59,335,0,
17626886,prewar doublebed RmA* > lavender MRT,97878860,1467178927116750945,Chess,Central Region,Kallang,1.3095,103.86144,Private room,16,92,4,2018-06-16,0.04,59,335,0,
17643521,prewar 'revamped Studio-style' Balcony Room,97878860,1467178927116750945,Chess,Central Region,Kallang,1.30885,103.86218,Private room,23,92,0,,,59,335,0,
17740089,Orchard Road 2 single beds,119740557,1468219917150811385,Nicholas,Central Region,Newton,1.30571,103.84077,Private room,12,180,7,2018-09-19,0.06,2,269,0,
17766467,prewar Balcony Room Attach shower/wash room,97878860,1467178927116750945,Chess,Central Region,Kallang,1.30957,103.86134,Private room,19,92,2,2019-09-13,0.02,59,335,0,
17780022,Beautiful bright room in great Robertson Quay area,11080562,1462856579969215295,Verena,Central Region,River Valley,1.29219,103.83752,Private room,13,186,0,,,1,364,0,
17927897,Heritage Collection on Clarke Quay Studio Premium,23336011,1465271884616547411,Heritage,Central Region,Singapore River,1.2880489826202393,103.84872436523438,Entire home/apt,165,1,58,2025-10-03,0.55,71,341,1,S0454
17928170,Heritage Collection on Clarke Quay Studio,23336011,1465271884616547411,Heritage,Central Region,Singapore River,1.2880489826202393,103.84872436523438,Entire home/apt,151,2,188,2026-06-14,1.69,71,361,9,S0454
17928273,Heritage Collection on Clarke Quay  Studio Single,23336011,1465271884616547411,Heritage,Central Region,Singapore River,1.2880489826202393,103.84872436523438,Entire home/apt,123,1,78,2026-04-21,0.70,71,348,6,S0454
17929045,Beds (without window)near Bugis Heritage,211434941,1463186127050871570,Sl,Central Region,Downtown Core,1.29649,103.85526,Hotel room,53,92,4,2020-01-18,0.05,5,364,0,
17929052,"Urban Heritage (Suite with washer/dryer,microwave)",211434941,1463186127050871570,Sl,Central Region,Downtown Core,1.29649,103.85526,Hotel room,87,92,0,,,5,180,0,
17929053,Urban Skyloft with Balcony near Bugis Heritage,211434941,1463186127050871570,Sl,Central Region,Downtown Core,1.29649,103.85526,Hotel room,103,92,8,2021-06-21,0.09,5,180,0,
17929054,Heritage Family Room with high ceiling,211434941,1463186127050871570,Sl,Central Region,Downtown Core,1.29649,103.85526,Hotel room,94,92,3,2020-01-24,0.04,5,180,0,
17929055,Cabin Non window room near Bugis and City Hall,211434941,1463186127050871570,Sl,Central Region,Downtown Core,1.29649,103.85526,Hotel room,,92,11,2020-02-21,0.13,5,90,0,
17929480,Downtown Queenbed Room@Chinatown (Not for Tourist),97878860,1467178927116750945,Chess,Central Region,Outram,1.28336,103.84139,Private room,,92,0,,,59,335,0,
17947055,Downtown CityView Chinatown Queenbed room,97878860,1467178927116750945,Chess,Central Region,Outram,1.28482,103.84158,Private room,,92,0,,,59,335,0,
17949590,Cheap Private Bedroom In Cosy Home,108417270,1467313461335810809,Nargis,East Region,Bedok,1.31738,103.90893,Private room,,92,47,2020-01-14,0.47,3,90,0,
17951810,Condo Common Rm opposite of Lakeside Mrt,9293170,1462810481108398114,Lei Lei,West Region,Jurong West,1.34497,103.72204,Private room,19,92,12,2025-06-13,0.11,2,237,0,
18000521,Kreta Ayer (South Wing)  Studio Premium Apartment,23336011,1465271884616547411,Heritage,Central Region,Outram,1.2830869666954594,103.84373884778724,Entire home/apt,55,92,4,2017-10-24,0.04,71,364,0,
18052476,CHIC STAY IN THE HEART OF SINGAPORE!,124238686,1468254446287665659,Mk,Central Region,Newton,1.31001,103.84101,Private room,27,92,50,2020-03-10,0.45,2,210,0,
18109887,Condo Common room at clementi - near nus,101940767,1467223329557126704,Krish,West Region,Clementi,1.32,103.76018,Private room,,92,15,2019-12-01,0.14,1,90,0,
18151459,West private room near NTU,12083856,1462581077832539270,Wendy,West Region,Jurong West,1.34443,103.71245,Private room,11,185,5,2023-05-31,0.04,2,364,0,
18169687,Luxury Serviced Apartment-Studio Room 6 & Pool,68059127,1466841137906743877,Wei,East Region,Bedok,1.32551,103.91498,Private room,31,92,6,2020-07-19,0.06,50,303,0,
18184250,Lor 17 L2R5 Private room in a walkup apartment,33096269,1465484591658758229,E C,Central Region,Geylang,1.31314,103.88002,Private room,25,92,118,2022-02-05,1.06,11,363,0,
18199481,Heritage Collection on Clarke Quay Single NoWindow,23336011,1465271884616547411,Heritage,Central Region,Singapore River,1.2880489826202393,103.84872436523438,Entire home/apt,115,1,40,2025-02-25,0.45,71,345,0,S0454
18202395,Heritage Collection on Clarke Quay Studio NoWindow,23336011,1465271884616547411,Heritage,Central Region,Outram,1.2819139957427979,103.84838104248047,Entire home/apt,134,1,70,2026-05-11,0.76,71,347,4,S0454
18235755,LOVELY  STAY in HEART OF ISLAND!!,124238686,1468254446287665659,Mk,Central Region,Newton,1.30825,103.84003,Private room,,92,134,2020-07-03,1.20,2,0,0,
18253219,"Condo Studio Apartment in Downtown CBD, Min. 3mths",92626981,1467119478938108308,S,Central Region,Downtown Core,1.27361,103.84421,Entire home/apt,49,92,3,2024-12-09,0.03,1,362,0,
18342015,En-suites room with shared pool in bungalow house,68059127,1466841137906743877,Wei,East Region,Bedok,1.32478,103.9147,Private room,34,92,0,,,50,364,0,
18388608,Cozy Modern Studio with Balcony and Great Location,127346104,1462933417670096053,James,Central Region,Geylang,1.31184,103.88672,Entire home/apt,,92,45,2018-08-07,0.42,1,0,0,
18421322,prewar2 loftbed roomA > lavender MRT,97878860,1467178927116750945,Chess,Central Region,Kallang,1.30825,103.8616,Private room,12,92,1,2017-07-28,0.01,59,335,0,
18434466,Queen bedroom with shared bathroom,46515276,1465696670861620348,Ark,Central Region,Kallang,1.31131,103.87237,Private room,,365,68,2020-02-25,0.62,12,364,0,
18452100,prewar2 loftbed *roomCS > lavender MRT,97878860,1467178927116750945,Chess,Central Region,Kallang,1.30858,103.86098,Private room,16,92,2,2020-11-16,0.03,59,335,0,
18508828,(Room)Breezy Comfy Stay (Kitchen Bathroom),128465640,1468289740102508121,Azlan,North Region,Woodlands,1.44882,103.79933,Private room,25,92,39,2020-04-15,0.35,2,364,0,
18513959,prewar doublebed RmR* > Lavender MRT,97878860,1467178927116750945,Chess,Central Region,Kallang,1.30983,103.862,Private room,16,92,1,2019-03-02,0.01,59,335,0,
18674998,Cozy Premium Studio In Orchard Road (300 sqft),111065775,1467342701722638917,Joyce,Central Region,River Valley,1.29765,103.83627,Hotel room,194,6,8,2025-07-26,0.07,16,340,1,Authorised Serviced Apartment
18675202,Premium Studio 2 Mins Walk To Orchard (300 sqft),111065775,1467342701722638917,Joyce,Central Region,Orchard,1.29892,103.83846,Hotel room,194,6,22,2022-10-03,0.20,16,329,0,Authorised Serviced Apartment
18858584,Cozy Premium Studio 2 Mins To Orchard (300 sqft),111065775,1467342701722638917,Joyce,Central Region,Orchard,1.29907,103.83825,Hotel room,194,6,16,2026-02-26,0.15,16,328,4,Authorised Serviced Apartment
18899288,Condo Beside Bt Batok Mrt ~ The Jade,228867,1462513235739967781,Champ,West Region,Bukit Batok,1.35036,103.74938,Private room,26,93,6,2019-06-24,0.05,2,364,0,
18905203,Room 2 - Affordable common room near university,33003286,1465483353997747964,Suan Khim,West Region,Clementi,1.29558,103.76533,Private room,,92,38,2026-05-21,0.36,2,125,1,Authorised Serviced Apartment
19218794,Renovated Master Bedroom & own bathroom@East Coast,36416351,1465540995951001990,Min,East Region,Bedok,1.30954,103.91471,Private room,59,92,31,2018-03-31,0.28,1,270,0,
19231371,Superior Studio Room in house(8) with services,24496358,1465305327734698378,Katherine,East Region,Bedok,1.31669,103.91258,Private room,,92,2,2021-12-10,0.03,53,0,0,
19438458,Modern zen bungalow in upper thomson,24759045,1465314097574744279,Yuichi,Central Region,Bishan,1.35732,103.82808,Private room,,92,0,,,1,0,0,
19534648,A Slice of Heritage in the City/Brown Suite,84590945,1467021525583046210,Syafiqah,Central Region,Downtown Core,1.28142,103.85261,Entire home/apt,,1,0,,,4,0,0,M0042
19535251,A Slice of Heritage in the City/Finlayson Suite,84590945,1467021525583046210,Syafiqah,Central Region,Downtown Core,1.28143,103.85232,Entire home/apt,,1,0,,,4,0,0,M0042
19595827,Comfy 2BR Apartment in the Heart of Orchard Road,135298846,1468348533984739635,Karen,Central Region,Orchard,1.30435,103.83382,Entire home/apt,916,6,29,2025-04-16,0.27,9,332,0,Authorised Serviced Apartment
19648215,Lux Suite@Marina Bay Singapore (Studio),69121685,1462789256098146861,Pat,Central Region,Downtown Core,1.28183,103.85391,Entire home/apt,,92,6,2019-03-19,0.06,5,364,0,
19652882,Lux Studio@Marina Bay Singapore,69121685,1462789256098146861,Pat,Central Region,Downtown Core,1.28107,103.85205,Entire home/apt,72,92,2,2018-10-19,0.02,5,364,0,
19774490,partial Ensuite* with own washer/dryer,8948251,1462791041592076946,Joey,Central Region,Kallang,1.30791,103.86305,Private room,19,92,2,2020-12-30,0.02,73,335,0,
19774868,Private Room with Private Washroom for 1 Person,126914776,1468276897004039695,Anil,North-East Region,Ang Mo Kio,1.37579,103.84928,Private room,50,92,0,,,1,363,0,
19801431,"1960 Queenbed *RmQ, lavender bugis",8948251,1462791041592076946,Joey,Central Region,Kallang,1.3101,103.86166,Private room,16,92,1,2018-10-01,0.01,73,335,0,
19895150,Rare Twin Studios /2rm @MarinaBaySG,69121685,1462789256098146861,Pat,Central Region,Downtown Core,1.28116,103.8536,Entire home/apt,145,92,4,2019-09-24,0.04,5,364,0,
20003123,"postwar window bunkbed room, just-U & no-sharing",97878860,1467178927116750945,Chess,Central Region,Geylang,1.31661,103.88305,Private room,16,92,1,2020-07-29,0.01,59,335,0,
20016031,Lux 2Br at Tg Pagar  / Shenton Way,69121685,1462789256098146861,Pat,Central Region,Outram,1.27719,103.84256,Entire home/apt,125,92,3,2018-02-19,0.03,5,364,0,
20084815,Prime Loft Apt in the heart of Orchard Road,135298846,1468348533984739635,Karen,Central Region,Orchard,1.30442,103.8325,Entire home/apt,469,6,40,2026-03-14,0.38,9,360,6,Authorised Serviced Apartment
20192517,Room in Upper Thomson Terrace,20760373,1463137759908408068,Felicitas,Central Region,Bishan,1.3543992103371894,103.83417436447272,Private room,,92,0,,,1,364,0,
20395120,Contemporary casual,145421414,1468429394808602770,Tony,North-East Region,Punggol,1.39368,103.91515,Private room,34,92,3,2017-10-16,0.03,1,269,0,
20512779,Spacious Room in Lush Green Terrace House,9899270,1462826465554201985,Peir,Central Region,Bukit Timah,1.34401,103.77275,Private room,,92,38,2020-03-09,0.37,6,89,0,
20625688,"1970s private queenbed Rm1, no-sharing.",8948251,1462791041592076946,Joey,Central Region,Geylang,1.3147,103.88163,Private room,17,92,0,,,73,335,0,
20625726,Aljunied Queenbed roomC > 5min MRT > CBD 15 mins,2413412,1462594434745155670,Kaurus,Central Region,Geylang,1.31541,103.88217,Private room,16,92,1,2019-09-07,0.01,91,335,0,
20625773,postwar queenbed *rm > 3min walk aljunied mrt,97878860,1467178927116750945,Chess,Central Region,Geylang,1.31539,103.88213,Private room,16,92,1,2018-11-24,0.01,59,335,0,
20631625,"CLASSIC 1BR in VIVA VISTA, SINGAPORE",138649185,1462958959957533044,Sidharth,Central Region,Queenstown,1.28684,103.78593,Entire home/apt,90,92,0,,,215,363,0,S8136
20698050,373 Guillemard L2R3 prv room & toilet no windows,33096269,1465484591658758229,E C,Central Region,Geylang,1.31267,103.88816,Private room,,92,122,2020-04-23,1.14,11,90,0,
20778113,1BR @ SG's foodie area,11248671,1462577785022696869,Mei Xi,Central Region,Marine Parade,1.30928,103.89457,Private room,,92,1,2017-10-18,0.01,1,90,0,
20791161,YOUR entire PRIVATE LUXURY PENTHOUSE condo unit,122991242,1468245504275227336,Jj,West Region,Tuas,1.31947,103.64828,Entire home/apt,,92,5,2017-10-31,0.05,1,89,0,
20806898,Affordable 1 Studio Suite Apartment @ Orchard Road,124516401,1468256778633806717,Orchard Point,Central Region,Orchard,1.30252,103.84143,Entire home/apt,242,6,11,2026-04-10,0.10,8,88,5,Authorised Serviced Apartment
20824274,Downtown Queenbed *Room3 @ Chinatown,97878860,1467178927116750945,Chess,Central Region,Outram,1.2848,103.84137,Private room,,92,3,2022-07-28,0.03,59,335,0,
20856422,Downtown Queenbed Room@Chinatown (Not for Tourist),97878860,1467178927116750945,Chess,Central Region,Outram,1.28304,103.84315,Private room,,92,0,,,59,335,0,
20877332,Downtown: loftbed roomA @ chinatown/cbd,97878860,1467178927116750945,Chess,Central Region,Outram,1.28412,103.84245,Private room,14,92,1,2017-12-30,0.01,59,304,0,
20888336,Cozy Room with a View,144358326,1468420993910933531,Mini,Central Region,Bukit Timah,1.33463,103.80969,Private room,,92,100,2022-01-16,0.94,1,88,0,
21013726,"Lavender Semi-Ensuite*, 5 min to MRT",2413412,1462594434745155670,Kaurus,Central Region,Kallang,1.30852,103.86103,Private room,19,92,4,2021-07-12,0.04,91,335,0,
21015821,Spacious 3 Bedrooms Family-Friendly Apartment,148161274,1468451569206986411,Jan,Central Region,Bukit Timah,1.33253,103.78883,Entire home/apt,,92,0,,,1,0,0,
21015873,Serviced Apartment 2 - 4 mins walk Bras Basah MRT,148161755,1468451572350403296,Jan,Central Region,Rochor,1.29806,103.85257,Entire home/apt,343,6,13,2025-12-04,0.14,26,362,2,Authorised Serviced Apartment
21015876,CBD Studio Apartment | 2 - 5 mins to Bencoolen MRT,148161755,1468451572350403296,Jan,Central Region,Rochor,1.29806,103.85257,Entire home/apt,343,6,32,2026-05-01,0.31,26,339,8,Authorised Serviced Apartment
21145943,Downtown FireworksView EnsuiteM200 Not4 Tourist,97878860,1467178927116750945,Chess,Central Region,Outram,1.28412,103.84245,Private room,,92,0,,,59,335,0,
21154124,Master Bedroom in City Area,152646149,1468497153296674709,Sidney,Central Region,Rochor,1.30103,103.85222,Private room,19,180,1,2017-11-26,0.01,3,363,0,
21214988,Luxury place,149095282,1468458655640008608,Choo,Central Region,River Valley,1.29514,103.83672,Private room,40,92,0,,,1,267,0,
21227203,3 min MRT/city area cozy room&pool@Bukit Timah,142727817,1462967725899192669,Yun,Central Region,Bukit Timah,1.32446,103.80848,Private room,45,92,36,2019-09-26,0.34,2,364,0,Authorised Serviced Apartment
21283595,Small Studio 2 mins Walk To Orchard (200 sqft),111065775,1467342701722638917,Joyce,Central Region,River Valley,1.29867,103.83666,Hotel room,178,6,9,2019-08-25,0.09,16,346,0,Authorised Serviced Apartment
21398866,"1960s Queenbed room, MRT > City 2min",8948251,1462791041592076946,Joey,Central Region,Kallang,1.30996,103.86357,Private room,16,92,0,,,73,335,0,
21402272,Penthouse with unblocked view 8min walk fm MRT,55973390,1465916973045095436,Joy,East Region,Bedok,1.33084,103.90841,Entire home/apt,55,92,3,2022-11-10,0.03,1,364,0,
21415749,Luxury Capsule (Single - Mixed) [Kampong Glam],151316863,1468486456721468244,Cube,Central Region,Rochor,1.30161,103.8596,Hotel room,71,1,242,2026-03-02,2.34,6,362,4,S0384
21416331,Luxury Capsule (Single-Female Only) [Kampong Glam],151316863,1468486456721468244,Cube,Central Region,Rochor,1.3011,103.8604,Hotel room,70,1,57,2024-01-18,0.55,6,359,0,S0384
21416445,Luxury Capsule (Queen - Mixed)[Kampong Glam],151316863,1468486456721468244,Cube,Central Region,Downtown Core,1.30041,103.85857,Hotel room,107,1,16,2023-11-01,0.16,6,362,0,S0384
21419965,Condo Master Room  (Comfy & Quiet),155235048,1468517881741980300,Michael,West Region,Choa Chu Kang,1.39558,103.75212,Private room,,92,2,2018-05-26,0.02,2,83,0,
21420790,Standard Single Room in City Center,155244964,1468517928134407651,The Quay,Central Region,Singapore River,1.28684,103.8472,Hotel room,120,1,36,2026-03-13,0.35,7,178,8,S0377
21428446,Superior Double Room in City Center - no windows,155244964,1468517928134407651,The Quay,Central Region,Singapore River,1.28658,103.84741,Hotel room,145,1,202,2026-06-03,1.97,7,344,37,S0377
21462227,Private Room [Kampong Glam] - for 8 pax,151316863,1468486456721468244,Cube,Central Region,Downtown Core,1.30041,103.85857,Hotel room,,1,1,2019-12-04,0.01,6,0,0,S0384
21605333,Deluxe Double Room in City Center,155244964,1468517928134407651,The Quay,Central Region,Singapore River,1.28616,103.84908,Hotel room,165,1,151,2026-06-10,1.45,7,331,33,S0377
21650745,Condo Standard Room (Quiet & Nice Window View),155235048,1468517881741980300,Michael,West Region,Choa Chu Kang,1.39539,103.75033,Private room,12,92,1,2018-03-22,0.01,2,266,0,
21670282,Lovely 3BR Apt in the Heart of Orchard Road,135298846,1468348533984739635,Karen,Central Region,Orchard,1.30447,103.83378,Entire home/apt,1821,6,32,2024-09-23,0.31,9,347,0,Authorised Serviced Apartment
21703476,1960s Queenbed RmA1 @ lavender bugis,8948251,1462791041592076946,Joey,Central Region,Kallang,1.3101,103.86233,Private room,15,92,1,2018-03-03,0.01,73,335,0,
21722898,"postwar singlebed *rmM, 3min to aljunied mrt",97878860,1467178927116750945,Chess,Central Region,Geylang,1.3147,103.88163,Private room,,92,2,2019-08-19,0.02,59,335,0,
21755679,Master room at Orchard,11390076,1462578343890633685,Tryston,Central Region,Newton,1.30367,103.84023,Private room,19,93,5,2019-09-30,0.05,8,357,0,Exempt
21772057,"1Bunkbed RmC for you only, no sharing w anyone",2413412,1462594434745155670,Kaurus,Central Region,Geylang,1.31424,103.88079,Private room,,92,2,2022-01-01,0.02,91,335,0,
21793363,"postwar singlebed *rm2, 3min to aljunied mrt",97878860,1467178927116750945,Chess,Central Region,Geylang,1.31563,103.88228,Private room,16,92,1,2019-11-22,0.01,59,335,0,
21803237,Aljunied Room*A > MRT 3min > CBD 15 mins,2413412,1462594434745155670,Kaurus,Central Region,Geylang,1.31496,103.88168,Private room,17,92,1,2018-05-24,0.01,91,335,0,
21854678,Cozy Studio Amaze Apt with WiFi in Kallang,159031223,1468548547772751285,Stay With Fort,Central Region,Kallang,1.29951,103.88525,Entire home/apt,208,6,163,2026-06-22,1.57,8,201,16,Authorised Serviced Apartment
21854687,Cozy Studio Chic Apt with WiFi in Kallang,159031223,1468548547772751285,Stay With Fort,Central Region,Kallang,1.29951,103.88525,Entire home/apt,208,6,316,2026-05-30,3.06,8,220,56,Authorised Serviced Apartment
21854697,Cozy Studio Sky Suite Apt with WiFi in Kallang,159031223,1468548547772751285,Stay With Fort,Central Region,Kallang,1.29951,103.88525,Entire home/apt,216,6,32,2025-10-25,0.31,8,214,1,Authorised Serviced Apartment
21887155,Twin room attached balcony,40912923,1465608970317461542,Erin,Central Region,Geylang,1.31353,103.90487,Private room,,92,90,2019-06-20,0.86,1,87,0,
21913744,kEnsuiteM1 Brickwall* @ Chinatown/CBD,2413412,1462594434745155670,Kaurus,Central Region,Outram,1.28449,103.84294,Private room,25,92,1,2018-01-14,0.01,91,304,0,
21915252,The Obi Room,30080617,1465443015782407519,Eddie,East Region,Tampines,1.3464,103.96057,Private room,,92,64,2019-07-12,0.61,6,0,0,
21916263,Lavender SingleBed *Rm2: 5m walk MRT,2413412,1462594434745155670,Kaurus,Central Region,Kallang,1.30957,103.86113,Private room,15,92,3,2020-08-31,0.03,91,335,0,
21927257,"1970s singlebed *RmA1, no-sharing",8948251,1462791041592076946,Joey,Central Region,Geylang,1.31475,103.88165,Private room,16,92,1,2018-04-29,0.01,73,335,0,
21970302,Fireworks *view2! highrise Ensuite (non tourist),8948251,1462791041592076946,Joey,Central Region,Outram,1.28471,103.84319,Private room,,92,1,2018-09-20,0.01,73,335,0,
22007320,Clean & tidy,160703921,1468562972610825931,KayGek,West Region,Bukit Panjang,1.36887,103.7711,Private room,30,92,0,,,2,269,0,
22019165,Chinatown View! your Semi-Ensuite*A NOt4 Tourist,2413412,1462594434745155670,Kaurus,Central Region,Outram,1.28449,103.84294,Private room,,92,1,2018-02-01,0.01,91,335,0,
22021287,Near Jurong east MRT new condo  room,124827904,1468259384765992888,Lucy,West Region,Jurong East,1.33637,103.74143,Private room,35,92,10,2022-01-02,0.11,2,360,0,
22051870,Small Utility Cosy Room,108417270,1467313461335810809,Nargis,East Region,Bedok,1.31856,103.91075,Private room,13,92,159,2020-03-23,1.54,3,268,0,
22051992,Downtown Ensuite89M1 (Non-Tourist),97878860,1467178927116750945,Chess,Central Region,Outram,1.28449,103.84294,Private room,21,92,1,2018-01-03,0.01,59,335,0,
22214451,1960s Queenbed RmDa* @ lavender bugis,8948251,1462791041592076946,Joey,Central Region,Kallang,1.30936,103.86254,Private room,19,92,1,2018-12-03,0.01,73,335,0,
22230934,Downtown Ensuite02M1*,97878860,1467178927116750945,Chess,Central Region,Outram,1.28449,103.84294,Private room,25,92,1,2018-08-22,0.01,59,304,0,
22233862,Resort Style Stay in Lush Green Terrace House,9899270,1462826465554201985,Peir,Central Region,Bukit Timah,1.34228,103.7723,Private room,38,92,62,2020-03-03,0.60,6,270,0,
22267147,"postwar singlebed *rmSu, 3min to aljunied mrt.",97878860,1467178927116750945,Chess,Central Region,Geylang,1.3147,103.88163,Private room,17,92,2,2019-02-28,0.02,59,335,0,
22345943,prewar doublebed RmA* > Lavender MRT,97878860,1467178927116750945,Chess,Central Region,Kallang,1.30736,103.86222,Private room,19,92,2,2021-07-07,0.02,59,335,0,
22376153,1960s queenbed RmK* @ lavender bugis,8948251,1462791041592076946,Joey,Central Region,Kallang,1.31049,103.86129,Private room,19,92,2,2020-04-07,0.02,73,335,0,
22395492,1960s Queenbed RmZAG* @ lavender bugis,8948251,1462791041592076946,Joey,Central Region,Kallang,1.30979,103.86145,Private room,18,92,2,2020-03-31,0.02,73,335,0,
22561172,Cozy Premium Studio (300 sqft),111065775,1467342701722638917,Joyce,Central Region,River Valley,1.297,103.83774,Hotel room,198,6,6,2022-12-27,0.06,16,340,0,Authorised Serviced Apartment
22577896,Oriental Tropics Forest View Bt Batok,15040015,1462592576655184168,Kermit,West Region,Bukit Batok,1.34162,103.76086,Private room,,92,9,2019-09-21,0.09,1,0,0,
22588306,Awesome Double Room w/Balcony @nus/nuh (205),1439258,1462518083181087528,K2Guesthouse,Central Region,Queenstown,1.2789,103.78739,Private room,243,1,3,2024-11-09,0.03,44,308,0,S0399
22590845,Downtown View* Queenbed Room. (Not For Tourist),97878860,1467178927116750945,Chess,Central Region,Outram,1.28379,103.84375,Private room,,92,2,2019-10-15,0.02,59,335,0,
22594189,Small Studio Room (200 sqft),111065775,1467342701722638917,Joyce,Central Region,River Valley,1.29776,103.83869,Hotel room,175,6,12,2024-02-22,0.12,16,346,0,Authorised Serviced Apartment
22620261,Fun + comfort! Homesharing near Bukit Panjang MRT.,9261752,1462809689755024411,Huifen,West Region,Bukit Panjang,1.37917,103.76748,Private room,,180,0,,,1,83,0,
22720008,Downtown Queenbed Room @ Chinatown (Non-Tourist),97878860,1467178927116750945,Chess,Central Region,Outram,1.28449,103.84294,Private room,,92,0,,,59,335,0,
22745179,Sea View Studio @ Shenton,167947458,1463036152666856889,Kendra,Central Region,Downtown Core,1.27831,103.85082,Entire home/apt,46,92,145,2022-12-07,1.41,1,147,0,
22798533,Spacious 3BR Apt in the Heart of Orchard Road,135298846,1468348533984739635,Karen,Central Region,River Valley,1.30212,103.83204,Entire home/apt,1548,6,23,2026-06-05,0.23,9,347,2,Authorised Serviced Apartment
22826338,Fully furnised 3BR Condominium,46746027,1462704442248505913,Lyn,Central Region,Queenstown,1.30462,103.78401,Entire home/apt,76,92,0,,,1,263,0,
22874441,2 Bedroom Apartment in Robertson Quay (3 mths min),6170589,1462699683249915326,Ivan,Central Region,Singapore River,1.29025,103.83692,Entire home/apt,,180,3,2018-08-28,0.03,1,177,0,
22890318,Economy Room @NUS & Haw Par Villa MRT (110),1439258,1462518083181087528,K2Guesthouse,Central Region,Queenstown,1.28075,103.78767,Private room,274,1,8,2025-10-05,0.09,44,283,2,S0399
22912035,1 Executive Suite  Apartment  along Orchard Road!,124516401,1468256778633806717,Orchard Point,Central Region,Orchard,1.30243,103.84007,Entire home/apt,315,6,9,2026-03-28,0.09,8,88,1,Authorised Serviced Apartment
22912163,3 Premier Suite Apartment  along Orchard Road!,124516401,1468256778633806717,Orchard Point,Central Region,Newton,1.30236,103.84184,Entire home/apt,699,6,9,2026-04-18,0.13,8,88,4,Authorised Serviced Apartment
22918883,"STROLL TO QUEENSTOWN MRT, 2-BR @ CW TOWERS",138649185,1462958959957533044,Sidharth,Central Region,Queenstown,1.30153,103.80097,Entire home/apt,120,92,0,,,215,363,0,Authorised Serviced Apartment
22971370,Family Room w/Balcony @ Haw Par MRT NUS (208),1439258,1462518083181087528,K2Guesthouse,Central Region,Queenstown,1.27942,103.78552,Private room,328,1,2,2018-07-10,0.02,44,136,0,S0399
22979766,Jimmy’s Homestay,100474068,1462871485047600432,Sufen,West Region,Choa Chu Kang,1.38626,103.74444,Private room,,180,32,2020-04-01,0.31,1,89,0,
22990388,2 Executive Suite Apartment  along Orchard Road!,124516401,1468256778633806717,Orchard Point,Central Region,Orchard,1.30253,103.84111,Entire home/apt,503,6,11,2025-12-20,0.24,8,88,6,Authorised Serviced Apartment
22990457,2 Deluxe Suite Apartment  along Orchard Road!,124516401,1468256778633806717,Orchard Point,Central Region,Orchard,1.3006,103.84177,Entire home/apt,452,6,12,2026-01-02,0.12,8,88,4,Authorised Serviced Apartment
23045739,CBD Comfy Studio Apartment | Near Raffles City/MRT,148161755,1468451572350403296,Jan,Central Region,Rochor,1.29806,103.85257,Entire home/apt,347,6,11,2023-07-27,0.15,26,362,0,Authorised Serviced Apartment
23048720,highrise EnsuiteM1B + attach bathrm (Non-Tourist),8948251,1462791041592076946,Joey,Central Region,Outram,1.28449,103.84294,Private room,20,92,1,2018-04-30,0.01,73,335,0,
23063409,CBD Area Spacious Serviced Apt,148161755,1468451572350403296,Jan,Central Region,Rochor,1.297985,103.852801,Entire home/apt,400,6,3,2022-06-27,0.05,26,335,0,Authorised Serviced Apartment
23070167,Common bedroom in spacious private apartment,696093,1462513599755712182,Salima,Central Region,Geylang,1.31399,103.88673,Private room,28,92,6,2018-03-05,0.06,1,270,0,
23070535,FireworksView! Ensuite9 +OwnLivingRm (Non-Tourist),8948251,1462791041592076946,Joey,Central Region,Outram,1.28449,103.84294,Private room,,92,0,,,73,362,0,
23080358,DowntownView! Ensuite+livingRm (Non-Tourist),97878860,1467178927116750945,Chess,Central Region,Outram,1.28449,103.84294,Private room,,92,0,,,59,362,0,
23094299,Warm 2BR Apt in the Heart of Orchard Road,135298846,1468348533984739635,Karen,Central Region,Orchard,1.30282,103.83225,Entire home/apt,824,6,14,2024-01-31,0.14,9,332,0,Authorised Serviced Apartment
23097015,Aljunied *Room > MRT 3min > CBD 15 mins,2413412,1462594434745155670,Kaurus,Central Region,Geylang,1.3147,103.88163,Private room,16,92,5,2020-04-30,0.05,91,335,0,
23112197,"(At least 3 months rental) Cosy, Hip Private Space",94903993,1467144260546330583,Ts,Central Region,Geylang,1.3152,103.89961,Private room,38,92,1,2018-06-20,0.01,2,364,0,
23258478,NEAR TOWN FREE GYM & POOL BOON KENG MRT GIRLS ONLY,80444449,1466980362641177433,Nancy,Central Region,Novena,1.32158,103.85256,Private room,184,92,0,,,1,363,0,
23279111,Premium 2Bedroom near Woodleigh MRT (NEL),105546293,1467275066366768956,Lim,Central Region,Toa Payoh,1.33657,103.87116,Private room,48,92,12,2019-05-12,0.12,1,270,0,
23315012,Boat Quay Studio Single Apartment (South bridge),23336011,1465271884616547411,Heritage,Central Region,Singapore River,1.2883869409561157,103.84928894042969,Entire home/apt,170,6,43,2026-03-14,0.45,71,346,4,Authorised Serviced Apartment
23318905,"HVIIM-Holland Village Condo, 1 min walk to MRT",25185912,1465337655575621217,Rebekah,Central Region,Bukit Timah,1.31084,103.79765,Private room,32,92,0,,,18,363,0,
23360633,"HVIIG- Holland Village Condo, 1 min walk to MRT",25185912,1465337655575621217,Rebekah,Central Region,Bukit Timah,1.31072,103.79624,Private room,30,92,2,2024-10-26,0.07,18,363,0,
23361035,"HVIIJ-Holland Village Condo, 1 min to Holland MRT",25185912,1465337655575621217,Rebekah,Central Region,Bukit Timah,1.31078,103.79702,Private room,27,92,4,2024-10-03,0.09,18,363,0,
23362375,"EH1 New reno room@ Orchard Road, Somerset MRT",25185912,1465337655575621217,Rebekah,Central Region,Newton,1.30372,103.83913,Private room,24,92,0,,,18,363,0,
23362544,"“Suite” master room, EHS, next to Somerset MRT",25185912,1465337655575621217,Rebekah,Central Region,Newton,1.30562,103.84048,Private room,33,92,10,2019-12-07,0.10,18,364,0,
23380199,Comfortable Studio Room (200 sqft),111065775,1467342701722638917,Joyce,Central Region,Orchard,1.29882,103.83807,Hotel room,52,92,3,2018-12-23,0.03,16,349,0,Authorised Serviced Apartment
23509109,near sengkang 公寓房间,78357301,1466959703046423881,Jen,North-East Region,Sengkang,1.38769,103.89308,Private room,,92,0,,,1,270,0,
23598682,Garden home,160352841,1468559753301990893,Ling,East Region,Tampines,1.35549,103.95915,Private room,188,92,28,2018-11-15,0.28,1,268,0,
23613551,Huge Master Room- Local Experience (Near MRT/food),788058,1462529432680535698,Audrey,Central Region,Toa Payoh,1.3387,103.85155,Private room,9,180,0,,,1,256,0,
23733935,Luxurious Penthouse In City Centre 2,1170341,1462538781405652553,Jenny,Central Region,Tanglin,1.29443,103.83074,Private room,29,92,8,2025-08-22,0.08,3,267,1,
23861900,Premium Double Room Ensuite near NUS (305),1439258,1462518083181087528,K2Guesthouse,Central Region,Queenstown,1.29303,103.77312,Private room,274,1,4,2024-03-15,0.04,44,158,0,S0399
23862116,"EHR2-New Apartment, 5 mins from Somerset MRT",25185912,1465337655575621217,Rebekah,Central Region,Newton,1.30379,103.83998,Private room,26,92,2,2025-09-11,0.12,18,364,1,
24161078,Premium Double Room with Ensuite @ MRT (301),1439258,1462518083181087528,K2Guesthouse,Central Region,Queenstown,1.28028,103.78564,Private room,223,1,6,2026-02-01,0.06,44,309,2,S0399
24170288,Loft room off Orchard rd,11390076,1462578343890633685,Tryston,Central Region,Newton,1.30616,103.83891,Private room,17,93,3,2019-12-11,0.03,8,146,0,
24211014,Design Loft for Creative Travelers/Digital Nomads,182525420,1468761033716513425,Lay Kuan,East Region,Bedok,1.33205,103.94445,Entire home/apt,55,92,10,2020-01-04,0.10,1,290,0,
24222226,"1970s Bunkbed Private Room1, no-sharing",8948251,1462791041592076946,Joey,Central Region,Geylang,1.3147,103.88163,Private room,16,92,0,,,73,335,0,
24300044,Chinatown your9 doorstep: Private RoomC,2413412,1462594434745155670,Kaurus,Central Region,Outram,1.2842,103.84255,Private room,,92,0,,,91,335,0,
24379397,Private Room in city centre,11499390,1462866162200588052,Stephen,Central Region,Downtown Core,1.2744385091927632,103.84272920526043,Private room,75,92,0,,,1,357,0,
24420175,"EH5, Newly Renovated Bedroom beside Somerset MRT",25185912,1465337655575621217,Rebekah,Central Region,Newton,1.30606,103.84025,Private room,24,92,7,2023-07-17,0.07,18,364,0,
24434472,NEW 2 Bed Luxury Condo Near CBD/MBS,122620134,1462923301237415849,Amy,Central Region,Downtown Core,1.27466,103.84701,Entire home/apt,64,92,1,2025-12-30,0.16,6,360,1,Exempt
24447655,Comfort Double Ensuite w/Balcony@NUS NUH MRT (201),1439258,1462518083181087528,K2Guesthouse,Central Region,Queenstown,1.28116,103.78732,Private room,223,1,5,2026-02-01,0.05,44,114,1,S0399
24500374,Beautiful and Convenient Condo for Long Term Lease,7345696,1462729550063483829,Jin Kiat,East Region,Pasir Ris,1.37814,103.9411,Entire home/apt,28,180,0,,,1,361,0,
24528929,Spacious Room 1 (Ensuite) near MRT in the East,184792657,1468955210689988827,Alee,Central Region,Geylang,1.31418,103.89883,Private room,,92,76,2023-05-04,0.76,5,0,0,
24546514,Spacious Room 4 (1+) near MRT in the East,184792657,1468955210689988827,Alee,Central Region,Geylang,1.31434,103.8991,Private room,19,92,83,2023-08-04,0.84,5,364,0,
24569607,Aljunied Room1 > MRT 3min > CBD 15 mins,2413412,1462594434745155670,Kaurus,Central Region,Geylang,1.3147,103.88163,Private room,16,92,0,,,91,335,0,
24571017,Spacious Room 5 (1+) near MRT in the East,184792657,1468955210689988827,Alee,Central Region,Geylang,1.31534,103.89967,Private room,,92,89,2022-02-05,0.89,5,0,0,
24586538,371 L2R1 Private Room w Toilet in a walkup apt,33096269,1465484591658758229,E C,Central Region,Geylang,1.31284,103.88781,Private room,21,92,88,2023-11-09,0.88,11,179,0,
24606096,Affordable Wide Room @ NUS & HawPar MRT (209),1439258,1462518083181087528,K2Guesthouse,Central Region,Queenstown,1.28043,103.78655,Private room,296,1,8,2026-04-04,0.09,44,131,4,S0399
24618190,"COMFORTABLE 4BR FAMILY & PET FRIENDLY, CLEMENTI",138649185,1462958959957533044,Sidharth,West Region,Clementi,1.31124,103.76152,Entire home/apt,170,92,2,2022-05-18,0.03,215,363,0,S7161
24635669,kAweSome Ensuite 1+1 @ CBD/Chinatown NoWin DL,2413412,1462594434745155670,Kaurus,Central Region,Outram,1.28347,103.84166,Private room,,92,1,2020-07-07,0.01,91,335,0,
24636266,highRise Ensuite3* + PrivateLivingRm,8948251,1462791041592076946,Joey,Central Region,Outram,1.28372,103.84139,Private room,,92,2,2020-08-10,0.02,73,335,0,
24636530,Downtown Ensuite Master* + Personal Living Room,97878860,1467178927116750945,Chess,Central Region,Outram,1.28486,103.84338,Private room,,92,1,2018-06-05,0.01,59,335,0,
24659042,Cosy Studio Apartment 2 at Heritage Tiong Bahru,186368904,1468964300406788220,Diane,Central Region,Bukit Merah,1.2838,103.83412,Entire home/apt,,92,181,2021-06-13,1.83,1,0,0,
24682695,Premium Room with Balcony in Orchard (300 sqft),111065775,1467342701722638917,Joyce,Central Region,River Valley,1.299,103.83634,Hotel room,194,6,3,2024-03-09,0.07,16,340,0,Authorised Serviced Apartment
24707713,Master bedroom 1 @ Heritage Tiong Bahru,186742615,1468966399617188709,Justin,Central Region,Bukit Merah,1.28457,103.83461,Private room,,92,129,2021-05-16,1.30,1,0,0,
24720145,373 L2R4 Private room with private bath,33096269,1465484591658758229,E C,Central Region,Geylang,1.31103,103.88694,Private room,22,92,69,2023-08-12,0.71,11,269,0,
24725185,"EH3, Newly Renovated Orchard room@ Somerset MRT",25185912,1465337655575621217,Rebekah,Central Region,Newton,1.30371,103.84017,Private room,23,92,3,2025-12-14,0.03,18,364,1,
24741587,Deluxe King room on Victoria Street,108773366,1467317549047574066,RedDoorz,Central Region,Museum,1.29629,103.85205,Private room,,92,6,2019-04-10,0.06,24,364,0,
24761439,Deluxe King room near Bugis MRT,108773366,1467317549047574066,RedDoorz,Central Region,Rochor,1.29819,103.85129,Private room,47,92,22,2021-01-01,0.22,24,364,0,
24763374,Deluxe King room near Singapore Art Museum,108773366,1467317549047574066,RedDoorz,Central Region,Rochor,1.29773,103.85314,Private room,47,92,5,2021-02-15,0.05,24,364,0,
24763494,Deluxe King room near National Library,108773366,1467317549047574066,RedDoorz,Central Region,Downtown Core,1.2961,103.85267,Private room,47,92,3,2020-12-20,0.03,24,364,0,
24763572,Deluxe King room near SMU,108773366,1467317549047574066,RedDoorz,Central Region,Downtown Core,1.29745,103.85343,Private room,47,92,2,2019-09-10,0.02,24,364,0,
24765067,Superior twin room near Singapore Art Museum,108773366,1467317549047574066,RedDoorz,Central Region,Rochor,1.29801,103.85361,Private room,42,92,2,2020-06-13,0.03,24,364,0,
24765195,Superior twin room near SMU,108773366,1467317549047574066,RedDoorz,Central Region,Downtown Core,1.2969,103.85354,Private room,42,92,0,,,24,364,0,
24785006,Lavender QueenBed Rm1*: 5m walk MRT,2413412,1462594434745155670,Kaurus,Central Region,Kallang,1.30878,103.86242,Private room,,92,1,2018-12-27,0.01,91,335,0,
24785613,"lavLoftbed Rm*A, no-sharing, wifi, mrt",2413412,1462594434745155670,Kaurus,Central Region,Kallang,1.3106,103.86266,Private room,,92,1,2018-06-16,0.01,91,335,0,
24855606,Awesome Comfort Ensuite Single Rm @ (101),1439258,1462518083181087528,K2Guesthouse,Central Region,Queenstown,1.27939,103.78719,Private room,206,1,10,2024-11-06,0.10,44,333,0,S0399
24900530,1950s cozy window singlebed room @ lavender,8948251,1462791041592076946,Joey,Central Region,Kallang,1.31009,103.86182,Private room,16,92,0,,,73,335,0,
24919927,Lavender QueenBed RmT*: 5m walk MRT,2413412,1462594434745155670,Kaurus,Central Region,Kallang,1.30907,103.86187,Private room,22,92,5,2020-08-17,0.06,91,335,0,
24972169,Downtown Ensuite 92M1,97878860,1467178927116750945,Chess,Central Region,Outram,1.2842,103.84255,Private room,22,92,1,2018-09-04,0.01,59,335,0,
24979153,Master bedroom 3 at Tiong Bahru/ Outram Park,188842185,1468978764441399166,Jj,Central Region,Bukit Merah,1.28286,103.83403,Private room,,92,113,2021-06-03,1.15,1,0,0,
24984672,Entire Apartment @ Heritage Tiong Bahru+WIFI,187856464,1468973024426601314,Diane,Central Region,Bukit Merah,1.2835,103.8351,Entire home/apt,,92,110,2021-03-20,1.11,1,0,0,
25087117,Lavender Rare Balcony Room*: 5m walk MRT,2413412,1462594434745155670,Kaurus,Central Region,Kallang,1.31088,103.8604,Private room,20,92,2,2019-12-31,0.02,91,335,0,
25141849,"Sky Terrace w 2 rooms, garden terrace & pool(MRT)",41234655,1465613303606725937,Tim,East Region,Bedok,1.32061,103.91102,Entire home/apt,63,92,2,2026-04-04,0.02,1,358,1,
25183317,Superior Single Room in House with services (1),68059127,1466841137906743877,Wei,East Region,Bedok,1.3189,103.91284,Private room,,92,1,2018-06-29,0.01,50,364,0,
25183623,Superior Double Room in House with services (3),68059127,1466841137906743877,Wei,East Region,Bedok,1.31754,103.91241,Private room,26,92,6,2022-02-11,0.06,50,324,0,
25183926,Superior Double Room in House with services (5),68059127,1466841137906743877,Wei,East Region,Bedok,1.31828,103.91211,Private room,25,92,0,,,50,364,0,
25184205,Superior Double Room in House with services (6),68059127,1466841137906743877,Wei,East Region,Bedok,1.31878,103.9121,Private room,27,92,3,2020-12-04,0.04,50,152,0,
25282863,"Big Room @ Seletar Hills
size 458sq.ft
.",24038248,1465282219865740132,Lim,North-East Region,Serangoon,1.38143,103.86984,Private room,,92,102,2020-02-09,1.03,4,0,0,
25300648,Scandinavian Inspired Mansionette,107909050,1467307439011304881,Chlovelle,West Region,Jurong West,1.3539,103.71707,Private room,,92,3,2018-08-10,0.03,1,0,0,
25324517,Comfort Room for upto4 @10min to NUS and MRT (102),1439258,1462518083181087528,K2Guesthouse,Central Region,Queenstown,1.27891,103.78764,Private room,254,1,3,2023-12-22,0.04,44,113,0,S0399
25353206,highrise Ensuite *attached bathroom @chinatown 9m1,8948251,1462791041592076946,Joey,Central Region,Outram,1.28417,103.84224,Private room,22,92,1,2018-07-19,0.01,73,335,0,
25366424,Nice Room@ Seletar Hills,24038248,1465282219865740132,Lim,North-East Region,Serangoon,1.38351,103.86923,Private room,,92,84,2020-03-22,0.85,4,0,0,
25402824,Private Bedroom in City Area (2 Single Beds),152646149,1468497153296674709,Sidney,Central Region,Rochor,1.30288,103.85126,Private room,12,180,4,2019-08-02,0.04,3,363,0,
25435388,Resort-Feel Private Room In a Luxurious Condo,48751387,1465739692136748621,Ian,East Region,Bedok,1.32167,103.90557,Private room,34,92,57,2025-12-11,0.59,1,179,1,
25797887,Downtown Ensuite Master + Personal Living Room,97878860,1467178927116750945,Chess,Central Region,Outram,1.28495,103.84148,Private room,,92,1,2018-12-22,0.01,59,335,0,
25815030,Single room at river valley,102052937,1467224655175932745,Marisca,Central Region,River Valley,1.2958,103.83642,Private room,,92,16,2021-01-01,0.16,2,89,0,
25860399,Great view! Ensuite1+1@CBD/Chinatown (Non-Tourist),2413412,1462594434745155670,Kaurus,Central Region,Outram,1.2842,103.84255,Private room,,92,1,2019-11-28,0.01,91,362,0,
25899420,New Unfurnished Apartment (Not Available),13467331,1462911892127101437,Derek,West Region,Bukit Batok,1.35179,103.75778,Entire home/apt,23,93,0,,,1,158,0,
25909373,"1970s singlebed *RmE, no-sharing",8948251,1462791041592076946,Joey,Central Region,Geylang,1.3147,103.88163,Private room,16,92,2,2018-09-23,0.02,73,335,0,
25927281,"MODERN 1-BR on NEWTON RD, SINGAPORE",138649185,1462958959957533044,Sidharth,Central Region,Novena,1.31623,103.8407,Entire home/apt,97,92,0,,,215,363,0,S7957
25953564,Private Room [Kampong Glam] - for 6 pax,151316863,1468486456721468244,Cube,Central Region,Rochor,1.30264,103.86022,Hotel room,,1,1,2023-04-30,0.03,6,0,0,S0384
25963531,AweSome view* Ensuite 1+1 @ City (Not For Tourist),2413412,1462594434745155670,Kaurus,Central Region,Outram,1.28341,103.84165,Private room,,92,2,2018-12-23,0.02,91,335,0,
26018504,Two condo rooms at same Luxury condo unit,9293170,1462810481108398114,Lei Lei,West Region,Jurong West,1.34569,103.72265,Private room,37,92,2,2023-06-30,0.03,2,363,0,
26093121,Modern One bedroom 4 in Luxury Serviced Apartment,68059127,1466841137906743877,Wei,East Region,Bedok,1.32358,103.91458,Private room,39,92,0,,,50,304,0,
26108482,Ensuite room with sea view,47422706,1465715170034251211,Lk,Central Region,Bukit Merah,1.26748,103.81091,Private room,54,92,0,,,1,269,0,
26183286,Private Bedroom in City Area (Queen Bed),152646149,1468497153296674709,Sidney,Central Region,Rochor,1.30309,103.8514,Private room,15,180,1,2020-04-30,0.01,3,363,0,
26207243,"1 BR in QUEENSTOWN, PRIME LOCATION IN THE CITY.",138649185,1462958959957533044,Sidharth,Central Region,Queenstown,1.29022,103.80674,Entire home/apt,100,92,0,,,215,363,0,S9949
26290123,Aljunied *Room2 > MRT 3min > CBD 15 mins,2413412,1462594434745155670,Kaurus,Central Region,Geylang,1.31489,103.88158,Private room,16,92,1,2018-11-07,0.01,91,335,0,
26290281,"1970s singlebed Rm*A, no-sharing",8948251,1462791041592076946,Joey,Central Region,Geylang,1.3149,103.88163,Private room,15,92,2,2020-08-19,0.02,73,335,0,
26293068,"1960s Loftbed RmA*, lavender bugis",8948251,1462791041592076946,Joey,Central Region,Kallang,1.31213,103.86169,Private room,,92,2,2021-08-29,0.02,73,335,0,
26369349,eHome-Cozy Apartment (Tanah Merah MRT),149873393,1462983627228544670,Benny,East Region,Bedok,1.32646,103.94751,Entire home/apt,,360,61,2020-05-15,0.63,1,179,0,
26382243,kEnsuite Brickwall* @ Chinatown/CBD (Non-Tourist),2413412,1462594434745155670,Kaurus,Central Region,Outram,1.285,103.84214,Private room,,92,1,2018-07-13,0.01,91,335,0,
26435923,The Snug - City /Bathroom/Farrer Pk MRT/Sanitised,56421978,1465923438750352182,Nancy,Central Region,Kallang,1.31804,103.85151,Private room,17,92,34,2022-07-03,0.35,1,180,0,
26583889,Luxurious Penthouse in City Centre 3,1170341,1462538781405652553,Jenny,Central Region,Tanglin,1.29307,103.82951,Private room,,92,11,2025-12-14,0.13,3,364,1,
26722862,Aljunied *RoomG > MRT 3min > CBD 15 mins,2413412,1462594434745155670,Kaurus,Central Region,Geylang,1.3147,103.88163,Private room,16,92,2,2019-02-08,0.02,91,335,0,
26965345,"EH4,New Reno,Orchard APT@Emerald Hill,Somerset MRT",25185912,1465337655575621217,Rebekah,Central Region,Newton,1.30372,103.83991,Private room,25,92,0,,,18,364,0,
27125463,"Lavender Semi-Ensuite*, 5 min to MRT",2413412,1462594434745155670,Kaurus,Central Region,Kallang,1.31128,103.86182,Private room,19,92,1,2018-09-18,0.01,91,335,0,
27173843,Chinatown doorstep Private RoomW (Not For Tourist),2413412,1462594434745155670,Kaurus,Central Region,Outram,1.28448,103.84361,Private room,,92,1,2019-08-13,0.01,91,335,0,
27174440,highrise heritage queenbed Rm1 (Not For Tourist),8948251,1462791041592076946,Joey,Central Region,Outram,1.28312,103.84212,Private room,,92,0,,,73,335,0,
27343211,"Orchard, Emerald Hill 1 bedroom suite",119740557,1468219917150811385,Nicholas,Central Region,Newton,1.30487,103.83859,Private room,,92,0,,,2,270,0,
27513236,Maggie's bnb 1bedroom,206769167,1469078707931710491,Maggie Wu,East Region,Bedok,1.31736,103.908,Private room,21,92,6,2020-01-02,0.06,5,179,0,
27513625,Maggie's bnb,206769167,1469078707931710491,Maggie Wu,East Region,Bedok,1.31674,103.90796,Private room,21,92,5,2019-11-16,0.05,5,179,0,
27581596,Maggie's apartment - 1bdroom,206769167,1469078707931710491,Maggie Wu,East Region,Bedok,1.31765,103.9064,Private room,30,92,2,2019-04-30,0.02,5,363,0,
27858471,"24hr self-checkin QueenBed Rm1*, 5min city center",201775246,1469053007441717388,Hillary,Central Region,Kallang,1.31068,103.86118,Private room,19,92,1,2018-11-14,0.01,44,335,0,
27882577,"23hr selfcheckin LoftBed RmA, 5min city center",201775246,1469053007441717388,Hillary,Central Region,Kallang,1.31083,103.86232,Private room,11,92,1,2018-12-31,0.01,44,335,0,
28000993,"500 M to JURONG EAST MRT, 1BR SPACE",138649185,1462958959957533044,Sidharth,West Region,Jurong East,1.33707,103.74297,Entire home/apt,90,92,1,2023-05-21,0.03,215,363,0,S8533
28114931,Room 3 in Terrace House @ Thomson Village,25375339,1465341321925717069,シン,Central Region,Bishan,1.35348,103.83274,Private room,,92,0,,,12,0,0,
28115820,Room 4A in Terrace House @ Thomson Village,25375339,1465341321925717069,シン,Central Region,Bishan,1.35348,103.83274,Private room,,92,1,2020-02-21,0.01,12,0,0,
28116713,Terrace House @ Thomson Village,25375339,1465341321925717069,シン,Central Region,Bishan,1.35348,103.83274,Entire home/apt,,92,0,,,12,0,0,
28522862,Lavender QueenBed *rmPA: 5m walk MRT,2413412,1462594434745155670,Kaurus,Central Region,Kallang,1.3091,103.86033,Private room,16,92,1,2018-12-20,0.01,91,335,0,
28536238,Deluxe Family Room in City Center,155244964,1468517928134407651,The Quay,Central Region,Singapore River,1.2882,103.84751,Hotel room,189,1,34,2026-05-08,0.48,7,128,7,M1234
28649449,Comfort Single Rm &10min to NUS via bus (106-A),1439258,1462518083181087528,K2Guesthouse,Central Region,Queenstown,1.28116,103.78731,Private room,163,1,1,2019-08-12,0.01,44,150,0,S0399
28700151,AweSome view* Ensuite 1+1 @ CBD (Not For Tourist),2413412,1462594434745155670,Kaurus,Central Region,Outram,1.2842,103.84255,Private room,,92,1,2020-01-01,0.01,91,335,0,
28772425,Awesome view! *Semi-Ensuite Chinatown Not4 Tourist,2413412,1462594434745155670,Kaurus,Central Region,Outram,1.28335,103.84331,Private room,,92,2,2019-10-10,0.02,91,335,0,
28788262,Bed in female dormitory @ Kallang MRT,108773366,1467317549047574066,RedDoorz,Central Region,Kallang,1.31157,103.87373,Hotel room,9,92,1,2018-10-21,0.01,24,364,0,
28789540,Common rooms for rent,31146002,1465458328403485122,Derrick,Central Region,Novena,1.32786,103.84834,Private room,56,92,0,,,1,178,0,
28794509,Bed in dormitory at 3 minute walk from Kallang MRT,108773366,1467317549047574066,RedDoorz,Central Region,Kallang,1.31154,103.87348,Hotel room,8,92,22,2020-03-09,0.23,24,364,0,
28998042,Queen Pod in a Shared Room,209260798,1469091695724513348,The Pod,Central Region,Rochor,1.30181,103.85954,Shared room,121,1,7,2025-05-03,0.15,9,358,0,S0269
28998072,Single Pod Suite,209260798,1469091695724513348,The Pod,Central Region,Rochor,1.30065,103.85962,Private room,116,1,14,2023-03-24,0.15,9,355,0,S0269
28998095,Queen Pod Suite,209260798,1469091695724513348,The Pod,Central Region,Rochor,1.30217,103.8615,Private room,158,1,6,2023-01-16,0.07,9,359,0,S0269
28998145,Single Pod (Side Entry) Female Shared Rm,209260798,1469091695724513348,The Pod,Central Region,Rochor,1.3017,103.86119,Shared room,87,1,3,2022-12-03,0.06,9,360,0,S0269
28998161,Single Pod (Side Entry) Mixed Shared Room,209260798,1469091695724513348,The Pod,Central Region,Rochor,1.30197,103.86003,Shared room,81,1,59,2024-03-22,0.63,9,362,0,S0269
28998181,Single Pod (Front Entry) Male Shared Room,209260798,1469091695724513348,The Pod,Central Region,Rochor,1.30183,103.86137,Shared room,74,1,7,2025-01-27,0.08,9,363,0,S0269
28998191,Single Pod (Front Entry) Female Shared Room,209260798,1469091695724513348,The Pod,Central Region,Rochor,1.30142,103.85964,Shared room,84,1,8,2026-06-06,0.10,9,359,1,S0269
29015768,Spacious room3 near MRT in the East,184792657,1468955210689988827,Alee,Central Region,Geylang,1.31534,103.89967,Private room,19,92,65,2025-12-08,0.70,5,182,1,
29020376,Artistically restored Shophouse Room in Chinatown,218722083,1469151452321458814,Ann Siang,Central Region,Outram,1.28163,103.84693,Hotel room,61,92,29,2020-01-25,0.32,5,364,0,
29072228,Downtown View Queenbed Room.(Not for Tourist),97878860,1467178927116750945,Chess,Central Region,Outram,1.28501,103.84342,Private room,,92,0,,,59,335,0,
29076794,Common room @ Central Imperial,25375339,1465341321925717069,シン,Central Region,Geylang,1.31095,103.87955,Private room,25,92,5,2022-10-15,0.06,12,364,0,
29078458,Blessing Aljunied,219125762,1469154635120431829,Deeb,Central Region,Geylang,1.32231,103.886,Private room,43,92,0,,,1,364,0,
29180163,(WHOLE UNIT)Comfy Stay. Fully Furnished! 92363074,128465640,1468289740102508121,Azlan,North Region,Woodlands,1.44878,103.80004,Private room,47,92,0,,,2,364,0,
29302695,Yunnan Garden Corner Terrace ( Near NTU),220733620,1469165798625244670,Lee,West Region,Jurong West,1.33721,103.691,Private room,30,92,42,2021-12-10,0.46,3,363,0,
29319213,Bed in Boutique Hostel @ Geylang Rd,108773366,1467317549047574066,RedDoorz,Central Region,Kallang,1.31108,103.87176,Hotel room,8,92,6,2020-02-25,0.07,24,364,0,
29319686,Boutique Hostel near Kallang Wave Mall,108773366,1467317549047574066,RedDoorz,Central Region,Kallang,1.31128,103.8739,Hotel room,8,92,2,2020-01-12,0.02,24,364,0,
29320487,Bed in female dormitory near National Stadium,108773366,1467317549047574066,RedDoorz,Central Region,Kallang,1.31096,103.87178,Hotel room,14,92,2,2020-01-30,0.02,24,364,0,
29325647,"postwar singlebed *rmG, 3min to aljunied mrt",97878860,1467178927116750945,Chess,Central Region,Geylang,1.31473,103.8816,Private room,16,92,1,2020-03-11,0.01,59,335,0,
29344002,prewar2 loftbed room1 > lavender MRT,97878860,1467178927116750945,Chess,Central Region,Kallang,1.30964,103.86348,Private room,,92,0,,,59,335,0,
29355663,"1970s private queenbed *Rm1, no-sharing",8948251,1462791041592076946,Joey,Central Region,Geylang,1.3147,103.88163,Private room,,92,2,2019-03-31,0.02,73,335,0,
29525240,Chinatown - Luxury [Female Only] Queen Capsule,138468223,1462958551435850255,Cube,Central Region,Outram,1.28412,103.84396,Hotel room,130,1,2,2019-04-10,0.02,5,360,0,S0347
29525299,Chinatown - Luxury [Female Only] Single Capsule,138468223,1462958551435850255,Cube,Central Region,Outram,1.28211,103.84364,Hotel room,80,1,7,2025-04-07,0.08,5,361,0,S0347
29525922,Chinatown - Private Room [Luxury 2 Single Capsule],138468223,1462958551435850255,Cube,Central Region,Outram,1.28277,103.84399,Hotel room,114,1,0,,,5,257,0,S0347
29525951,Chinatown - Luxury [Mixed] Single Capsule,138468223,1462958551435850255,Cube,Central Region,Outram,1.28309,103.84296,Hotel room,91,1,33,2026-02-26,0.36,5,362,3,S0347
29526045,Chinatown - Luxury [Mixed] Queen Capsule,138468223,1462958551435850255,Cube,Central Region,Outram,1.28191,103.84372,Hotel room,125,1,38,2026-05-25,0.41,5,360,5,S0347
29546144,2-bedroom luxury 20th floor penthouse+BBQ Terrace,800558,1462514318016420422,⁨Kim (金)⁩,Central Region,Rochor,1.31183,103.8539,Entire home/apt,1502,2,0,,,10,363,0,M0073
29547507,1-bedroom luxury 20th floor penthouse+BBQ-Jacuzzi,800558,1462514318016420422,⁨Kim (金)⁩,Central Region,Rochor,1.31185,103.85397,Entire home/apt,1232,2,2,2023-12-27,0.05,10,363,0,M0073
29548114,1-bedroom luxury penthouse 5 star + BBQ terrace,800558,1462514318016420422,⁨Kim (金)⁩,Central Region,Rochor,1.31193,103.85489,Entire home/apt,881,2,1,2019-01-04,0.01,10,363,0,M0073
29548473,2-bedroom luxury penthouse + 2 Jacuzzi's + BBQ,800558,1462514318016420422,⁨Kim (金)⁩,Central Region,Rochor,1.31182,103.85417,Entire home/apt,2883,2,2,2023-09-17,0.06,10,363,0,M0073
29552115,Chinatown Skylight Single,23336011,1465271884616547411,Heritage,Central Region,Outram,1.2827270030975342,103.84577941894531,Entire home/apt,126,2,89,2026-04-26,0.97,71,350,15,S0457
29552643,Chinatown Skylight Studio,23336011,1465271884616547411,Heritage,Central Region,Outram,1.2827270030975342,103.84577941894531,Entire home/apt,115,1,127,2026-03-27,1.38,71,350,17,S0457
29579499,Chinatown Studio Premium,23336011,1465271884616547411,Heritage,Central Region,Outram,1.2827270030975342,103.84577941894531,Entire home/apt,144,1,260,2026-05-30,2.82,71,345,46,S0457
29580481,Chinatown Skylight Loft,23336011,1465271884616547411,Heritage,Central Region,Outram,1.2827270030975342,103.84577941894531,Entire home/apt,203,1,41,2026-05-28,0.45,71,322,7,S0457
29581373,Chinatown Premium Loft,23336011,1465271884616547411,Heritage,Central Region,Outram,1.2827270030975342,103.84577941894531,Entire home/apt,182,1,88,2026-05-19,0.95,71,361,15,S0457
29634299,prewar 'revamped Studio-style' Balcony Room,97878860,1467178927116750945,Chess,Central Region,Kallang,1.30862,103.8613,Private room,19,92,0,,,59,335,0,
29665238,Master bedroom for rent,147912349,1468449555075560926,Mr & Mrs,Central Region,Toa Payoh,1.3322,103.87853,Private room,50,92,0,,,1,180,0,
29768671,prewar miniStudio* + washer/dryer,97878860,1467178927116750945,Chess,Central Region,Kallang,1.30972,103.86098,Private room,19,92,1,2018-12-10,0.01,59,335,0,
29977663,FireworksView! Ensuite*+OwnLivingRm (Non-Tourist),8948251,1462791041592076946,Joey,Central Region,Outram,1.2842,103.84255,Private room,,92,1,2018-12-24,0.01,73,252,0,
29996505,"1970s singlebed *RmPad, no-sharing",8948251,1462791041592076946,Joey,Central Region,Geylang,1.31473,103.8816,Private room,13,92,1,2019-04-23,0.01,73,335,0,
30017848,Eng Hoon Street Studio Room,48307592,1465730105380042173,Julie,Central Region,Bukit Merah,1.28273,103.83535,Private room,17,180,0,,,5,270,0,
30031199,Superior Studio room & private bathroom/kitchen(8),68059127,1466841137906743877,Wei,East Region,Bedok,1.31904,103.91294,Private room,,92,0,,,50,0,0,
30046453,Downtown *View Ensuite+livingRm (Non-Tourist),97878860,1467178927116750945,Chess,Central Region,Outram,1.28502,103.84349,Private room,,92,1,2018-11-18,0.01,59,362,0,
30058572,prewar doublebed RmK* > lavender MRT.,97878860,1467178927116750945,Chess,Central Region,Kallang,1.31139,103.86249,Private room,,92,1,2019-04-01,0.01,59,335,0,
30234271,"1970s singlebed *Rm1, no-sharing",8948251,1462791041592076946,Joey,Central Region,Geylang,1.31473,103.8816,Private room,,92,1,2018-11-30,0.01,73,335,0,
30274603,PRIVATE COMMON ROOM IN HDB,8689087,1462773837049933823,Michelle,Central Region,Bukit Merah,1.27241,103.80987,Private room,45,92,0,,,1,178,0,
30385249,Chinatown (2 Queen Beds) Family Boutique Hotel,221293047,1469169077596330914,Ming Hui Sonia,Central Region,Outram,1.28299,103.84312,Hotel room,453,1,9,2025-01-30,0.10,5,361,0,S0035
30385261,Chinatown Family Boutique Hotel for 6 Pax,221293047,1469169077596330914,Ming Hui Sonia,Central Region,Outram,1.28299,103.84312,Hotel room,996,1,3,2025-01-17,0.15,5,353,0,S0035
30385269,Chinatown Family Room Boutique Hotel for 5 Pax,221293047,1469169077596330914,Ming Hui Sonia,Central Region,Outram,1.28392,103.8423,Hotel room,626,1,1,2019-11-16,0.01,5,318,0,S0035
30385291,Chinatown (4 Queen Beds) Family Boutique Hotel,221293047,1469169077596330914,Ming Hui Sonia,Central Region,Outram,1.28234,103.84195,Hotel room,816,1,2,2024-12-28,0.08,5,352,0,S0035
30385453,Chinatown (1 Queen Bed) Family Boutique Hotel,221293047,1469169077596330914,Ming Hui Sonia,Central Region,Outram,1.28299,103.84312,Hotel room,277,1,10,2024-02-14,0.11,5,332,0,S0035
30407285,Studio @ Somerset MRT Orchard Rd,228321955,1469216183549264701,Philip,Central Region,Museum,1.2988552435243061,103.84274044180299,Entire home/apt,49,92,0,,,1,364,0,
30410480,Downtown Chinatown Semi-Studio (Not for Tourist),97878860,1467178927116750945,Chess,Central Region,Outram,1.2842,103.84255,Private room,,92,1,2019-08-13,0.01,59,335,0,
30434753,"24hr self-checkin *QueenBed RmA, 5min city center",201775246,1469053007441717388,Hillary,Central Region,Kallang,1.31128,103.86064,Private room,19,92,1,2019-01-31,0.01,44,335,0,
30453430,HighFloor More Space! Living rm + bedroom (3mths+),201775246,1469053007441717388,Hillary,Central Region,Outram,1.2842,103.84255,Private room,,92,1,2019-03-26,0.01,44,335,0,
30494592,selfcheckin singlebed *roomJ @ aljunied near MRT,201775246,1469053007441717388,Hillary,Central Region,Geylang,1.3147,103.88163,Private room,16,92,2,2020-10-05,0.02,44,335,0,
30520904,HighFloor CityView Queenbed room (Not For Tourist),201775246,1469053007441717388,Hillary,Central Region,Outram,1.28518,103.8428,Private room,,92,0,,,44,335,0,
30543386,"23hr junior *master, private washer/dryer",201775246,1469053007441717388,Hillary,Central Region,Kallang,1.31025,103.86132,Private room,19,92,1,2019-10-26,0.01,44,335,0,
30570119,HighView* City/Chinatown +LivingRm (Non-Tourist),201775246,1469053007441717388,Hillary,Central Region,Outram,1.28467,103.84173,Private room,,92,1,2019-11-03,0.01,44,362,0,
30778537,selfcheckin singlebed *roomBr @ aljunied near MRT,201775246,1469053007441717388,Hillary,Central Region,Geylang,1.31473,103.8816,Private room,,92,1,2019-01-11,0.01,44,335,0,
30783602,Lavender SingleBed *rmA: 5m walk MRT,2413412,1462594434745155670,Kaurus,Central Region,Kallang,1.30973,103.86212,Private room,,92,2,2019-10-18,0.02,91,335,0,
30878734,selfcheckin singlebed *roomA @ aljunied near MRT,201775246,1469053007441717388,Hillary,Central Region,Geylang,1.3147,103.88163,Private room,,92,2,2020-09-19,0.02,44,335,0,
30966211,Lavender QueenBed *rm54: 5m walk MRT,2413412,1462594434745155670,Kaurus,Central Region,Kallang,1.30821,103.86284,Private room,,92,2,2021-06-16,0.02,91,335,0,
31002918,Queen Pod in a Shared Room on a Ladies-Only Floor,209260798,1469091695724513348,The Pod,Central Region,Rochor,1.30025,103.85951,Shared room,130,1,4,2023-12-19,0.09,9,344,0,S0269
31003554,Cozy Studio Byte Apt with WiFi in Kallang,159031223,1468548547772751285,Stay With Fort,Central Region,Kallang,1.29966,103.88497,Entire home/apt,182,6,191,2026-06-27,2.09,8,260,34,Authorised Serviced Apartment
31081282,Lavender QueenBed Rm2*: 5m walk MRT,2413412,1462594434745155670,Kaurus,Central Region,Kallang,1.31029,103.86283,Private room,15,92,1,2020-02-06,0.01,91,335,0,
31107843,HighFloorView Chinatown+LivingRm (Not for Tourist),201775246,1469053007441717388,Hillary,Central Region,Outram,1.2842,103.84255,Private room,,92,0,,,44,335,0,
31129905,highRise Semi-Ensuite w Living space (Not Tourist),8948251,1462791041592076946,Joey,Central Region,Outram,1.28302,103.84339,Private room,,92,1,2018-12-29,0.01,73,335,0,
31155160,HighFloor City/chinatown *Queenbed room,201775246,1469053007441717388,Hillary,Central Region,Outram,1.28529,103.84147,Private room,,92,1,2019-05-19,0.01,44,335,0,
31196834,Good size private room  #2,22875236,1463190645728310943,Beat,East Region,Bedok,1.30864,103.92461,Private room,25,92,13,2023-04-15,0.14,1,363,0,
31201327,371A L2R3 private room with private toilet,33096269,1465484591658758229,E C,Central Region,Geylang,1.31207,103.88856,Private room,25,92,62,2022-01-05,0.68,11,363,0,
31218304,Big ensuite bedroom in newly built house,220733620,1469165798625244670,Lee,West Region,Jurong West,1.33748,103.68989,Private room,38,92,29,2021-07-21,0.32,3,270,0,
31219674,Big ensuite bedroom in newly built house near NTU,220733620,1469165798625244670,Lee,West Region,Jurong West,1.33721,103.6905,Private room,36,92,14,2025-11-09,0.15,3,250,1,
31294965,Awesome Room!,36250439,1465538323036641202,Aaron,East Region,Bedok,1.31885,103.91157,Private room,274,92,0,,,1,361,0,
31357872,Spacious room in Vivsters cozy home,48018398,1465725445018919944,Vivian,North Region,Woodlands,1.42768,103.77561,Private room,39,92,1,2019-01-30,0.01,1,268,0,
31424549,Chinatown Studio Premium no windows,23336011,1465271884616547411,Heritage,Central Region,Outram,1.2827390432357788,103.84584045410156,Entire home/apt,188,2,8,2026-05-09,0.12,71,330,1,S0457
31424940,Pagoda Studio,23336011,1465271884616547411,Heritage,Central Region,Outram,1.2835403,103.8439533,Entire home/apt,155,1,12,2024-08-07,0.35,71,319,0,S0543
31457968,Elegant Suite @ City Gate,173904781,1468687346995628770,James,Central Region,Rochor,1.30032,103.85955,Entire home/apt,,180,19,2022-06-29,0.22,1,0,0,Authorised Serviced Apartment
31573008,CitySkylines@Chinatown,49380207,1465752880388403305,Ong,Central Region,Outram,1.28509,103.84155,Private room,37,92,25,2020-02-17,0.28,7,364,0,
31604515,"ACROSS HAJI LANE & ARAB STREET, HIGH FLOOR 2BR",138649185,1462958959957533044,Sidharth,Central Region,Kallang,1.29848,103.86064,Entire home/apt,196,92,0,,,215,363,0,
31604616,EXQUISITE 2BR SUITE W/D TERRACE@SENTOSA ISLAND,138649185,1462958959957533044,Sidharth,Central Region,Southern Islands,1.25047,103.82309,Entire home/apt,,92,0,,,215,363,0,
31634142,D Your personal space in the Heart of Singapore,236303515,1469257612949925830,I Z,Central Region,Kallang,1.31513,103.85474,Private room,,92,31,2020-03-06,0.34,3,0,0,
31658769,"600M to BEAUTY WORLD MRT, Jln Jurong Studio",138649185,1462958959957533044,Sidharth,Central Region,Tanglin,1.32182,103.814,Entire home/apt,65,92,0,,,215,363,0,Authorised Serviced Apartment
31664598,G FULL SERVICED LOFT | A VIEW MONEY CAN'T BUY,236303515,1469257612949925830,I Z,Central Region,Kallang,1.31658,103.85479,Private room,,92,6,2020-04-25,0.07,3,0,0,
31690736,"Great location, opposite to Marina Bay Sands",197863163,1463135827429035124,Grace,Central Region,Downtown Core,1.28012,103.85661,Entire home/apt,95,96,0,,,1,269,0,
31812483,Work Out in the comfort of your room in Chinatown,218722083,1469151452321458814,Ann Siang,Central Region,Downtown Core,1.27959,103.84625,Hotel room,74,92,20,2020-01-25,0.22,5,364,0,
31959810,Spacious Studio and Kitchenette in Chinatown,218722083,1469151452321458814,Ann Siang,Central Region,Outram,1.28183,103.84657,Hotel room,92,92,6,2020-03-15,0.07,5,364,0,
31960343,Rejuvenate & Recharge in Luxury In Chinatown,218722083,1469151452321458814,Ann Siang,Central Region,Outram,1.28132,103.84491,Hotel room,126,92,11,2020-02-13,0.13,5,364,0,
31960810,Experience Suite Living in the heart of Chinatown,218722083,1469151452321458814,Ann Siang,Central Region,Outram,1.28173,103.84612,Hotel room,114,92,7,2019-12-08,0.08,5,364,0,
31965730,Newly Re-furbished Single Female Room,10463855,1462841352033994337,Siti Noordin,West Region,Choa Chu Kang,1.40089,103.74543,Private room,35,92,13,2021-11-29,0.15,1,364,0,
32027361,Highfloor *FullBathroom attached02 @ Chinatown/CBD,201775246,1469053007441717388,Hillary,Central Region,Outram,1.28512,103.843,Private room,,92,1,2019-06-01,0.01,44,304,0,
32035890,Fireworks view Ensuite+LivingRm (Not For Tourist),8948251,1462791041592076946,Joey,Central Region,Outram,1.28509,103.84344,Private room,,92,0,,,73,335,0,
32171204,Highrise Chinatown Queenbed room (Not For Tourist),201775246,1469053007441717388,Hillary,Central Region,Outram,1.28469,103.84346,Private room,,92,2,2020-12-28,0.03,44,335,0,
32205289,Evergreen park condo near hougang MRT,237131449,1469261831766642443,Shangping,North-East Region,Hougang,1.3672,103.89748,Private room,21,92,31,2020-02-18,0.35,1,268,0,
32222890,"23hr selfcheckin QueenBed Rm1, 5min city center",201775246,1469053007441717388,Hillary,Central Region,Kallang,1.31217,103.86147,Private room,16,92,0,,,44,335,0,
32296304,2 BR Condo Next to MRT Train Station,109741357,1467327917399399983,Lorraine,Central Region,Queenstown,1.27606,103.79068,Entire home/apt,,92,9,2026-05-13,0.10,11,103,1,
32303894,prewar singlebed RmA > lavender MRT,97878860,1467178927116750945,Chess,Central Region,Kallang,1.31046,103.86234,Private room,15,92,1,2019-03-05,0.01,59,335,0,
32488562,Balcony +Washbasin rm2* @ tiong bahru heritage,2413412,1462594434745155670,Kaurus,Central Region,Bukit Merah,1.28443,103.83417,Private room,,92,4,2021-12-01,0.04,91,201,0,
32526213,Comfy Premium Studio 3 mins to MRT (300 sqft),111065775,1467342701722638917,Joyce,Central Region,Orchard,1.29917,103.83863,Hotel room,197,6,24,2026-04-19,0.27,16,327,2,Authorised Serviced Apartment
32621960,Two Bedrooms with Kitchenette near Bugis Junction,148161755,1468451572350403296,Jan,Central Region,Downtown Core,1.29758,103.85351,Entire home/apt,258,92,2,2021-12-15,0.02,26,363,0,
32623479,2BR furnish Apt 500m to City Hall MRT/Raffles City,148161755,1468451572350403296,Jan,Central Region,Rochor,1.29902,103.85153,Entire home/apt,810,6,14,2025-11-21,0.26,26,298,3,Authorised Serviced Apartment
32723994,Tiong bahru Heritage Window *Rm1 near SGH,201775246,1469053007441717388,Hillary,Central Region,Bukit Merah,1.28443,103.83417,Private room,19,92,1,2019-09-21,0.01,44,335,0,
32729464,kAweSome Ensuite 1+1 @ CBD/Chinatown NoWin Cal,2413412,1462594434745155670,Kaurus,Central Region,Outram,1.28302,103.84158,Private room,,92,1,2019-08-01,0.01,91,335,0,
32729775,HighFloor juniorMaster City Queen (Non-Tourist),201775246,1469053007441717388,Hillary,Central Region,Outram,1.2842,103.84255,Private room,20,92,1,2021-04-15,0.02,44,335,0,
32732351,Cozy StudioC* Solo Only @ Tiong Bahru near SGH,2413412,1462594434745155670,Kaurus,Central Region,Bukit Merah,1.28443,103.83417,Entire home/apt,47,92,1,2019-03-05,0.01,91,335,0,
32748783,BALCONY rmBr @ tiong bahru near SGH,2413412,1462594434745155670,Kaurus,Central Region,Bukit Merah,1.28443,103.83417,Private room,19,92,2,2021-09-08,0.03,91,335,0,
32777995,Lavender QueenBed *rmC: 5m walk MRT,2413412,1462594434745155670,Kaurus,Central Region,Kallang,1.31188,103.86005,Private room,16,92,1,2019-05-18,0.01,91,335,0,
32818879,Tiong bahru Heritage Balcony window *Rm2 near SGH,201775246,1469053007441717388,Hillary,Central Region,Bukit Merah,1.28426,103.83438,Private room,,92,2,2021-07-17,0.03,44,335,0,
32821771,prewar Tiong Bahru Balcony window *Rm2 near SGH,97878860,1467178927116750945,Chess,Central Region,Bukit Merah,1.28461,103.83402,Private room,19,92,2,2019-11-27,0.02,59,335,0,
32822582,prewar Tiong Bahru Cozy Studio (near SGH),97878860,1467178927116750945,Chess,Central Region,Bukit Merah,1.2846,103.834,Entire home/apt,47,92,0,,,59,335,0,
32822945,BIG Window Queenbed Rm* @ tiong bahru heritage,2413412,1462594434745155670,Kaurus,Central Region,Bukit Merah,1.28443,103.83417,Private room,19,92,1,2019-12-16,0.01,91,335,0,
32832467,Hippy heritage *STUDIO (tiong bahru near SGH).,8948251,1462791041592076946,Joey,Central Region,Bukit Merah,1.28429,103.83433,Entire home/apt,48,92,1,2019-03-13,0.01,73,335,0,
32846195,COzy Studio Solo only @ Tiong Bahru (walk to SGH),2413412,1462594434745155670,Kaurus,Central Region,Bukit Merah,1.28443,103.83417,Entire home/apt,47,92,6,2021-08-27,0.07,91,335,0,
32873124,Tiong bahru Heritage Studio  near SGH,201775246,1469053007441717388,Hillary,Central Region,Bukit Merah,1.28414,103.83401,Entire home/apt,48,92,0,,,44,335,0,
32874731,Hippy heritage *Balcony Window R2 (tiong bahru),8948251,1462791041592076946,Joey,Central Region,Bukit Merah,1.28434,103.83395,Private room,19,92,1,2019-03-11,0.01,73,335,0,
32908981,"HIGH-LIVING 2 BR in CENTRE OF CITY, ORCHARD",138649185,1462958959957533044,Sidharth,Central Region,Orchard,1.30277,103.83637,Entire home/apt,428,92,0,,,215,363,0,Exempt
32949187,Quiet Window Rm1C* @ tiong bahru heritage,2413412,1462594434745155670,Kaurus,Central Region,Bukit Merah,1.28438,103.83383,Private room,19,92,1,2020-01-14,0.01,91,335,0,
32949544,prewar Tiong Bahru NEW Window *Rm1 near SGH,97878860,1467178927116750945,Chess,Central Region,Bukit Merah,1.28412,103.83408,Private room,18,92,1,2019-04-25,0.01,59,335,0,
33050985,S - BEAUTIFUL CHIC 3 BEDROOM APT,239242652,1469272772886284500,Shasha,Central Region,Bukit Merah,1.28289,103.83225,Entire home/apt,,92,6,2019-10-25,0.07,2,0,0,
33076582,Hippy heritage new window *room1 (tiong bahru),8948251,1462791041592076946,Joey,Central Region,Bukit Merah,1.28404,103.83408,Private room,19,92,2,2019-08-21,0.02,73,335,0,
33079469,Hippy heritage New Balcony Window R1 (tiong bahru),8948251,1462791041592076946,Joey,Central Region,Bukit Merah,1.28451,103.83381,Private room,18,92,0,,,73,335,0,
33081780,Highfloor FullBathroom attached92 @ Chinatown/CBD,201775246,1469053007441717388,Hillary,Central Region,Outram,1.28359,103.84135,Private room,22,92,0,,,44,335,0,
33085177,"Interconnected 1 bedroom family Suites, Singapore",138649185,1462958959957533044,Sidharth,Central Region,Kallang,1.29872,103.86055,Entire home/apt,168,92,0,,,215,363,0,
33085362,"24hr self-check Balcony Qbed *Rm, 5min city center",201775246,1469053007441717388,Hillary,Central Region,Kallang,1.3104,103.86166,Private room,19,92,1,2019-12-14,0.01,44,335,0,
33098686,Tiong bahru Heritage Balcony window *Rm1 near SGH,201775246,1469053007441717388,Hillary,Central Region,Bukit Merah,1.28405,103.83417,Private room,19,92,4,2020-12-31,0.05,44,335,0,
33119907,prewar Tiong Bahru Balcony window Rm1 near SGH,97878860,1467178927116750945,Chess,Central Region,Bukit Merah,1.28428,103.83395,Private room,18,92,0,,,59,335,0,
33155188,"24hr self-checkin Queenbed RmDx, 5min city center",201775246,1469053007441717388,Hillary,Central Region,Kallang,1.31023,103.86146,Private room,19,92,0,,,44,335,0,
33216747,Quiet Window *Rm1 @ tiong bahru heritage,2413412,1462594434745155670,Kaurus,Central Region,Bukit Merah,1.28436,103.83392,Private room,19,92,2,2020-12-07,0.03,91,335,0,
33330793,Downtown Queenbed Room3 @ Chinatown,97878860,1467178927116750945,Chess,Central Region,Outram,1.28379,103.84159,Private room,,92,1,2019-04-23,0.01,59,335,0,
33436577,"Metropolitan living-2stop 2Orchard, MBS/RWS 15mins",251899721,1469334817239692405,Berto,Central Region,Tanglin,1.29436,103.82907,Entire home/apt,,92,23,2020-03-15,0.26,1,0,0,
33457052,"simple, low cost and liveable with  facilities.",220368734,1469163167561343801,Ang,East Region,Pasir Ris,1.37239,103.94421,Private room,19,92,1,2019-07-23,0.01,1,177,0,
33460906,Cozy Flat 1 @ Jurong West Near NTU,252091822,1469335778921546015,Liu,West Region,Jurong West,1.33638,103.69361,Private room,19,92,8,2020-02-29,0.09,5,363,0,Authorised Serviced Apartment
33477122,HighFloor City/chinatown QueenB Rm1 (Non-Tourist),201775246,1469053007441717388,Hillary,Central Region,Outram,1.28529,103.84204,Private room,,92,0,,,44,335,0,
33490643,"Large-bedroom-20%off, long-term rent welcome",38934778,1465581670060999387,Ian,Central Region,Bishan,1.3533,103.83454,Private room,,92,11,2020-08-23,0.13,2,87,0,
33515578,Spacious room for rent,102052937,1467224655175932745,Marisca,Central Region,River Valley,1.29417,103.83844,Private room,50,92,0,,,2,362,0,
33536365,"Large Room@ Seletar
size 458sq.ft
20x22.9sq.ft",24038248,1465282219865740132,Lim,North-East Region,Serangoon,1.38328,103.86828,Private room,,92,33,2021-03-31,0.37,4,90,0,
33596983,Delxue room with Breakfast,253172592,1469340927776200536,Royal Plaza On Scotts,Central Region,Orchard,1.30737,103.83241,Private room,,1,0,,,1,0,0,L0003
33622349,"Luxury at Ease, 1BR@Havelock Rd, Singapore",138649185,1462958959957533044,Sidharth,Central Region,Bukit Merah,1.28983,103.8323,Entire home/apt,,92,3,2023-12-12,0.06,215,363,0,Authorised Serviced Apartment
33634552,Luxurious Studio  in the heart of the city.,42295661,1462690164192992665,Jayanthi,Central Region,Rochor,1.31138,103.85273,Entire home/apt,46,92,68,2021-12-16,0.79,5,115,0,
33669171,Cozy Studio Centrally Located Near to Mrt,42295661,1462690164192992665,Jayanthi,Central Region,Rochor,1.30954,103.85358,Entire home/apt,41,92,70,2022-01-31,0.82,5,364,0,
33722089,highrise heritage queenbed room (not for Tourist),8948251,1462791041592076946,Joey,Central Region,Outram,1.2841,103.84253,Private room,,92,2,2019-06-09,0.02,73,335,0,
33734018,Private One bedroom 7 in Luxury Serviced Apartment,68059127,1466841137906743877,Wei,East Region,Bedok,1.32477,103.91454,Private room,,92,4,2021-04-09,0.05,50,63,0,
33792104,Downtown View Ensuite+livingRm (Not For Tourist),97878860,1467178927116750945,Chess,Central Region,Outram,1.2841,103.84253,Private room,,92,1,2019-08-30,0.01,59,335,0,
33836101,Cosy Soho 1 bedroom condominium at by east coast,40375561,1465601862685100201,Bin,Central Region,Marine Parade,1.29947,103.90175,Entire home/apt,39,92,0,,,1,260,0,
33885738,Chinatown@doorstep: Queenbed Rm 891* (Not Tourist),2413412,1462594434745155670,Kaurus,Central Region,Outram,1.2841,103.84253,Private room,,92,1,2019-05-29,0.01,91,335,0,
33982757,[Chinatown] Deluxe Family Quad-2mins away from MRT,256587033,1463314429874855387,Feng,Central Region,Outram,1.28196,103.8429,Hotel room,465,1,70,2026-05-26,0.84,9,133,8,S0408
33999107,BalconyC Washbasin rm2 @ tiong bahru (walk to SGH),2413412,1462594434745155670,Kaurus,Central Region,Bukit Merah,1.28559,103.8332,Private room,19,92,5,2020-12-05,0.06,91,335,0,
34052336,Economical 2 bedroom apartment near MRT,238891646,1463258524593591157,Neha,Central Region,Queenstown,1.29191,103.80647,Entire home/apt,175,92,2,2020-01-07,0.02,131,363,0,Authorised Serviced Apartment
34068805,Cozy 1 Bedroom Apartment at Bouna Vista near MRT,238891646,1463258524593591157,Neha,Central Region,Queenstown,1.27864,103.78706,Entire home/apt,94,92,0,,,131,363,0,Authorised Serviced Apartment
34071208,【REST】 Chinatown/Deluxe Family Room,256587033,1463314429874855387,Feng,Central Region,Outram,1.2836,103.84368,Hotel room,381,1,80,2026-06-11,0.93,9,164,8,S0408
34071596,【REST】Chinatown/ Superior Double,256587033,1463314429874855387,Feng,Central Region,Outram,1.28229,103.84516,Hotel room,191,1,54,2025-12-29,0.62,9,176,3,S0408
34071837,【REST】 Chinatown/Double Room without Window,256587033,1463314429874855387,Feng,Central Region,Outram,1.28152,103.84492,Hotel room,203,1,75,2026-06-03,0.87,9,164,9,S0408
34072244,【REST】 Chinatown/Single Room,256587033,1463314429874855387,Feng,Central Region,Outram,1.28155,103.84517,Hotel room,227,1,58,2026-04-30,0.68,9,173,8,S0408
34073545,【REST COLLECTION】Chinatown/Family/2mins away MRT,256587033,1463314429874855387,Feng,Central Region,Outram,1.28239,103.84502,Hotel room,643,1,24,2026-04-12,0.28,9,137,4,S0408
34076777,1960s queenbed *RmP @ lavender bugis,8948251,1462791041592076946,Joey,Central Region,Kallang,1.31068,103.86118,Private room,,92,2,2019-11-25,0.02,73,335,0,
34082010,selfcheckin singlebed room2* @ aljunied near MRT,201775246,1469053007441717388,Hillary,Central Region,Geylang,1.3147,103.88163,Private room,15,92,2,2020-03-25,0.02,44,335,0,
34186257,CozzyRoom@Chinatown(no window),49380207,1465752880388403305,Ong,Central Region,Outram,1.2834,103.84367,Private room,30,92,14,2020-02-10,0.16,7,364,0,
34243743,Simple cozy elegant master room for 80,96718721,1467165128201548843,Irene,Central Region,Tanglin,1.2951,103.82826,Private room,61,92,0,,,11,364,0,Authorised Serviced Apartment
34271538,Fireworks view Ensuite+LivingRm (Not For Tourist),8948251,1462791041592076946,Joey,Central Region,Outram,1.28351,103.84163,Private room,,92,0,,,73,335,0,
34288316,prewar doublebed Rm1* > Lavender MRT.,97878860,1467178927116750945,Chess,Central Region,Kallang,1.31098,103.86005,Private room,16,92,1,2019-05-30,0.01,59,335,0,
34346401,"1970s singlebed *RmK, no-sharing",8948251,1462791041592076946,Joey,Central Region,Geylang,1.3147,103.88163,Private room,16,92,1,2019-08-09,0.01,73,335,0,
34373954,"23hr selfcheckin junior master, washer/dryer",201775246,1469053007441717388,Hillary,Central Region,Kallang,1.30824,103.86179,Private room,,92,0,,,44,335,0,
34454047,CityView@Chinatown,49380207,1465752880388403305,Ong,Central Region,Outram,1.28534,103.84224,Private room,33,92,12,2020-01-29,0.14,7,364,0,
34489654,Cozy Room @ Seletar,24038248,1465282219865740132,Lim,North-East Region,Serangoon,1.38296,103.86942,Private room,,92,19,2020-02-17,0.22,4,90,0,
34526007,Luxurious 1 Br very close to MRT,42295661,1462690164192992665,Jayanthi,Central Region,Rochor,1.3111,103.85401,Entire home/apt,,92,46,2022-01-09,0.54,5,0,0,
34569244,Condo masterbedroom Like home Clarke Quay 150m MRT,44250196,1465657303637881905,Steph,Central Region,Downtown Core,1.29229,103.85011,Private room,50,92,1,2019-09-11,0.01,2,364,0,
34569884,Like your own home @ Fort Canning! 150m from MRT,44250196,1465657303637881905,Steph,Central Region,Museum,1.29429,103.84873,Entire home/apt,91,92,6,2020-10-18,0.07,2,364,0,
34579286,Luxurious New 1 Br near to MRT,42295661,1462690164192992665,Jayanthi,Central Region,Rochor,1.31072,103.85421,Entire home/apt,46,92,46,2022-01-07,0.54,5,195,0,
34627895,"kAwesome Brickwall loftbed *RmC, Chinatown CBD",2413412,1462594434745155670,Kaurus,Central Region,Outram,1.2829,103.84286,Private room,14,92,1,2019-06-08,0.01,91,304,0,
34654117,1960s singlebed *RmAn @ lavender bugis,8948251,1462791041592076946,Joey,Central Region,Kallang,1.3101,103.8621,Private room,15,92,1,2019-12-14,0.01,73,335,0,
34675596,highrise loftbed roomNi @ chinatown heritage,8948251,1462791041592076946,Joey,Central Region,Outram,1.28527,103.84211,Private room,14,92,0,,,73,304,0,
34699073,Highrise ChinatownD Singlebed room,201775246,1469053007441717388,Hillary,Central Region,Outram,1.28446,103.84146,Private room,14,92,0,,,44,304,0,
34819352,Studio apartment with kitchenette,73166292,1462809865509564983,Sam,Central Region,Geylang,1.31588,103.90364,Entire home/apt,71,92,28,2021-08-09,0.32,1,364,0,
34909010,Aljunied Room2 > MRT 3min > CBD 15 mins,2413412,1462594434745155670,Kaurus,Central Region,Geylang,1.3147,103.88163,Private room,16,92,0,,,91,335,0,
34909012,"1970s singlebed *RmN, no-sharing",8948251,1462791041592076946,Joey,Central Region,Geylang,1.3147,103.88163,Private room,16,92,1,2019-07-12,0.01,73,335,0,
34930444,1960s Queenbed RmNt @ lavender bugis,8948251,1462791041592076946,Joey,Central Region,Kallang,1.31006,103.86226,Private room,15,92,0,,,73,335,0,
34932388,"24hr self-checkin Queenbed *RmB, 5min city center",201775246,1469053007441717388,Hillary,Central Region,Kallang,1.31144,103.86032,Private room,19,92,0,,,44,335,0,
34950613,Charming Kovan Master Bedroom: 3+ Months Stays,10823332,1462850480413127905,J,North-East Region,Hougang,1.35915,103.87839,Private room,23,92,1,2019-07-31,0.01,1,364,0,
34964444,selfcheckin singlebed *roomCC @ aljunied near MRT,201775246,1469053007441717388,Hillary,Central Region,Geylang,1.3147,103.88163,Private room,16,92,1,2019-07-01,0.01,44,335,0,
34990577,Master Room at West Coast Road,48307592,1465730105380042173,Julie,West Region,Clementi,1.30738,103.76242,Private room,,180,0,,,5,173,0,
35026116,Chinatown your doorstep: Queenbed Rm (Non-Tourist),2413412,1462594434745155670,Kaurus,Central Region,Outram,1.2841,103.84253,Private room,,92,1,2019-08-03,0.01,91,335,0,
35030220,2BR Ensuite; <5 minutes to MRT & Tekka food market,34008599,1465496948798851490,Ling,Central Region,Rochor,1.30715,103.84713,Entire home/apt,72,92,0,,,1,270,0,
35077531,Stylish private single room in city centre,264230720,1469397701683459065,Circular House,Central Region,Singapore River,1.28692,103.84816,Hotel room,27,92,7,2020-01-26,0.08,8,364,0,
35077950,Stylish private queen room in city centre,264230720,1469397701683459065,Circular House,Central Region,Singapore River,1.28742,103.84822,Hotel room,31,92,3,2019-07-30,0.04,8,364,0,
35082329,Stylish Single Pod in Female Only Room,264230720,1469397701683459065,Circular House,Central Region,Singapore River,1.28897,103.848,Hotel room,,92,16,2020-02-15,0.19,8,364,0,
35102472,Coveted excellent studio,42295661,1462690164192992665,Jayanthi,Central Region,Rochor,1.30909,103.85459,Entire home/apt,47,92,52,2022-11-30,0.61,5,364,0,
35181133,"23hr selfcheckin LoftBed RmA*, 5min city center",201775246,1469053007441717388,Hillary,Central Region,Kallang,1.31017,103.86266,Private room,11,92,1,2020-02-12,0.01,44,335,0,
35185755,Spacious 3 Bedroom Apartment at Queenstown,238891646,1463258524593591157,Neha,Central Region,Queenstown,1.29702,103.80439,Entire home/apt,133,92,1,2022-05-08,0.02,131,363,0,Authorised Serviced Apartment
35185822,Affordable 2 Bedroom apartment at Bouna Vista,238891646,1463258524593591157,Neha,Central Region,Queenstown,1.30482,103.78462,Entire home/apt,131,92,2,2022-03-08,0.02,131,363,0,Authorised Serviced Apartment
35300552,Single Bed in 4-Bed Ensuite Mixed Dormitory Room,212039019,1469107234283162951,Thads,Central Region,Bukit Merah,1.28612,103.83153,Hotel room,11,92,1,2019-07-25,0.01,6,364,0,
35300977,Single Bed in 8-Bed Ensuite Dormitory Room,212039019,1469107234283162951,Thads,Central Region,Bukit Merah,1.2844,103.83353,Hotel room,9,92,4,2019-10-13,0.05,6,364,0,
35302676,Single Bed in 6-Bed Mixed Dormitory Room,212039019,1469107234283162951,Thads,Central Region,Bukit Merah,1.28471,103.83366,Hotel room,10,92,7,2019-12-13,0.08,6,364,0,
35335972,Single Bed in 4-Bed Mixed Dormitory Room,212039019,1469107234283162951,Thads,Central Region,Bukit Merah,1.28389,103.83154,Hotel room,11,92,1,2020-02-28,0.01,6,364,0,
35336070,Single Bed in 6-Bed Female Ensuite Dorm Room,212039019,1469107234283162951,Thads,Central Region,Bukit Merah,1.28584,103.83342,Hotel room,12,92,2,2019-08-12,0.02,6,364,0,
35359778,*No Service Fees* Condo Apartment near Clarke Quay,3437228,1462629367172898854,Adrian,Central Region,Singapore River,1.28949,103.84799,Entire home/apt,93,92,7,2020-11-01,0.08,2,364,0,
35363901,"SPACIOUS 3 BEDROOM APARTMENT, CLEMENTI",238891646,1463258524593591157,Neha,West Region,Clementi,1.31197,103.76126,Entire home/apt,150,92,1,2022-05-06,0.02,131,363,0,Authorised Serviced Apartment
35397761,Single Bed in 6-Bed Ensuite Mixed Dormitory Room,212039019,1469107234283162951,Thads,Central Region,Bukit Merah,1.28454,103.83187,Hotel room,10,92,1,2019-09-02,0.01,6,364,0,
35429425,"Room with bathroom, 1 min walk to Holland V MRT",25185912,1465337655575621217,Rebekah,Central Region,Bukit Timah,1.3112,103.7953,Private room,32,92,0,,,18,364,0,
35469684,Stylish King Pod in Mixed Gender Room(City Centre),264230720,1469397701683459065,Circular House,Central Region,Singapore River,1.28844,103.84782,Hotel room,25,92,3,2019-12-15,0.04,8,364,0,
35483332,"2 Bedroom 3 Bath at Havelock Road, Long Stays",238891646,1463258524593591157,Neha,Central Region,Bukit Merah,1.29104,103.82984,Entire home/apt,138,92,3,2021-12-25,0.04,131,363,0,Authorised Serviced Apartment
35483354,Enchanting 3 Bedroom with 3 bath at Havelock Road,238891646,1463258524593591157,Neha,Central Region,Singapore River,1.28833,103.83704,Entire home/apt,177,92,3,2022-04-26,0.04,131,363,0,Authorised Serviced Apartment
35483358,"Super Comfortable 1 BR apartment , Novena",238891646,1463258524593591157,Neha,Central Region,Novena,1.31864,103.84894,Entire home/apt,105,92,0,,,131,363,0,Authorised Serviced Apartment
35505259,"200 sq.ft. Studio@Jurong Kechil, Singapore",138649185,1462958959957533044,Sidharth,Central Region,Bukit Timah,1.34197,103.77331,Entire home/apt,67,92,0,,,215,363,0,Authorised Serviced Apartment
35506661,"15 SQ. MT. STUDIO@ JALAN JURONG, Singapore",138649185,1462958959957533044,Sidharth,Central Region,Bukit Timah,1.34023,103.77124,Entire home/apt,68,92,0,,,215,363,0,S0012
35656521,Perfect One bedroom apartment at Queenstown,238891646,1463258524593591157,Neha,Central Region,Queenstown,1.29204,103.8068,Entire home/apt,109,92,0,,,131,363,0,Authorised Serviced Apartment
35656871,Twin Studio For 2 at Novena,238891646,1463258524593591157,Neha,Central Region,Novena,1.31932,103.84737,Entire home/apt,113,92,0,,,131,363,0,Authorised Serviced Apartment
35693228,"A STROLL TO ORCHARD, 36 sq.mt, MODERN 1-BR",138649185,1462958959957533044,Sidharth,Central Region,River Valley,1.29828,103.83866,Entire home/apt,110,92,0,,,215,363,0,
35723337,"Master bedroom, Close to NUS, Resort Style Condo",9985120,1462828730741951069,B,West Region,Clementi,1.29858,103.76422,Private room,28,92,6,2024-09-26,0.07,2,263,0,
35742330,Cosy Room in  West Coast Road,48307592,1465730105380042173,Julie,West Region,Clementi,1.30693,103.76314,Private room,,180,0,,,5,83,0,
35747289,Capsule Family Room | Mins to Farrer Park MRT,268906890,1469421177553502011,BEAT. Sports Hostel,Central Region,Kallang,1.30971,103.85948,Hotel room,74,92,4,2019-12-22,0.05,3,364,0,
35818107,6-pax Family Room | Mins walk to Farrer Park MRT,268906890,1469421177553502011,BEAT. Sports Hostel,Central Region,Kallang,1.31167,103.85816,Hotel room,48,92,15,2020-01-13,0.18,3,364,0,
35878570,6-Pax Family Room Ensuite | Mins to FarrerPark MRT,268906890,1469421177553502011,BEAT. Sports Hostel,Central Region,Kallang,1.31047,103.85805,Hotel room,,92,0,,,3,364,0,
35883311,Stylish Single Pod in Mixed Gender Room,264230720,1469397701683459065,Circular House,Central Region,Singapore River,1.28881,103.84824,Hotel room,,92,6,2019-12-17,0.07,8,364,0,
35883439,Stylish Queen Pod in Female Only Room,264230720,1469397701683459065,Circular House,Central Region,Singapore River,1.28848,103.84794,Hotel room,19,92,6,2020-02-16,0.07,8,364,0,
35885309,Stylish Queen Pod in Mixed Gender Room,264230720,1469397701683459065,Circular House,Central Region,Singapore River,1.28809,103.84895,Hotel room,,92,16,2020-01-14,0.19,8,364,0,
35991648,F Your Loft in the heart of Singapore,236303515,1469257612949925830,I Z,Central Region,Kallang,1.31689,103.85484,Private room,,92,27,2020-04-24,0.32,3,0,0,
36009935,Fascinating 1 Bedroom 2 Bath on Havelock Road,238891646,1463258524593591157,Neha,North Region,Central Water Catchment,1.35286,103.8205,Entire home/apt,86,92,2,2022-04-22,0.03,131,363,0,Authorised Serviced Apartment
36013750,Lovely 2 Bedroom Apartment In Orchard,138649185,1462958959957533044,Sidharth,Central Region,Orchard,1.3022,103.83329,Entire home/apt,938,6,1,2022-02-09,0.02,215,363,0,Authorised Serviced Apartment
36016056,"Located @ Heart of Orchard, Lavish 3BR",138649185,1462958959957533044,Sidharth,Central Region,Orchard,1.30364,103.83197,Entire home/apt,1121,6,0,,,215,363,0,Exempt
36080117,Cosy Private room,252457369,1469337458061926895,Jeannie,North Region,Woodlands,1.43479,103.80013,Private room,,92,2,2019-09-23,0.02,2,83,0,
36129690,*No Service Fees* Bedroom Condo Clarke Quay,3437228,1462629367172898854,Adrian,Central Region,Downtown Core,1.2905714424537125,103.84984406623494,Private room,39,92,1,2019-08-30,0.01,2,364,0,
36156090,"Leisurely Walk to Somerset MRT, Grand 2-BR Suite",138649185,1462958959957533044,Sidharth,Central Region,River Valley,1.29869,103.84119,Entire home/apt,897,6,0,,,215,363,0,Exempt
36156663,"Leisurely Walk to Somerset MRT, Grand 3-BR Suite",138649185,1462958959957533044,Sidharth,Central Region,River Valley,1.29912,103.84106,Entire home/apt,1044,6,1,2019-11-08,0.01,215,363,0,Exempt
36216542,Spacious 1+1 Room 2 near MRT in the East,184792657,1468955210689988827,Alee,Central Region,Geylang,1.31623,103.9,Private room,22,92,33,2021-12-01,0.40,5,266,0,
36226718,1 bedroom with private bathroom near to lake!,272468399,1469438223932887893,Rachel,West Region,Jurong West,1.34546,103.72175,Private room,,92,6,2022-10-31,0.07,1,115,0,
36264042,373 L3R3 Private Master Bedroom w Private Toilet,33096269,1465484591658758229,E C,Central Region,Geylang,1.31291,103.88671,Private room,24,92,38,2025-06-22,0.45,11,179,0,
36285087,371 L2 R4 Master bedroom w private toilet,33096269,1465484591658758229,E C,Central Region,Geylang,1.31249,103.88851,Private room,19,92,26,2025-12-03,0.31,11,209,1,
36333873,Riverside 2 BR Family Space @ RQ,138649185,1462958959957533044,Sidharth,Central Region,Singapore River,1.29184,103.84229,Entire home/apt,941,6,0,,,215,363,0,Exempt
36354920,"HVIIL - Holland Village Condo, 1 min away from MRT",25185912,1465337655575621217,Rebekah,Central Region,Bukit Timah,1.31292,103.79761,Private room,25,92,2,2024-12-19,0.02,18,364,0,
36490863,Cairnhill,74074683,1466912420695749195,Yan Ran,Central Region,Newton,1.30751,103.83773,Entire home/apt,74,92,0,,,1,267,0,
36530311,"1960s Loftbed *RmS, lavender bugis",8948251,1462791041592076946,Joey,Central Region,Kallang,1.31117,103.86214,Private room,,92,1,2019-10-26,0.01,73,335,0,
36570785,Cozy Scandi Vibes,137302887,1468365192512474591,Nomad,North-East Region,Sengkang,1.39158,103.89581,Private room,35,92,10,2020-03-18,0.12,1,270,0,
36581961,Exclusive  Ladies-Only  in Citycenter w/bathroom,158158038,1463002590478871402,James,Central Region,Downtown Core,1.27452,103.84523,Private room,28,92,15,2020-12-31,0.18,1,364,0,
36618900,Deluxe Family Suite in City Centre (Private Bath),264230720,1469397701683459065,Circular House,Central Region,Singapore River,1.28691,103.84823,Hotel room,64,92,6,2020-06-11,0.07,8,364,0,
36652759,[Rare] CORNER TERRACE UP FOR Rent (Whole unit),5654051,1462686077420789646,Jonathan,East Region,Bedok,1.31078,103.92194,Entire home/apt,,365,0,,,1,364,0,
36681333,"Studio Apartment near Novena, Balestier area",2235699,1462589796465856935,Yin,Central Region,Novena,1.32742,103.8424,Entire home/apt,31,180,0,,,2,362,0,
36760495,"CozyCondo, 1 minute to MRT",276304273,1469456918341934728,J,East Region,Bedok,1.32707,103.94985,Entire home/apt,,200,28,2020-07-14,0.33,1,179,0,
36785495,Cosy Common Room,252457369,1469337458061926895,Jeannie,North Region,Woodlands,1.43519,103.79981,Private room,,92,0,,,2,27,0,
36983957,"BUDGET FRIENDLY, ONE BEDROOM APARTMENT, NOVENA",238891646,1463258524593591157,Neha,Central Region,Novena,1.31603,103.84066,Entire home/apt,92,92,0,,,131,363,0,Authorised Serviced Apartment
37047668,Junior master room,28266894,1465417327935464347,Angela,North-East Region,Serangoon,1.3454373301089784,103.88101771473885,Private room,23,92,0,,,1,363,0,Exempt
37219959,BIG Window Queenbed RmC @ tiong bahru heritage,2413412,1462594434745155670,Kaurus,Central Region,Bukit Merah,1.28456,103.83405,Private room,19,92,1,2021-06-05,0.02,91,335,0,
37219965,Hippy heritage BIG Window Queenbed Rm @tiong bahru,8948251,1462791041592076946,Joey,Central Region,Bukit Merah,1.28456,103.83405,Private room,19,92,1,2020-03-22,0.01,73,335,0,
37219969,Tiong bahru Heritage Window Queenbed Rm near SGH,201775246,1469053007441717388,Hillary,Central Region,Bukit Merah,1.28355,103.83323,Private room,19,92,0,,,44,335,0,
37219971,prewar Tiong Bahru BIG window Queenbed Rm near SGH,97878860,1467178927116750945,Chess,Central Region,Bukit Merah,1.28456,103.83405,Private room,19,92,2,2020-01-25,0.02,59,335,0,
37234668,"FAMILY 2BR IN NOVENA, SINGAPORE",138649185,1462958959957533044,Sidharth,Central Region,Novena,1.31875,103.84413,Entire home/apt,115,92,0,,,215,363,0,S7605
37334803,"Fully Furnished 3 Bedroom at Clementi, Singapore",238891646,1463258524593591157,Neha,West Region,Clementi,1.31259,103.75838,Entire home/apt,195,92,2,2020-01-02,0.02,131,363,0,Authorised Serviced Apartment
37444884,HighFloor ChinatownView Queenbed+Shower,201775246,1469053007441717388,Hillary,Central Region,Outram,1.2841,103.84253,Private room,,92,0,,,44,335,0,
37484436,Bedok area contact host 4 offer rate,225705538,1463220757351441391,Kelvin,East Region,Bedok,1.32668,103.94586,Private room,18,92,69,2021-06-06,0.82,1,210,0,
37586357,partial Ensuite with own washer/dryer,8948251,1462791041592076946,Joey,Central Region,Kallang,1.31045,103.86321,Private room,19,92,0,,,73,335,0,
37587133,"FULLY FURNISHED 3 BEDROOM, CLEMENTI",238891646,1463258524593591157,Neha,West Region,Clementi,1.31354,103.75811,Entire home/apt,184,92,1,2019-08-21,0.01,131,363,0,Authorised Serviced Apartment
37605217,"Lavender Queenbed, 4min lavender MRT, 2min  Bugis",2413412,1462594434745155670,Kaurus,Central Region,Kallang,1.31117,103.86214,Private room,,92,1,2019-09-09,0.01,91,335,0,
37794307,HighFloor CityView Queenbed room (Not for Tourist),201775246,1469053007441717388,Hillary,Central Region,Outram,1.28305,103.84279,Private room,,92,0,,,44,335,0,
37905248,"lavLoftbed *RmKc, no-sharing, wifi, mrt",2413412,1462594434745155670,Kaurus,Central Region,Kallang,1.31101,103.86232,Private room,12,92,1,2019-08-29,0.01,91,335,0,
37916346,Habyt Cantonment - The Extra Large,287240181,1469498945672599172,Habyt Cantonment,Central Region,Bukit Merah,1.27427,103.84092,Private room,233,6,135,2026-05-05,1.65,5,364,6,Authorised Serviced Apartment
37924217,Budget Hotel Room near Masjid Abdul Gafoor,108773366,1467317549047574066,RedDoorz,Central Region,Rochor,1.3042,103.85488,Private room,46,92,0,,,24,180,0,
37947662,Top Floor Suite with Private Bathroom and Terrace,243474450,1469292279331364382,Mark,East Region,Pasir Ris,1.36321,103.96706,Private room,26,92,1,2020-05-26,0.01,2,364,0,
37958355,"STUDIO SPACE @ TANJONG PAGAR, CBD.",138649185,1462958959957533044,Sidharth,Central Region,Downtown Core,1.27384,103.84411,Entire home/apt,67,92,0,,,215,363,0,
37981411,RedDoorz Hotel Singapore Rochor,108773366,1467317549047574066,RedDoorz,Central Region,Rochor,1.30619,103.85316,Private room,46,92,1,2019-09-24,0.01,24,180,0,
37981670,Comfy Room Hotel in the Heart of Tourist places,108773366,1467317549047574066,RedDoorz,Central Region,Rochor,1.30464,103.85324,Private room,46,92,0,,,24,180,0,
37981883,RedDoorz Plus @ Little India,108773366,1467317549047574066,RedDoorz,Central Region,Rochor,1.30418,103.8535,Private room,51,92,0,,,24,180,0,
37982840,Executive Hotel Room near Jalan Besar Rd,108773366,1467317549047574066,RedDoorz,Central Region,Rochor,1.30422,103.85366,Private room,,92,0,,,24,180,0,
37983056,Best location 3 Minutes to Jalan Besar MRT Station,108773366,1467317549047574066,RedDoorz,Central Region,Rochor,1.3049,103.85297,Private room,,92,0,,,24,180,0,
37984003,Premium Hotel @ Balestier Rd Singapore,108773366,1467317549047574066,RedDoorz,Central Region,Novena,1.3245,103.85045,Private room,29,92,3,2020-01-03,0.04,24,180,0,
37984348,Cozy Hotel Room 3 Minutes to Balestier Plaza,108773366,1467317549047574066,RedDoorz,Central Region,Novena,1.32599,103.84926,Private room,,92,0,,,24,180,0,
37984441,Boutique Hotel in the Heart of Novena,108773366,1467317549047574066,RedDoorz,Central Region,Novena,1.32449,103.84881,Private room,29,92,0,,,24,180,0,
37984524,Budget Hotel Room @ Balestier Rd | RedDoorz,108773366,1467317549047574066,RedDoorz,Central Region,Novena,1.32585,103.85087,Private room,29,92,2,2021-02-28,0.03,24,364,0,
37986704,RedDoorz Hotel Singapore Novena,108773366,1467317549047574066,RedDoorz,Central Region,Novena,1.32441,103.85074,Private room,39,92,0,,,24,180,0,
37999599,Habyt Cantonment - The Medium,287240181,1469498945672599172,Habyt Cantonment,Central Region,Bukit Merah,1.2737913,103.8406014,Private room,179,6,260,2026-05-23,3.17,5,362,48,Authorised Serviced Apartment
38005247,"1970s singlebed *RmKe, no-sharing",8948251,1462791041592076946,Joey,Central Region,Geylang,1.3147,103.88163,Private room,16,92,1,2019-11-30,0.01,73,335,0,
38026889,Furnished Studio Apt - 550m to Bugis MRT,148161755,1468451572350403296,Jan,Central Region,Rochor,1.29906,103.85187,Entire home/apt,303,6,27,2025-05-24,0.34,26,328,0,Authorised Serviced Apartment
38035489,1960s Queenbed Rm1* @ lavender bugis,8948251,1462791041592076946,Joey,Central Region,Kallang,1.31068,103.86118,Private room,16,92,1,2019-11-16,0.01,73,335,0,
38057160,Ensuite room in quiet estate in Ang Mo Kio nr MRT,122219616,1468239616441322689,Veronica,North-East Region,Ang Mo Kio,1.37338,103.83949,Private room,,92,0,,,1,90,0,
38134989,Habyt Cantonment - The Small,287240181,1469498945672599172,Habyt Cantonment,Central Region,Bukit Merah,1.2737913,103.8406014,Private room,165,6,340,2026-06-19,4.19,5,363,7,Authorised Serviced Apartment
38136195,Studio Apt 500m to City Hall MRT | Raffles City,148161755,1468451572350403296,Jan,Central Region,Downtown Core,1.29722,103.85346,Private room,297,6,7,2026-04-12,0.08,26,328,2,Authorised Serviced Apartment
38305984,ONE BEDROOM PREMIUM @ SERANGOON MRT,291243757,1463395960793883175,JJH Serviced Apartment,North-East Region,Serangoon,1.34595,103.87039,Private room,57,92,1,2019-09-28,0.01,4,364,0,Authorised Serviced Apartment
38307308,STUDIO-SUITES @JJH SERVICED APARTMENT,291243757,1463395960793883175,JJH Serviced Apartment,North-East Region,Serangoon,1.34549,103.87029,Private room,203,6,1,2025-07-11,0.08,4,220,1,Authorised Serviced Apartment
38307486,Orchard Road Area Room for Rent,47298338,1465712913220048301,Sebastian,Central Region,River Valley,1.30244,103.82695,Private room,37,92,0,,,1,263,0,
38337287,Heart of the city apartment Tanjong P. / Outram,22273315,1463175778904981691,Jimmy,Central Region,Bukit Merah,1.27591,103.83948,Private room,,180,0,,,2,0,0,
38388737,【REST】Bugis/ Single Room no window-POOL,292133113,1469513806708207521,Qi,Central Region,Rochor,1.3052,103.85982,Private room,191,1,30,2026-03-17,0.45,17,152,1,S0430
38399837,A Cozy all ladies' home,275261096,1469451971764939672,L Peng,East Region,Pasir Ris,1.37175,103.94875,Private room,8,180,4,2019-11-12,0.05,1,270,0,
38478522,"selfcheckin Aljunied Queenbed window rm, 5min MRT",201775246,1469053007441717388,Hillary,Central Region,Geylang,1.3155,103.88063,Private room,,92,0,,,44,335,0,
38498535,S - Spacious Beautiful City Apartment,239242652,1469272772886284500,Shasha,Central Region,Bukit Merah,1.28302,103.83199,Entire home/apt,147,92,0,,,2,364,0,
38526126,"COZY 2 BEDROOM FURNISHED APARTMENT, NOVENA",238891646,1463258524593591157,Neha,Central Region,Novena,1.31681,103.84071,Entire home/apt,111,92,0,,,131,363,0,Authorised Serviced Apartment
38530815,Awesome View *RoomC @ Chinatown (Not for Tourist),2413412,1462594434745155670,Kaurus,Central Region,Outram,1.28513,103.84156,Private room,,92,1,2019-12-08,0.01,91,335,0,
38639800,kEnsuite Brickwall8 @ Chinatown/CBD (Non-Tourist),2413412,1462594434745155670,Kaurus,Central Region,Outram,1.28352,103.8432,Private room,21,92,1,2021-06-29,0.02,91,335,0,
38837741,"Mins to Mt. Elizabeth Orchard, calm & peaceful 2BR",138649185,1462958959957533044,Sidharth,Central Region,Tanglin,1.31405,103.82495,Entire home/apt,766,6,0,,,215,363,0,Authorised Serviced Apartment
38910295,"24hr self-checkin Queenbed *RmC, 5min city center",201775246,1469053007441717388,Hillary,Central Region,Kallang,1.31068,103.86118,Private room,16,92,1,2019-11-01,0.01,44,335,0,
38914093,【REST】Bugis/Superior Twin Room no window - POOL,292133113,1469513806708207521,Qi,Central Region,Rochor,1.3045,103.85812,Hotel room,191,1,42,2026-06-09,0.54,17,166,9,S0430
38915453,"Prime location, Family 2BR@ Orchard, Singapore",138649185,1462958959957533044,Sidharth,Central Region,Tanglin,1.31237,103.82479,Entire home/apt,961,6,0,,,215,363,0,Authorised Serviced Apartment
38916143,【REST】Bugis/Cinematic Superior Twin Room- Pool,292133113,1469513806708207521,Qi,Central Region,Rochor,1.30342,103.85841,Hotel room,262,1,167,2026-05-27,2.13,17,162,13,S0430
38935611,1960s singlebed Rm2 @ lavender bugis.,8948251,1462791041592076946,Joey,Central Region,Kallang,1.3119,103.86136,Private room,16,92,3,2021-01-31,0.04,73,335,0,
38939902,【REST】Bugis/ Sup Queen no window - POOL,292133113,1469513806708207521,Qi,Central Region,Rochor,1.30488,103.85845,Hotel room,179,1,66,2025-08-24,0.86,17,176,1,S0430
38951604,Nice Entire Condo Apt 150m f. Downtown MRT Station,20715591,1463136578750608856,Clem,Central Region,Downtown Core,1.29149,103.84976,Entire home/apt,99,92,3,2020-01-21,0.04,2,364,0,
38965851,Condo Bedroom 150m f. Downtown MRT Station,20715591,1463136578750608856,Clem,Central Region,Downtown Core,1.28956,103.85074,Private room,41,92,5,2021-12-31,0.06,2,364,0,
38986386,【REST 】Bugis/ Cinematic Deluxe Skylight - POOL,292133113,1469513806708207521,Qi,Central Region,Rochor,1.30329,103.85847,Hotel room,298,1,14,2026-04-12,0.17,17,183,4,S0430
38986709,【REST】 Bugis/Superior Double Room - POOL,292133113,1469513806708207521,Qi,Central Region,Rochor,1.30442,103.85835,Hotel room,215,1,27,2026-06-03,0.34,17,175,3,S0430
38987390,【REST 】Bugis/Cinematic  Deluxe Twin Room - POOL,292133113,1469513806708207521,Qi,Central Region,Rochor,1.30303,103.85958,Private room,262,1,19,2026-04-30,0.39,17,182,5,S0430
39014250,【REST】Bugis/Cinematic Deluxe Double - pool,292133113,1469513806708207521,Qi,Central Region,Rochor,1.30456,103.85851,Hotel room,238,1,27,2026-02-27,0.51,17,183,4,S0430
39014610,【REST】Bugis/Cinematic Premium Family - POOL,292133113,1469513806708207521,Qi,Central Region,Rochor,1.30457,103.86025,Hotel room,607,1,38,2026-06-07,0.56,17,167,8,S0430
39115031,"24hr self-checkin QueenBed *RmK, 5min city center",201775246,1469053007441717388,Hillary,Central Region,Kallang,1.31158,103.8609,Private room,15,92,1,2019-11-15,0.01,44,335,0,
39147495,"Holland Village B&W townhouse,5 mins to amenities",3951127,1462532737396247543,Sue,Central Region,Queenstown,1.30824,103.79696,Entire home/apt,,30,0,,,6,0,0,Authorised Serviced Apartment
39155845,House in Holland Village (4 Rooms up to 6Pax),3951127,1462532737396247543,Sue,Central Region,Bukit Timah,1.30845,103.79902,Entire home/apt,,30,0,,,6,0,0,Authorised Serviced Apartment
39158146,绿和园,129356836,1468297406272930505,Lu,West Region,Jurong East,1.33358,103.73832,Private room,12,92,4,2024-04-02,0.05,1,237,0,
39212348,Luxurious Family 2-Bedroom Dual Key @Balestier,138649185,1462958959957533044,Sidharth,Central Region,Novena,1.32204,103.85153,Entire home/apt,652,30,0,,,215,363,0,Authorised Serviced Apartment
39212874,Studio Queen at Outram Park near Sentosa (1),101145755,1462873233039789306,Yulie,Central Region,Bukit Merah,1.27222,103.83564,Entire home/apt,69,92,4,2021-09-05,0.05,19,182,0,Authorised Serviced Apartment
39293936,"Private lift, jacuzzi steam bath, kitchen & train",263039672,1463332055208772416,Joyce,Central Region,Bishan,1.35789,103.82738,Entire home/apt,55,93,8,2022-01-31,0.10,1,335,0,
39325093,Bright & Cosy Apartment next to Nat University Sgp,16193608,1462980814384208426,Katelijn,Central Region,Queenstown,1.28069,103.78512,Private room,,92,1,2020-02-03,0.01,1,83,0,
39326791,20 Dover Crescent,48307592,1465730105380042173,Julie,Central Region,Queenstown,1.30275,103.7841,Private room,,180,0,,,5,83,0,
39338786,Habyt Cantonment - The Large,287240181,1469498945672599172,Habyt Cantonment,Central Region,Bukit Merah,1.2747798622027278,103.84089969647658,Private room,207,6,59,2026-02-01,0.73,5,363,1,Authorised Serviced Apartment
39345579,prewar doublebed Rm1 > lavender MRT,97878860,1467178927116750945,Chess,Central Region,Kallang,1.3097,103.86076,Private room,18,92,0,,,59,335,0,
39380253,Lavender QueenBed *Rm: 5m walk MRT,2413412,1462594434745155670,Kaurus,Central Region,Kallang,1.30959,103.86141,Private room,16,92,1,2020-04-15,0.01,91,335,0,
39401038,Riverside 3 BR Family Space @ RQ,138649185,1462958959957533044,Sidharth,Central Region,Singapore River,1.29027,103.84169,Entire home/apt,1131,6,1,2022-04-03,0.02,215,357,0,S8251
39403510,Extravagant 2-Bedroom Apartment @ Anthony Road,138649185,1462958959957533044,Sidharth,Central Region,Newton,1.31055,103.83819,Entire home/apt,138,92,0,,,215,363,0,Exempt
39404728,Extravagant 3-Bedroom Apartment @ Anthony Road,138649185,1462958959957533044,Sidharth,Central Region,Newton,1.31047,103.83981,Entire home/apt,178,92,0,,,215,363,0,
39404880,"Palatial 2-BR Space@ Scott's Rd, Singapore",138649185,1462958959957533044,Sidharth,Central Region,Orchard,1.30819,103.83488,Entire home/apt,,92,0,,,215,363,0,
39405623,PALATIAL 3-BR SPACE @ SCOTT'S RD.,138649185,1462958959957533044,Sidharth,Central Region,Orchard,1.30644,103.83257,Entire home/apt,207,92,0,,,215,363,0,
39451138,Luxury 1BR+Private Bath with Amazing Gym & Pools,41383223,1465615195015882912,Patrick,Central Region,Bukit Timah,1.31456,103.80414,Private room,25,92,4,2025-04-16,0.05,1,162,0,
39451764,Lavender QueenBed *RmA : 5m walk MRT,2413412,1462594434745155670,Kaurus,Central Region,Kallang,1.30953,103.86042,Private room,16,92,1,2020-03-01,0.01,91,335,0,
39488084,1960s Balcony Queenbed *Rm @ lavender bugis,8948251,1462791041592076946,Joey,Central Region,Kallang,1.30973,103.86054,Private room,19,92,2,2020-02-08,0.02,73,335,0,
39589304,【REST 】Bugis/Cinematic Del-triple Room - Pool,292133113,1469513806708207521,Qi,Central Region,Rochor,1.30507,103.85975,Private room,369,1,111,2026-06-13,1.37,17,171,29,S0430
39612598,"1970s singlebed Rm1, no-sharing",8948251,1462791041592076946,Joey,Central Region,Geylang,1.3147,103.88163,Private room,,92,1,2020-11-28,0.01,73,335,0,
39638066,Lavender SingleBed RmA: 5m walk MRT,2413412,1462594434745155670,Kaurus,Central Region,Kallang,1.30968,103.86086,Private room,15,92,4,2021-08-29,0.05,91,335,0,
39653480,prewar singlebed Rm1 > lavender MRT,97878860,1467178927116750945,Chess,Central Region,Kallang,1.31162,103.86048,Private room,16,92,0,,,59,335,0,
39657837,Spacious 1-bedroom in the heart of the city,1563123,1462518920650226113,Caroline,Central Region,Downtown Core,1.27316,103.84638,Entire home/apt,68,92,3,2020-01-01,0.04,1,151,0,
39679521,Lion City Garden View,65982503,1466815725234527960,Wei,North Region,Yishun,1.4156825115363902,103.84504683849076,Private room,24,92,2,2023-11-05,0.02,2,364,0,
39689162,All-new fully furnished Loft Studio in CBD w MRT,13468566,1462586490802398761,Andy,Central Region,Bukit Merah,1.2758,103.84006,Entire home/apt,193,6,14,2026-06-06,0.18,12,341,7,Authorised Serviced Apartment
39732502,Cozy room/Changi rise condo /Changi airport,25672695,1465348348914522154,Jane,East Region,Tampines,1.3481,103.9596,Private room,,92,1,2020-01-08,0.01,1,0,0,
39767724,Rare Fully Renovated Rooms,100179761,1467203348347255458,Fanny,North Region,Woodlands,1.4480784170499421,103.80076855657079,Private room,,180,0,,,1,92,0,
39811470,Spacious room to rent (city living Singapore),226861436,1469207225689990376,Mya The,Central Region,Rochor,1.3014,103.84833,Private room,442,92,0,,,1,270,0,
39822559,1960s Queenbed RmKh @ lavender bugis,8948251,1462791041592076946,Joey,Central Region,Kallang,1.30965,103.86186,Private room,15,92,1,2021-03-01,0.02,73,335,0,
39824181,room for rental,109545738,1467325938680622937,Cheng,Central Region,Queenstown,1.29351,103.76325,Entire home/apt,104,92,4,2020-01-01,0.05,1,364,0,
40043690,MINS TO ORCHARD; CHARMING 2BR @ANDERSON RD.,138649185,1462958959957533044,Sidharth,Central Region,Tanglin,1.3084,103.82597,Entire home/apt,183,92,0,,,215,363,0,
40048607,Breezing from the sea,9410772,1462813416546659089,Yangxiao,East Region,Bedok,1.31418,103.90769,Entire home/apt,,92,3,2020-01-06,0.04,2,0,0,
40149431,"Queen Bed 

Aircon
NTUC 

Market 

MRT",176867619,1463066690497090856,Thian Yin,Central Region,Bukit Merah,1.2907,103.82812,Private room,20,92,0,,,1,269,0,
40185785,"Close to Hougang 1 Mall, Lush 2BR Space",138649185,1462958959957533044,Sidharth,North-East Region,Hougang,1.37667,103.87967,Entire home/apt,658,6,0,,,215,363,0,Exempt
40198092,"Modern Bedroom with En-Suite, Lap Pool & Kitchen",3989090,1462644378538418839,Songren,West Region,Clementi,1.3223,103.75713,Private room,39,92,16,2023-05-10,0.20,1,270,0,
40211954,1960s singlebed *Rm @ lavender bugis.,8948251,1462791041592076946,Joey,Central Region,Kallang,1.31131,103.86041,Private room,15,92,1,2020-03-23,0.01,73,335,0,
40213569,市区主臥室近地铁Master room near MRT station,310302453,1469579221893201585,Derrick,Central Region,Downtown Core,1.27634,103.84507,Private room,45,92,4,2020-01-30,0.05,1,177,0,
40294463,International Service Apartments @ Raeburn Park,311294849,1469582996460069552,Joanne,Central Region,Bukit Merah,1.27368,103.83432,Entire home/apt,55,92,0,,,1,179,0,
40315763,"23hr selfcheckin LoftBed RmAm, 5min city center",201775246,1469053007441717388,Hillary,Central Region,Kallang,1.31212,103.86349,Private room,,92,1,2021-02-22,0.02,44,335,0,
40354419,Contemporary Studio Apartment With Twin Beds,138649185,1462958959957533044,Sidharth,Central Region,Bukit Merah,1.27229,103.83286,Entire home/apt,68,92,0,,,215,363,0,S8702
40361907,371 L2R2 Master bedroom w Private toilet,33096269,1465484591658758229,E C,Central Region,Geylang,1.31237,103.88693,Private room,30,92,9,2022-01-02,0.11,11,269,0,
40384948,Private Minimalist Stay in Landed House,80852936,1466984351578400783,Radiance,Central Region,Geylang,1.31399,103.89803,Private room,19,92,0,,,1,361,0,
40456301,(2 mins to MRT) RM 1: 8-Bed Family Room,313008662,1469588415021320106,Derrick,Central Region,Geylang,1.31648,103.88486,Private room,306,1,35,2026-03-02,0.44,4,228,9,S0249
40509365,Clean & tidy,160703921,1468562972610825931,KayGek,West Region,Bukit Panjang,1.36942,103.77689,Private room,54,92,0,,,2,269,0,
40516462,Huge and Cozy luxurious condo room Near MRTs.,16689899,1462992725813838619,Phyu Mya,North Region,Woodlands,1.44418,103.80652,Private room,31,92,1,2020-01-17,0.01,1,269,0,
40551114,prewar doublebed RmP > lavender MRT,97878860,1467178927116750945,Chess,Central Region,Kallang,1.31017,103.85999,Private room,15,92,0,,,59,335,0,
40567661,Chinatown@door: Queenbed Rm021 (Not for Tourist),2413412,1462594434745155670,Kaurus,Central Region,Outram,1.28313,103.84159,Private room,,92,0,,,91,335,0,
40597192,Family Suite at Outram Park near Sentosa,101145755,1462873233039789306,Yulie,Central Region,Bukit Merah,1.27219,103.83402,Private room,,92,0,,,19,363,0,Authorised Serviced Apartment
40605925,"Perfect family 4 BR Apartment, Clementi",238891646,1463258524593591157,Neha,West Region,Clementi,1.31094,103.76303,Entire home/apt,174,92,0,,,131,363,0,Authorised Serviced Apartment
40634584,Marina Bay Condo Apartment,4276812,1462534642489228210,David,Central Region,Downtown Core,1.28021,103.85311,Private room,44,92,0,,,1,362,0,
40641448,Studio Queen near Outram Park and Sentosa (5),101145755,1462873233039789306,Yulie,Central Region,Bukit Merah,1.27454,103.83258,Entire home/apt,69,92,6,2021-09-30,0.08,19,363,0,Authorised Serviced Apartment
40642051,prewar TiongBahru BIGwindow Queenbed *Rm near SGH,97878860,1467178927116750945,Chess,Central Region,Bukit Merah,1.28387,103.835,Private room,19,92,1,2020-01-09,0.01,59,335,0,
40642810,Studio Twin (2 Single Beds) at Outram Park (2),101145755,1462873233039789306,Yulie,Central Region,Bukit Merah,1.27292,103.83383,Entire home/apt,74,92,3,2020-02-02,0.04,19,364,0,Authorised Serviced Apartment
40681844,Studio Twin (2 Single Beds) near to Sentosa  (1),101145755,1462873233039789306,Yulie,Central Region,Bukit Merah,1.27475,103.83404,Entire home/apt,,92,3,2021-05-07,0.04,19,182,0,Authorised Serviced Apartment
40687175,An instant and cosy home away from home,11782171,1462872941368192855,Eugene,Central Region,Bukit Merah,1.28656,103.82586,Private room,18,188,0,,,1,364,0,
40690201,Central CBD Serviced Studio w subway station (MRT),13468566,1462586490802398761,Andy,Central Region,Bukit Merah,1.27454,103.84002,Entire home/apt,139,6,23,2026-04-25,0.29,12,331,13,Authorised Serviced Apartment
40708485,Studio Queen near Outram Park and Sentosa (4),101145755,1462873233039789306,Yulie,Central Region,Bukit Merah,1.27233,103.83318,Private room,69,92,10,2021-09-05,0.13,19,364,0,Authorised Serviced Apartment
40712481,Popular Studio Apartment at Raeburn Park,238891646,1463258524593591157,Neha,Central Region,Bukit Merah,1.27407,103.83426,Entire home/apt,79,92,0,,,131,363,0,Authorised Serviced Apartment
40715608,Studio King at Outram Park near Sentosa (3),101145755,1462873233039789306,Yulie,Central Region,Bukit Merah,1.27504,103.83424,Private room,35,92,0,,,19,227,0,Authorised Serviced Apartment
40736423,CBD Spacious Studio Apartment with Dryer & Washer,148161755,1468451572350403296,Jan,Central Region,Rochor,1.29919,103.8537,Entire home/apt,347,6,5,2023-05-18,0.06,26,334,0,Authorised Serviced Apartment
40736566,Furnished Studio Serviced Apartment | 350m to SMU,148161755,1468451572350403296,Jan,Central Region,Downtown Core,1.2974,103.85334,Entire home/apt,343,6,2,2020-02-15,0.03,26,334,0,Authorised Serviced Apartment
40748133,Studio King at Outram Park near Sentosa (2),101145755,1462873233039789306,Yulie,Central Region,Bukit Merah,1.27483,103.8347,Private room,71,92,0,,,19,363,0,Authorised Serviced Apartment
40765359,Studio Queen at Outram Park near Sentosa (3),101145755,1462873233039789306,Yulie,Central Region,Bukit Merah,1.27286,103.83418,Entire home/apt,,92,5,2021-08-30,0.06,19,364,0,Authorised Serviced Apartment
40769351,BALCONY rm1C* @ tiong bahru near SGH,2413412,1462594434745155670,Kaurus,Central Region,Bukit Merah,1.28338,103.8352,Private room,19,92,3,2021-05-19,0.04,91,335,0,
40809878,Studio King near Outram Park and Sentosa (5),101145755,1462873233039789306,Yulie,Central Region,Bukit Merah,1.27497,103.83395,Entire home/apt,71,92,2,2021-04-02,0.03,19,363,0,Authorised Serviced Apartment
40816592,Amazing Condo 1 bedroom with private bathroom,177788419,1463068718447179654,Yann,West Region,Bukit Panjang,1.37288,103.76524,Private room,,92,3,2020-04-14,0.04,1,89,0,
40831251,Condo Room in Clementi for Rent mid-August,48307592,1465730105380042173,Julie,West Region,Clementi,1.31806,103.7621,Private room,28,92,0,,,5,263,0,
40833390,"NTU home, Near to Gek Poh",290685432,1469510225369235144,Aveline Hon,West Region,Jurong West,1.3523,103.69923,Private room,18,92,3,2024-10-31,0.05,1,268,0,Authorised Serviced Apartment
40855337,Cozy & Modern Furnished Room with Private toilet.,300415759,1469542111972221011,Unicorn,Central Region,Marine Parade,1.30775,103.89944,Private room,,92,16,2020-09-11,0.20,5,0,0,
40875632,Spacious Studio Apartment near Bencoolen MRT,148161755,1468451572350403296,Jan,Central Region,Rochor,1.29754,103.85168,Entire home/apt,400,6,4,2023-05-19,0.07,26,333,0,Authorised Serviced Apartment
40881888,Cozy & Modern Furnished Room with Balcony.,300415759,1469542111972221011,Unicorn,Central Region,Marine Parade,1.30766,103.89948,Private room,,92,25,2020-12-11,0.32,5,0,0,
40888220,Listen to the Rhythm of the Falling Rain,9410772,1462813416546659089,Yangxiao,East Region,Bedok,1.31422,103.90759,Entire home/apt,,92,0,,,2,0,0,
40902252,Condo in Yishun - long-term leasing,65982503,1466815725234527960,Wei,North Region,Yishun,1.415820122716067,103.84562389928642,Private room,21,92,0,,,2,364,0,
40904017,Studio Queen at Outram Park near Sentosa (2),101145755,1462873233039789306,Yulie,Central Region,Bukit Merah,1.27484,103.83239,Entire home/apt,69,92,20,2022-04-21,0.26,19,364,0,Authorised Serviced Apartment
40909907,Bright and Modern Furnished Deluxe Bedroom,300415759,1469542111972221011,Unicorn,Central Region,Marine Parade,1.30775,103.89944,Private room,,92,30,2020-12-05,0.38,5,0,0,
40930074,Studio Apartment Kitchenette -39 mins walk to MBS,148161755,1468451572350403296,Jan,Central Region,Museum,1.29732,103.8514,Private room,351,6,0,,,26,334,0,Authorised Serviced Apartment
40941821,Newly Renovated Entire Unit for Group / Family,300415759,1469542111972221011,Unicorn,Central Region,Marine Parade,1.30818,103.90032,Entire home/apt,,92,12,2020-12-25,0.15,5,0,0,
40974363,Cozy & Affordable Ensuite w/Balcony @NUS NUH (304),1439258,1462518083181087528,K2Guesthouse,Central Region,Queenstown,1.28125,103.78541,Private room,274,1,3,2023-09-15,0.04,44,142,0,S0399
40974569,Comfort Plus Room 10 min walk to MRT & NUS (103),1439258,1462518083181087528,K2Guesthouse,Central Region,Queenstown,1.28114,103.78561,Private room,315,1,2,2023-06-24,0.05,44,308,0,S0399
40975409,Comfortable Room for 2@NUS & Haw Par Villa (105),1439258,1462518083181087528,K2Guesthouse,Central Region,Queenstown,1.28187,103.78712,Private room,206,1,3,2025-07-05,0.04,44,313,1,S0399
40975518,Clean Cozy Ensuite w/Balcony @ 10min NUH NUS (308),1439258,1462518083181087528,K2Guesthouse,Central Region,Queenstown,1.28147,103.78536,Private room,320,1,0,,,44,122,0,S0399
40975603,Affordable Family Room for 6!@NUS &hawparMRT (207),1439258,1462518083181087528,K2Guesthouse,Central Region,Queenstown,1.28127,103.78577,Private room,323,1,17,2025-12-18,0.44,44,128,1,S0399
40975736,The Group Getaway Room for 6pax! near NUS! & MRT,1439258,1462518083181087528,K2Guesthouse,Central Region,Queenstown,1.2796,103.78536,Private room,279,1,8,2025-02-18,0.17,44,146,0,S0399
40983826,Straits Enclave. Experience Sgp's rich culture.,319617044,1463447481734904653,Clarence,Central Region,Marine Parade,1.31011,103.90284,Private room,266,92,0,,,1,270,0,
41014661,Studio King at Outram Park near Sentosa (1),101145755,1462873233039789306,Yulie,Central Region,Bukit Merah,1.27489,103.83283,Entire home/apt,,92,18,2021-08-15,0.23,19,363,0,Authorised Serviced Apartment
41014693,Studio King at Outram Park near Sentosa (4),101145755,1462873233039789306,Yulie,Central Region,Bukit Merah,1.27489,103.83246,Entire home/apt,71,92,2,2022-03-09,0.04,19,363,0,Authorised Serviced Apartment
41032597,Suite with Outdoor Tub [Hotel Soloha @ Chinatown],319117748,1469604329406326112,Bryan,Central Region,Outram,1.28038,103.84195,Private room,82,92,10,2020-04-04,0.13,4,180,0,
41032819,Studio Serviced Apt 18 mins to Marina Bay Sands,148161755,1468451572350403296,Jan,Central Region,Rochor,1.29684,103.85194,Entire home/apt,297,6,38,2026-03-15,0.49,26,292,10,Authorised Serviced Apartment
41032965,Loft Room [Hotel Soloha @ Chinatown],319117748,1469604329406326112,Bryan,Central Region,Outram,1.28038,103.84195,Private room,91,92,1,2020-01-24,0.01,4,180,0,
41033189,Studio Apartment 23 mins to Merlion park,148161755,1468451572350403296,Jan,Central Region,Rochor,1.29918,103.85212,Entire home/apt,297,6,12,2025-07-18,0.17,26,328,1,Authorised Serviced Apartment
41069184,Family Suites Studio,101145755,1462873233039789306,Yulie,Central Region,Bukit Merah,1.2752,103.83414,Private room,96,92,1,2023-11-07,0.03,19,269,0,Exempt
41070234,Studio Apt 13 mins drive to Mt Elizabeth Hospital,148161755,1468451572350403296,Jan,Central Region,Rochor,1.29692,103.85195,Entire home/apt,343,6,9,2025-07-31,0.12,26,335,1,Authorised Serviced Apartment
41087343,Common Room,18722224,1463060155692095175,Nehl,West Region,Bukit Batok,1.35835,103.76498,Private room,44,92,0,,,2,269,0,
41089548,"Luxury in West Singapore, 3BR Close to NUS",138649185,1462958959957533044,Sidharth,West Region,Clementi,1.30442,103.76693,Entire home/apt,144,92,1,2020-01-29,0.01,215,363,0,
41090834,Family Private Room w/ attached bathroom (203),1439258,1462518083181087528,K2Guesthouse,Central Region,Queenstown,1.28165,103.78733,Private room,327,1,3,2025-10-03,0.06,44,293,1,S0399
41090879,Budget Room @NUS & Haw Par MRT -NoWindow (202),1439258,1462518083181087528,K2Guesthouse,Central Region,Queenstown,1.28156,103.78553,Private room,160,1,4,2024-06-04,0.05,44,139,0,S0399
41091240,Spacious Family Rm @ NUS & Haw Par Villa MRT (303),1439258,1462518083181087528,K2Guesthouse,Central Region,Queenstown,1.28153,103.78572,Private room,320,1,6,2024-09-22,0.12,44,122,0,S0399
41091895,"Economy Single Room @NUS NUH, Mrt HawPar (106)",1439258,1462518083181087528,K2Guesthouse,Central Region,Queenstown,1.28152,103.78567,Private room,160,1,3,2024-01-17,0.07,44,315,0,S0399
41116039,Budget Rm Bunkbed @NUS&Haw Par MRT-NoWindow (206),1439258,1462518083181087528,K2Guesthouse,Central Region,Queenstown,1.28098,103.78765,Private room,192,1,0,,,44,320,0,S0399
41116137,Budget Couple Room near NUS&MRT -No Window (306),1439258,1462518083181087528,K2Guesthouse,Central Region,Queenstown,1.27971,103.78764,Private room,233,1,7,2024-03-19,0.09,44,324,0,S0399
41116342,"Large Family Room w/balcony at NUH&NUS, (307)",1439258,1462518083181087528,K2Guesthouse,Central Region,Queenstown,1.27987,103.78742,Private room,295,1,22,2025-09-23,0.28,44,324,2,S0399
41117291,Amazing Clean Room @NUS & Haw Par Villa MRT! (309),1439258,1462518083181087528,K2Guesthouse,Central Region,Queenstown,1.27991,103.78543,Private room,274,1,14,2026-01-26,0.28,44,137,2,S0399
41158163,Cozy Loft in the Heart of Orchard Road,135298846,1468348533984739635,Karen,Central Region,River Valley,1.30178,103.83315,Entire home/apt,398,6,5,2026-04-23,0.13,9,360,3,Authorised Serviced Apartment
41159508,Private room- 4 bed (Shared toilet) - Room 3,46515276,1465696670861620348,Ark,Central Region,Kallang,1.31042,103.87204,Private room,,365,0,,,12,364,0,S0307
41160357,Private room- 6 bed (Shared toilet). Room 2,46515276,1465696670861620348,Ark,Central Region,Kallang,1.31159,103.87205,Private room,36,92,1,2020-01-29,0.01,12,364,0,
41169873,Newly renovated bungalow house master bedroom,82232029,1466998011921509495,Thomas,North-East Region,Hougang,1.35303,103.88224,Private room,,92,0,,,1,0,0,
41202185,Best view clean central highfloor studio@MarinaBay,104729824,1467258640881689945,B,Central Region,Downtown Core,1.2805,103.8518,Entire home/apt,133,92,0,,,1,363,0,
41299496,Lavender QueenBed *rmAd: 5m walk MRT,2413412,1462594434745155670,Kaurus,Central Region,Kallang,1.3116,103.86012,Private room,16,92,1,2020-01-09,0.01,91,335,0,
41303291,"24hr self-checkin Queenbed Rm1, 5min city center",201775246,1469053007441717388,Hillary,Central Region,Kallang,1.30996,103.86019,Private room,,92,0,,,44,335,0,
41323209,Lavender QueenBed RmT* : 5m walk MRT,2413412,1462594434745155670,Kaurus,Central Region,Kallang,1.31006,103.86192,Private room,,92,3,2021-01-02,0.04,91,335,0,
41388877,prewar Tiong Bahru NEW Window Rm1 near SGH,97878860,1467178927116750945,Chess,Central Region,Bukit Merah,1.28378,103.83318,Private room,19,92,1,2020-06-30,0.01,59,335,0,
41406564,Get extra freeeeeeee stay when you find loopholes,31940201,1465469362223231680,Di,East Region,Bedok,1.3174,103.91527,Shared room,0,92,0,,,1,364,0,
41439350,Capsule (Single - Mixed) [Kampong Glam]Lower Bunk,151316863,1468486456721468244,Cube,Central Region,Rochor,1.3011,103.86049,Shared room,,1,8,2024-07-11,0.10,6,0,0,S0384
41439736,Deluxe Twin Room in  hotel  along  West Coast,326090835,1469621861957378419,The Quay Hotel West Coast,Central Region,Queenstown,1.29194,103.76775,Private room,181,1,11,2024-08-31,0.19,5,349,0,L12345
41450369,Be my guest,23054922,1465267979723389240,莉,Central Region,Bukit Timah,1.33506,103.78559,Private room,,150,2,2020-01-26,0.03,1,0,0,
41460941,Deluxe Double Room in  hotel  along  West Coast,326090835,1469621861957378419,The Quay Hotel West Coast,Central Region,Queenstown,1.29196,103.7697,Private room,184,1,8,2025-08-31,0.13,5,350,1,S0450
41467431,Private Room City Centre Fringe,312575080,1463437030720061959,Fat Bunny,Central Region,Geylang,1.31305,103.88743,Private room,,92,0,,,1,90,0,
41476885,Superior Double Room (no windows) along West Coast,326090835,1469621861957378419,The Quay Hotel West Coast,Central Region,Queenstown,1.29133,103.76769,Private room,178,1,2,2022-11-30,0.04,5,349,0,S0450
41481981,Shipping Container 1 @ Haw Par Villa,109741357,1467327917399399983,Lorraine,Central Region,Queenstown,1.28401,103.785,Entire home/apt,,92,154,2025-11-01,1.98,11,0,16,Exempt
41482560,Shipping Container 2 @ Haw Par Villa,109741357,1467327917399399983,Lorraine,Central Region,Queenstown,1.2837,103.78496,Entire home/apt,,92,145,2025-11-16,1.91,11,9,12,Exempt
41566195,Lavender DoubleBed *rmJ: 5m walk MRT,2413412,1462594434745155670,Kaurus,Central Region,Kallang,1.3119,103.86177,Private room,16,92,1,2020-03-16,0.01,91,335,0,
41568582,PREMIUM 2BR SPACE in VIBRANT LITTLE INDIA,138649185,1462958959957533044,Sidharth,Central Region,Rochor,1.30599,103.85248,Entire home/apt,241,92,1,2020-01-18,0.01,215,363,0,Authorised Serviced Apartment
41570615,Guest Room @ Anchorvale,326217063,1469622400438595405,Janak,North-East Region,Sengkang,1.38784,103.89001,Private room,23,92,7,2021-01-16,0.09,1,270,0,
41611248,Near Somerset modern bedroom with small  balcony,96718721,1467165128201548843,Irene,Central Region,River Valley,1.2984,103.83397,Private room,87,92,1,2021-11-17,0.02,11,270,0,
41626102,Centrally located 2 br apt at Orchard  Road,238891646,1463258524593591157,Neha,Central Region,River Valley,1.29529,103.84,Entire home/apt,197,92,0,,,131,363,0,Authorised Serviced Apartment
41650236,Excellent apartment located at Orchard,238891646,1463258524593591157,Neha,Central Region,River Valley,1.2951,103.84071,Entire home/apt,122,92,0,,,131,363,0,Authorised Serviced Apartment
41753013,Super Host Serviced Apt near City Hall/Bugis MRT,148161755,1468451572350403296,Jan,Central Region,Rochor,1.29701,103.85215,Entire home/apt,351,6,1,2021-02-13,0.02,26,334,0,Authorised Serviced Apartment
41848009,Bright and windy High rise apt w central location,105253694,1467269191608098151,Linda,Central Region,Kallang,1.31983,103.86112,Private room,,92,0,,,1,0,0,
41889066,Ensuite Double Room w/balcony @NUS-Twin Bed (204),1439258,1462518083181087528,K2Guesthouse,Central Region,Queenstown,1.28064,103.78581,Private room,200,1,1,2022-09-30,0.02,44,312,0,S0399
41942466,Studio Loft at Wanderlust,265978206,1469406599634420129,Wanderlust,Central Region,Rochor,1.30583,103.85355,Private room,61,92,0,,,1,364,0,
42011728,Spacious Rooms @ Bishan 8,332871273,1469641729780187380,Ray,Central Region,Bishan,1.34622,103.84229,Private room,463,92,0,,,1,270,0,
42079535,"Double, Window, Private Bathroom near Bugis MRT",333673909,1469644001676637540,Linda,Central Region,Downtown Core,1.29795,103.85562,Private room,150,1,272,2026-03-02,3.50,3,52,6,S0451
42079889,"Twin, private bathroom, 2 mins walk to Bugis MRT",333673909,1469644001676637540,Linda,Central Region,Downtown Core,1.29647,103.8577,Private room,150,1,85,2025-11-14,1.10,3,52,3,S0451
42085924,Spacious room in Quaint 1970's Apartment,9899270,1462826465554201985,Peir,Central Region,Geylang,1.31368,103.8915,Private room,,92,0,,,6,89,0,
42104353,Deluxe Room with Window [Hotel Soloha @ Chinatown],319117748,1469604329406326112,Bryan,Central Region,Outram,1.28146,103.84125,Private room,57,92,0,,,4,364,0,
42104603,Junior Suite [Hotel Soloha @ Chinatown],319117748,1469604329406326112,Bryan,Central Region,Outram,1.27919,103.84277,Private room,93,92,1,2020-02-10,0.01,4,364,0,
42124141,"Somerset Bencoolen, 2-Bedroom Serviced Apartment",329805371,1469632628538846705,Somerset,Central Region,Rochor,1.30056,103.85104,Entire home/apt,134,92,0,,,1,364,0,
42144452,1960s Queenbed Rm1 @ lavender bugis,8948251,1462791041592076946,Joey,Central Region,Kallang,1.30963,103.86018,Private room,16,92,1,2021-08-22,0.02,73,335,0,
42184804,Event space in Hotel near West Coast Park for rent,326090835,1469621861957378419,The Quay Hotel West Coast,Central Region,Queenstown,1.29321,103.7691,Private room,,100,0,,,5,0,0,M1234
42186946,"postwar singlebed rm2, 3min to aljunied mrt",97878860,1467178927116750945,Chess,Central Region,Geylang,1.31473,103.8816,Private room,16,92,0,,,59,335,0,
42190445,"24hr selfcheckin Balcony rmA, 5min city center",201775246,1469053007441717388,Hillary,Central Region,Kallang,1.31161,103.86259,Private room,19,92,1,2020-03-01,0.01,44,335,0,
42238629,Family Apartment near Little India/Heritage Center,138649185,1462958959957533044,Sidharth,Central Region,Rochor,1.30297,103.84918,Entire home/apt,163,92,0,,,215,363,0,
42239864,Modern bedroom . Near river valley point  .,96718721,1467165128201548843,Irene,Central Region,Newton,1.31149,103.83788,Private room,42,92,0,,,11,364,0,
42240675,Cosy  bedroom near Sophia road,96718721,1467165128201548843,Irene,Central Region,Novena,1.31994,103.8535,Private room,42,92,0,,,11,364,0,
42337015,1-BR Deluxe - Pan Pacific Serviced Suites Orchard,225641992,1469199234382758341,David,Central Region,Orchard,1.30046,103.83681,Entire home/apt,,6,5,2025-07-15,0.16,6,0,1,Authorised Serviced Apartment
42337552,1BR Deluxe - Pan Pacific Serviced Suites Orchard,225641992,1469199234382758341,David,Central Region,Orchard,1.3001,103.83868,Entire home/apt,,6,1,2022-03-29,0.02,6,0,0,Authorised Serviced Apartment
42337799,1-BR Executive-Pan Pacific Serviced Suites Orchard,225641992,1469199234382758341,David,Central Region,Orchard,1.3004,103.83701,Entire home/apt,,6,9,2025-12-23,0.18,6,0,3,Authorised Serviced Apartment
42338112,1-BR Premium-Pan Pacific Serviced Suites Orchard,225641992,1469199234382758341,David,Central Region,Orchard,1.30034,103.83671,Entire home/apt,,6,0,,,6,0,0,Authorised Serviced Apartment
42545364,Clean Newly renovated aircondition double bedroom,2351356,1462592752568861036,Reggie,North Region,Yishun,1.42035,103.84671,Private room,17,92,6,2023-02-24,0.08,2,364,0,
42545850,Clean newly renovated aircondition double bedroom,2351356,1462592752568861036,Reggie,North Region,Yishun,1.41863,103.84743,Private room,,92,9,2023-07-01,0.12,2,364,0,
42555446,"Citadines Mount Sophia Singapore, Studio Executive",329787478,1463463060334797979,Mohd Zaini,Central Region,Rochor,1.30179,103.85071,Entire home/apt,13000,6,1,2023-06-18,0.03,2,364,0,Authorised Serviced Apartment
42555518,"Citadines Mount Sophia, 1 Bedroom Deluxe Apt",329787478,1463463060334797979,Mohd Zaini,Central Region,Rochor,1.30338,103.84882,Entire home/apt,13000,6,0,,,2,364,0,Authorised Serviced Apartment
42588720,Room in a loft penthouse in central Singapore,32232191,1465473453822511105,Anthony,Central Region,Tanglin,1.2928730249404907,103.8303451538086,Private room,,92,11,2024-05-04,0.17,3,227,0,
42672097,Short term lease studio,291243757,1463395960793883175,JJH Serviced Apartment,North-East Region,Serangoon,1.34548,103.87174,Private room,59,92,0,,,4,364,0,
42693235,prewar Balcony queenbed Rm w Shower/Wash cubicle,97878860,1467178927116750945,Chess,Central Region,Kallang,1.30966,103.86045,Private room,19,92,0,,,59,335,0,
42696868,ROOM WITH MULTI AMENITIES *,194085596,1463106482949554244,Keith,West Region,Jurong West,1.34552,103.70525,Private room,20,100,27,2022-12-05,0.35,4,364,0,
42697304,A private room near NTU *,194085596,1463106482949554244,Keith,West Region,Jurong West,1.34535,103.70508,Private room,22,93,6,2025-12-22,0.08,4,364,1,
42750393,Private Room near Jurong Point Shopping Mall *,194085596,1463106482949554244,Keith,West Region,Jurong West,1.34406,103.70405,Private room,23,93,1,2021-06-29,0.02,4,364,0,
42752743,Lavender Balcony Room: 5m MRT (Not For Tourist),2413412,1462594434745155670,Kaurus,Central Region,Kallang,1.30968,103.8616,Private room,22,92,1,2020-08-29,0.01,91,335,0,
42753075,24hr selfcheckin Single NoWin rm* 5min city center,201775246,1469053007441717388,Hillary,Central Region,Kallang,1.31121,103.86082,Private room,15,92,1,2020-07-15,0.01,44,335,0,
42813500,A SIMPLE ROOM,340996484,1469668221466615832,Shawn,Central Region,Bishan,1.35965,103.8458,Private room,13,92,0,,,1,270,0,
42867108,Residences @ Farrer Park by RedDoorz,108773366,1467317549047574066,RedDoorz,Central Region,Rochor,1.30946,103.85386,Entire home/apt,,92,0,,,24,180,0,
42872451,selfcheckin singlebed room* @ aljunied near MRT,201775246,1469053007441717388,Hillary,Central Region,Geylang,1.31583,103.88123,Private room,16,92,1,2020-03-30,0.01,44,335,0,
42885911,"Double Room, Short overnight, 8 hours: 11:59pm-8am",337654877,1469655684618437518,Don,Central Region,Rochor,1.30607,103.85583,Private room,74,1,132,2026-03-29,1.75,1,170,2,S0452
42913012,Cosy Balinese private room for rent,11463785,1462865339356276256,Dianne,North-East Region,Ang Mo Kio,1.3707529520366353,103.82924638688564,Private room,15,92,1,2023-12-31,0.03,9,239,0,
43080765,1960s singlebed Rm1 @ lavender bugis.,8948251,1462791041592076946,Joey,Central Region,Kallang,1.31135,103.86035,Private room,16,92,0,,,73,335,0,
43089999,Cozy bedroom suits  your stay,252274843,1469336628983506647,Ka Wai,North-East Region,Sengkang,1.3958,103.87773,Private room,20,92,5,2026-01-02,0.07,1,364,1,
43108706,postwar queenbed rm > 3min walk aljunied mrt,97878860,1467178927116750945,Chess,Central Region,Geylang,1.31447,103.88277,Private room,16,92,1,2022-12-09,0.02,59,335,0,
43112898,Lavender QueenBed *rm: 5m walk MRT,2413412,1462594434745155670,Kaurus,Central Region,Kallang,1.31033,103.86028,Private room,16,92,1,2020-04-07,0.01,91,335,0,
43143215,Simple & Relaxing Stay L1 @ Bugis/Orchard/Dhoby,55844797,1465914312460343704,Steph,Central Region,Rochor,1.30062,103.85184,Private room,,92,2,2022-02-05,0.03,12,0,0,
43145924,Central and Comforting Studio @ Orchard Rd,138649185,1462958959957533044,Sidharth,Central Region,Tanglin,1.31278,103.82472,Entire home/apt,369,6,0,,,215,363,0,Exempt
43177325,Classic Serviced Room in Central Business District,216737476,1463198407049038569,Lord Piers,Central Region,Kallang,1.31914,103.86153,Private room,,92,16,2022-01-21,0.21,1,89,0,
43201738,Orchard Penthouse Co-living for the free spirits,7523836,1462561255756574472,Min Htet,Central Region,Newton,1.30663,103.83553,Private room,,180,0,,,1,0,0,
43249498,"Laid back, relaxed quiet room in Siglap house",17056252,1463001143711656233,Jayram,East Region,Bedok,1.31476,103.91763,Private room,21,92,0,,,1,270,0,
43313632,Da cozy lounge,344918208,1469681684883184492,Lang,Central Region,Novena,1.31664,103.84124,Entire home/apt,70,92,0,,,1,361,0,
43313813,Superior Twin Room in City Center,155244964,1468517928134407651,The Quay,Central Region,Singapore River,1.28753,103.84724,Private room,149,1,22,2026-04-11,0.31,7,251,7,S0377
43344101,Island Living Condominium,69886637,1466865019079881454,Iskandar,East Region,Bedok,1.32829,103.90706,Private room,,92,0,,,1,0,0,
43354292,Deluxe Private Studio room Senyum-4 with pool,68059127,1466841137906743877,Wei,East Region,Bedok,1.3221,103.91389,Private room,36,92,3,2022-07-31,0.04,50,299,0,
43354914,Deluxe Private Studio Room Sen-5 with shared pool,68059127,1466841137906743877,Wei,East Region,Bedok,1.32382,103.91331,Private room,44,92,3,2021-12-05,0.04,50,319,0,
43355016,Deluxe One bedroom studio Sen-6 with shared pool,68059127,1466841137906743877,Wei,East Region,Bedok,1.3243,103.91535,Private room,41,92,1,2020-05-31,0.01,50,155,0,
43358921,Brand New- One bedroom studio Sen-7 at topfloor,68059127,1466841137906743877,Wei,East Region,Bedok,1.32252,103.91511,Private room,,92,2,2020-08-28,0.03,50,212,0,
43359021,Modern one bedroom studio SEN-7 at topfloor w pool,24496358,1465305327734698378,Katherine,East Region,Bedok,1.32285,103.9135,Private room,47,92,1,2020-06-22,0.01,53,212,0,
43359087,Luxury one bedroom studio SEN-6 with shared pool,24496358,1465305327734698378,Katherine,East Region,Bedok,1.32339,103.91321,Private room,,92,1,2020-07-22,0.01,53,155,0,
43359359,Luxury Modern studio room SEN-5 with shared pool,24496358,1465305327734698378,Katherine,East Region,Bedok,1.32361,103.91527,Private room,,92,2,2022-01-05,0.04,53,364,0,
43359426,Luxury & Bright studio room SEN-4 with shared pool,24496358,1465305327734698378,Katherine,East Region,Bedok,1.32412,103.91374,Private room,33,92,2,2021-11-26,0.03,53,299,0,
43393378,Private master room with private toilet,300415759,1469542111972221011,Unicorn,Central Region,Marine Parade,1.30748,103.90001,Private room,,92,18,2020-11-29,0.24,5,0,0,
43406519,Paradise,345911177,1469684565802148305,Jerry,Central Region,Bukit Timah,1.34126,103.76739,Private room,20,92,0,,,2,364,0,
43414572,民宿公寓出租,345911177,1469684565802148305,Jerry,Central Region,Bukit Timah,1.34129,103.76615,Private room,24,92,0,,,2,364,0,
43424855,"Great place, quiet, near to 24hrs eateries n park",346107846,1469685104904821176,Chris,North Region,Central Water Catchment,1.35147,103.81887,Private room,110,92,0,,,1,269,0,
43479862,Ensuite Room at the East,128366539,1468288959644053739,Helen,East Region,Bedok,1.31211,103.93627,Private room,,99,0,,,1,357,0,
43481271,Brand New- Private One bedroom studio Senyum-2,68059127,1466841137906743877,Wei,East Region,Bedok,1.32431,103.91367,Private room,51,92,0,,,50,364,0,
43481361,Luxury & Bright Private Studio room Senyum-2,24496358,1465305327734698378,Katherine,East Region,Bedok,1.3242,103.91339,Private room,50,92,0,,,53,364,0,
43492077,Deluxe Private Studio room Senyum-3 with pool,68059127,1466841137906743877,Wei,East Region,Bedok,1.32424,103.91317,Private room,37,92,0,,,50,260,0,
43492196,Garden room with private bathroom / shared pool,68059127,1466841137906743877,Wei,East Region,Bedok,1.32428,103.91346,Private room,29,92,8,2025-04-19,0.11,50,92,0,
43493044,Luxury Private Studio room with shared pool Sen-3,24496358,1465305327734698378,Katherine,East Region,Bedok,1.32366,103.91548,Private room,,92,2,2020-06-28,0.03,53,260,0,
43493128,Garden master room,24496358,1465305327734698378,Katherine,East Region,Bedok,1.32435,103.91531,Private room,29,92,0,,,53,100,0,
43542472,Jurong West Room near NTU and Boon Lay MRT,194085596,1463106482949554244,Keith,West Region,Jurong West,1.3418,103.71502,Private room,,93,14,2023-11-26,0.19,4,364,0,
43584129,Hippy heritage new window room1 (tiong bahru),8948251,1462791041592076946,Joey,Central Region,Bukit Merah,1.28542,103.83445,Private room,19,92,0,,,73,335,0,
43629592,Beautiful & Quaint 1970's Walk Up Apartment,9899270,1462826465554201985,Peir,Central Region,Geylang,1.31389,103.88913,Entire home/apt,,92,22,2021-02-15,0.30,6,89,0,
43706347,Beautiful one bedroom apartment at Common Wealth,238891646,1463258524593591157,Neha,Central Region,Queenstown,1.29687,103.80467,Entire home/apt,91,92,0,,,131,363,0,Authorised Serviced Apartment
43723774,Cosy Room in Quaint 1970’s Walk Up Apartment,9899270,1462826465554201985,Peir,Central Region,Geylang,1.3135,103.89119,Private room,,92,0,,,6,89,0,
43922476,Stunning 1BR Suite (3 MRT right at doorstep),15257023,1462593413328742484,Lim,Central Region,Outram,1.27943,103.84106,Entire home/apt,77,92,2,2021-06-21,0.03,2,364,0,
43947546,A Cozy home in Paya Lebar,59100262,1466711761485664004,Grace,Central Region,Geylang,1.31263,103.88808,Entire home/apt,,92,0,,,1,363,0,
44042639,selfcheckin window bunkbed room @aljunied near MRT,201775246,1469053007441717388,Hillary,Central Region,Geylang,1.31557,103.88199,Private room,16,92,0,,,44,335,0,
44069414,Massive & Quaint 1970's Walk Up Apartment,9899270,1462826465554201985,Peir,Central Region,Geylang,1.31496,103.88963,Entire home/apt,75,92,1,2020-07-07,0.01,6,177,0,
44090296,STYLISH 1BR APARTMENT AT BUKIT TIMAH,138649185,1462958959957533044,Sidharth,Central Region,Bukit Timah,1.33278,103.78869,Entire home/apt,71,92,0,,,215,363,0,
44255450,近市区CBD 豪华公寓一房一卫,163103462,1468587184051386836,Pokey,Central Region,Novena,1.32899,103.84263,Entire home/apt,40,92,0,,,1,270,0,
44283744,Simple & Relaxing Stay R1 @ Bugis/Orchard/Dhoby,55844797,1465914312460343704,Steph,Central Region,Rochor,1.30214,103.85255,Private room,,92,8,2022-09-18,0.11,12,34,0,
44294078,Common Room,18722224,1463060155692095175,Nehl,West Region,Bukit Batok,1.35814,103.76357,Private room,58,92,0,,,2,269,0,
44323246,Private room in  bright flat on East Coast,50100418,1465765745060464851,Fabien,Central Region,Marine Parade,1.29817,103.89594,Private room,,92,0,,,1,87,0,
44420536,"Triple room, shared bathroom in Chinatown",223971227,1463215463911252662,Fang,Central Region,Outram,1.28263,103.84572,Private room,153,1,223,2026-06-20,4.36,6,169,46,S0445
44525671,Walk to Marina Bay MRT/ Aesthetic 2BR Space,138649185,1462958959957533044,Sidharth,Central Region,Downtown Core,1.27767,103.84902,Entire home/apt,333,92,0,,,215,363,0,Authorised Serviced Apartment
44599757,1BR Loft Apt near Fusionapolis/One North/B.Vista,10270395,1462573432571403517,Kien Nguan,Central Region,Queenstown,1.30165,103.79062,Entire home/apt,,180,0,,,1,173,0,
44626865,Simple & Relaxing Stay L2 @ Bugis/Orchard/Dhoby,55844797,1465914312460343704,Steph,Central Region,Rochor,1.30263,103.85084,Private room,,92,1,2020-09-11,0.01,12,70,0,
45005221,highrise heritage quewnbed Rm2,8948251,1462791041592076946,Joey,Central Region,Outram,1.28469,103.84149,Private room,,92,1,2020-08-28,0.01,73,335,0,
45131086,Simple & Relaxing Stay R2 @ Bugis/Orchard/Dhoby,55844797,1465914312460343704,Steph,Central Region,Rochor,1.30096,103.85055,Private room,,92,3,2021-11-13,0.04,12,160,0,
45280147,Master bedroom in Geylang East Ave. / Aljunied MRT,138649185,1462958959957533044,Sidharth,Central Region,Geylang,1.31784,103.88605,Entire home/apt,32,92,0,,,215,363,0,
45319306,1 Bedroom Loft Jurong East MRT Singapore,238891646,1463258524593591157,Neha,West Region,Jurong East,1.3354,103.74302,Entire home/apt,83,92,0,,,131,363,0,Authorised Serviced Apartment
45474953,Elegant 1 bedroom at Novena,238891646,1463258524593591157,Neha,Central Region,Novena,1.31681,103.84136,Entire home/apt,95,92,1,2020-12-02,0.01,131,363,0,Authorised Serviced Apartment
45524524,EXQUISITE 3BR SUITE W/D TERRACE@SENTOSA ISLAND,138649185,1462958959957533044,Sidharth,Central Region,Southern Islands,1.24826,103.82401,Entire home/apt,444,92,0,,,215,363,0,
45626850,Family studio at Outram Park at best price,238891646,1463258524593591157,Neha,Central Region,Bukit Merah,1.27498,103.83238,Entire home/apt,122,92,0,,,131,363,0,Authorised Serviced Apartment
45680876,HighFloor View City/ChinaT +LivingRm (Not Tourist),201775246,1469053007441717388,Hillary,Central Region,Outram,1.28516,103.84196,Private room,,92,1,2020-10-04,0.01,44,335,0,
45749682,Private Room in Corner Terrace with Pool,32095639,1465471485340784672,Maria,East Region,Bedok,1.32213,103.90868,Private room,,92,0,,,1,0,0,
45777993,Pet friendly-Open plan studio@5-Mins to Orchard,138649185,1462958959957533044,Sidharth,Central Region,River Valley,1.29673,103.83746,Entire home/apt,380,6,0,,,215,363,0,S8360
45778518,"400sq.ft.1BR@Perfect spot in the city, Orchard",138649185,1462958959957533044,Sidharth,Central Region,River Valley,1.296,103.83673,Entire home/apt,121,92,1,2023-04-08,0.03,215,363,0,Authorised Serviced Apartment
45779393,"Welcoming Pets@Sparkling 1BR, Orchard",138649185,1462958959957533044,Sidharth,Central Region,River Valley,1.29651,103.83883,Entire home/apt,134,92,2,2021-12-19,0.04,215,363,0,Authorised Serviced Apartment
45781348,New Spacious MasterRoom @ East Coast Road,43009711,1465638647388062140,Aaron,East Region,Bedok,1.30758,103.91344,Private room,,92,0,,,1,0,0,
45803322,D'HOTEL Singapore - Executive Room,366300043,1469738065631597003,D'Hotel,Central Region,Bukit Merah,1.28471,103.83391,Private room,81,92,0,,,2,364,0,
45803343,D'HOTEL Singapore - Deluxe Room,366300043,1469738065631597003,D'Hotel,Central Region,Bukit Merah,1.28332,103.83424,Private room,81,92,0,,,2,364,0,
45835431,Spacious 3BR Apartment near Far East Plaza,135298846,1468348533984739635,Karen,Central Region,Newton,1.30617,103.83466,Entire home/apt,132,92,0,,,9,182,0,Authorised Serviced Apartment
45871999,Charming 3BR Apt in the Heart of Orchard Road,135298846,1468348533984739635,Karen,Central Region,River Valley,1.30172,103.83166,Entire home/apt,1638,6,1,2023-11-17,0.03,9,347,0,Authorised Serviced Apartment
45891734,Only 5-10 min to Orchard Road,18116565,1463036469258208431,Sue,Central Region,Queenstown,1.29196,103.80772,Entire home/apt,,92,0,,,1,0,0,
45902566,Studio Superior Apt- Urban Living in Orchard,372124974,1469754380346922242,Randell,Central Region,Orchard,1.3006,103.84089,Entire home/apt,469,6,2,2025-05-24,0.03,9,324,0,Authorised Serviced Apartment
45960413,Delightful Studio Superior Apartment in Orchard,372124974,1469754380346922242,Randell,Central Region,Orchard,1.30048,103.84149,Entire home/apt,422,6,0,,,9,321,0,Authorised Serviced Apartment
45961316,Stylish 2BR Superior apartment in Orchard,372124974,1469754380346922242,Randell,Central Region,Orchard,1.30056,103.84139,Entire home/apt,1083,6,4,2025-02-27,0.08,9,299,0,Authorised Serviced Apartment
45961358,Charming 2BR Superior Apartment in Orchard,372124974,1469754380346922242,Randell,Central Region,Orchard,1.3003,103.84143,Entire home/apt,921,6,1,2021-09-27,0.02,9,324,0,Authorised Serviced Apartment
45962405,Contemporary 2BR Apartment in Orchard,372124974,1469754380346922242,Randell,Central Region,Orchard,1.30047,103.8431,Entire home/apt,966,6,3,2026-06-19,0.70,9,296,3,Authorised Serviced Apartment
45962495,Modern Studio Superior Apartment in Orchard,372124974,1469754380346922242,Randell,Central Region,River Valley,1.2984,103.84087,Entire home/apt,398,6,0,,,9,348,0,Authorised Serviced Apartment
45962749,3BR Deluxe Urban Living in Orchard,372124974,1469754380346922242,Randell,Central Region,Orchard,1.30065,103.84175,Entire home/apt,1444,6,4,2025-12-28,0.09,9,314,2,Authorised Serviced Apartment
45962895,Spacious 3BR Deluxe Apartment in Orchard,372124974,1469754380346922242,Randell,Central Region,River Valley,1.29845,103.84129,Entire home/apt,1228,6,14,2026-05-02,0.43,9,339,7,Authorised Serviced Apartment
45963002,Contemporary 3BR Apartment in Orchard,372124974,1469754380346922242,Randell,Central Region,Museum,1.29899,103.84313,Entire home/apt,1300,6,0,,,9,314,0,Authorised Serviced Apartment
45963685,"In The Heart of Orchard 
Free Wi-Fi & Utilities",31975096,1465469819443592295,Clarence,Central Region,River Valley,1.29557,103.83844,Entire home/apt,49,92,6,2026-05-02,0.11,2,232,1,
46000906,"2 Bedroom Apartment at Queenstown, Singapore",238891646,1463258524593591157,Neha,Central Region,Queenstown,1.29021,103.80631,Entire home/apt,127,92,0,,,131,363,0,Authorised Serviced Apartment
46057282,Comfy 2BR Deluxe in Northeast Singapore,373313984,1469758116406978039,Celin,North-East Region,Hougang,1.37691,103.8791,Entire home/apt,692,6,11,2026-02-21,0.23,6,168,3,Authorised Serviced Apartment
46057773,Cozy 2BR Deluxe in Northeast Singapore,373313984,1469758116406978039,Celin,North-East Region,Hougang,1.37655,103.88002,Entire home/apt,623,6,18,2026-04-03,0.63,6,168,8,Authorised Serviced Apartment
46057791,Serene 2BR Deluxe Apartment in Northeast Singapore,373313984,1469758116406978039,Celin,North-East Region,Hougang,1.37499,103.87899,Entire home/apt,589,6,4,2025-12-10,0.10,6,168,2,Authorised Serviced Apartment
46073890,Spacious 3BR Superior in Northeast Singapore,373313984,1469758116406978039,Celin,North-East Region,Hougang,1.37525,103.88057,Entire home/apt,979,6,14,2026-02-23,0.29,6,185,3,Authorised Serviced Apartment
46075495,3BR Superior Family Apartment in Northeast area,373313984,1469758116406978039,Celin,North-East Region,Hougang,1.37689,103.87992,Entire home/apt,903,6,1,2021-09-12,0.02,6,182,0,Authorised Serviced Apartment
46096669,Beautiful Staycation with Private Pool,9748143,1462822366855126360,Marcus,Central Region,Toa Payoh,1.3427,103.86753,Entire home/apt,56,92,8,2020-11-30,0.12,1,364,0,
46108799,Stay in Northeast Singapore - 3 Bedroom Superior,373313984,1469758116406978039,Celin,North-East Region,Hougang,1.37475,103.88005,Entire home/apt,832,6,1,2022-09-09,0.02,6,185,0,Authorised Serviced Apartment
46114490,"Lavender singlebed window rmC, 4minMRT, 8minBugis",2413412,1462594434745155670,Kaurus,Central Region,Kallang,1.31009,103.86171,Private room,16,92,0,,,91,335,0,
46144841,"Double, Window, SHORT OVERNIGHT, 8 hours: 11PM-7AM",238195069,1469267336899793508,Marcus,Central Region,Downtown Core,1.29827,103.8576,Private room,,1,8,2025-03-13,0.13,1,0,0,S0451
46321781,ONE BEDROOM APT WITH BALCONY/STUDY AREA- FORT ROAD,138649185,1462958959957533044,Sidharth,Central Region,Marine Parade,1.30059,103.88561,Entire home/apt,324,7,1,2025-04-26,0.07,215,353,0,Authorised Serviced Apartment
46401004,PUNGGOL ROOM RENTAL,364340327,1469732587976543617,Lynn,North-East Region,Punggol,1.4058,103.89743,Private room,,92,0,,,1,0,0,
46456107,"Masterbedroom with bathroom beside train, new reno",250308470,1469326948331146879,Ky,West Region,Bukit Panjang,1.37694,103.76786,Private room,31,92,0,,,1,363,0,
46473348,2BR Superior Family Apartment in Robertson Quay,375833318,1469765593186231173,Celin,Central Region,River Valley,1.29247,103.84089,Entire home/apt,1003,6,3,2026-03-31,0.17,9,337,1,Authorised Serviced Apartment
46474181,Stay in Robertson Quay - 2 Bedroom Superior,375833318,1469765593186231173,Celin,Central Region,Singapore River,1.29244,103.84253,Entire home/apt,903,6,9,2026-05-28,0.27,9,335,4,Authorised Serviced Apartment
46475439,Serene 2BR Superior at Robertson Quay,375833318,1469765593186231173,Celin,Central Region,Singapore River,1.29046,103.84247,Entire home/apt,852,6,3,2023-04-21,0.06,9,337,0,Authorised Serviced Apartment
46475535,Comfy 3BR Deluxe at Robertson Quay,375833318,1469765593186231173,Celin,Central Region,River Valley,1.29191,103.84025,Entire home/apt,1566,6,7,2024-04-01,0.17,9,352,0,Authorised Serviced Apartment
46475821,Explore Fort Canning - 3BR Deluxe Apartment,375833318,1469765593186231173,Celin,Central Region,River Valley,1.29197,103.84052,Entire home/apt,1442,6,5,2025-09-26,0.15,9,349,1,Authorised Serviced Apartment
46475943,3BR Deluxe Family Apartment in Robertson Quay,375833318,1469765593186231173,Celin,Central Region,River Valley,1.29225,103.84032,Entire home/apt,1331,6,4,2022-12-22,0.08,9,352,0,Authorised Serviced Apartment
46476119,Studio Superior Apartment in Robertson Quay,375833318,1469765593186231173,Celin,Central Region,Singapore River,1.2904,103.84162,Entire home/apt,550,6,1,2024-07-31,0.04,9,351,0,Authorised Serviced Apartment
46476300,Studio Superior Apartment near Fort Canning,375833318,1469765593186231173,Celin,Central Region,Singapore River,1.29222,103.84234,Entire home/apt,495,6,0,,,9,349,0,Authorised Serviced Apartment
46476407,Cozy Studio Superior Apartment in Robertson Quay,375833318,1469765593186231173,Celin,Central Region,Singapore River,1.29093,103.84029,Entire home/apt,468,6,0,,,9,351,0,Authorised Serviced Apartment
46491972,1 bedroom Studio unit near Orchard,33096269,1465484591658758229,E C,Central Region,Tanglin,1.29404,103.82651,Entire home/apt,,92,7,2022-02-02,0.11,11,257,0,
46589101,Beautiful 3 bedroom Apartment at Jurong East,238891646,1463258524593591157,Neha,West Region,Jurong East,1.33596,103.74445,Entire home/apt,185,92,0,,,131,363,0,Authorised Serviced Apartment
46589304,Large 3BR Deluxe Apartment near West Coast Plaza,376693750,1469768126115895721,Randell,West Region,Clementi,1.30449,103.76522,Entire home/apt,127,92,0,,,2,364,0,Authorised Serviced Apartment
46590239,Modern 1BR Deluxe Apartment in West Coast,376700307,1469768144292005711,Randell,West Region,Clementi,1.29869,103.76417,Entire home/apt,398,6,0,,,6,362,0,Authorised Serviced Apartment
46590765,2BR Deluxe Family Apartment in West Coast,376700307,1469768144292005711,Randell,West Region,Clementi,1.30016,103.76376,Entire home/apt,828,6,0,,,6,335,0,Authorised Serviced Apartment
46591065,Tranquil 2BR Deluxe Apartment near West Coast Park,376700307,1469768144292005711,Randell,West Region,Clementi,1.29995,103.76604,Entire home/apt,704,6,0,,,6,335,0,Authorised Serviced Apartment
46605955,Recharge with us - 2BR Deluxe Apt in the West,376700307,1469768144292005711,Randell,West Region,Clementi,1.29996,103.76571,Entire home/apt,746,6,6,2026-06-27,0.42,6,332,5,Authorised Serviced Apartment
46606151,Comfy 1BR Deluxe Apartment near West Coast Park,376700307,1469768144292005711,Randell,West Region,Clementi,1.29834,103.76583,Entire home/apt,338,6,0,,,6,362,0,Authorised Serviced Apartment
46606472,1BR Deluxe Apartment in the West,376700307,1469768144292005711,Randell,West Region,Clementi,1.29869,103.76415,Entire home/apt,348,6,0,,,6,359,0,Authorised Serviced Apartment
46669109,Spacious and beautiful 3 bedroom at Clementi,238891646,1463258524593591157,Neha,North Region,Central Water Catchment,1.351,103.81921,Entire home/apt,129,92,1,2021-02-28,0.02,131,363,0,Authorised Serviced Apartment
46698429,WEST COAST WALK 3-BR / 4-MINS TO BUS-STOP,138649185,1462958959957533044,Sidharth,West Region,Clementi,1.30919,103.76177,Entire home/apt,127,92,2,2023-04-03,0.03,215,363,0,Authorised Serviced Apartment
46698961,"500 M to Jurong East MRT, 3BR Space",138649185,1462958959957533044,Sidharth,West Region,Jurong East,1.3349,103.74079,Entire home/apt,129,92,1,2023-05-31,0.03,215,363,0,S8533
46803536,Private Room-Panoramic View near MRT,8978331,1462791804092201741,Jane,Central Region,Downtown Core,1.28091,103.85189,Private room,36,92,0,,,11,362,0,
46933172,Beautiful 2 bedroom apartment at Clementi,238891646,1463258524593591157,Neha,West Region,Clementi,1.31027,103.76033,Entire home/apt,148,92,0,,,131,363,0,Authorised Serviced Apartment
46973148,Spacious and new 2 bedroom apartment,238891646,1463258524593591157,Neha,Central Region,Queenstown,1.29231,103.80741,Entire home/apt,175,92,0,,,131,363,0,Authorised Serviced Apartment
47060269,prewar cozy window room > Lavender MRT,97878860,1467178927116750945,Chess,Central Region,Kallang,1.31109,103.861,Private room,,92,0,,,59,335,0,
47124048,Master/ common bedroom near MBFC 2 mins to DMRT,8978331,1462791804092201741,Jane,Central Region,Downtown Core,1.2802,103.85392,Private room,39,92,0,,,11,363,0,
47188396,Modern & Relaxing Stay L1 @ Bugis/Orchard/Dhoby,55844797,1465914312460343704,Steph,Central Region,Rochor,1.30061,103.85199,Private room,,92,1,2021-04-12,0.02,12,0,0,
47295571,舒适小屋！快捷方便。,337425554,1463475891796386338,静,Central Region,Kallang,1.3145,103.84687,Private room,146,92,1,2022-01-02,0.02,1,364,0,
47460138,23hr selfcheckin window Singlebed near LavenderMRT,201775246,1469053007441717388,Hillary,Central Region,Kallang,1.31193,103.86304,Private room,,92,1,2021-02-08,0.02,44,335,0,
47477733,Quiet Window *Rm1 @ tiong bahru heritage,2413412,1462594434745155670,Kaurus,Central Region,Bukit Merah,1.28367,103.83527,Private room,19,92,1,2021-01-27,0.02,91,335,0,
47555385,Relax Seaview Staycation Apartment near Sentosa,44321809,1462696626207130919,Kate,Central Region,Bukit Merah,1.26611,103.8096,Entire home/apt,126,92,3,2021-02-15,0.05,1,270,0,
47736858,FAMILY STUDIO@OUTRAM PARK,138649185,1462958959957533044,Sidharth,Central Region,Bukit Merah,1.2735,103.83252,Entire home/apt,,92,0,,,215,363,0,Authorised Serviced Apartment
47774321,Queen size bed room near downtown 2 mins to MRT,8978331,1462791804092201741,Jane,Central Region,Downtown Core,1.28152,103.85391,Private room,32,92,0,,,11,364,0,
47789812,Cozy 2 bedroom apartment at Jurong East,238891646,1463258524593591157,Neha,West Region,Jurong East,1.33728,103.74627,Entire home/apt,150,92,0,,,131,363,0,Authorised Serviced Apartment
47819395,Cozy studio at River Valley,238891646,1463258524593591157,Neha,Central Region,River Valley,1.2958,103.84179,Entire home/apt,129,92,0,,,131,363,0,Authorised Serviced Apartment
47838915,"Grand 2BR Penthouse apartment, Moonstone Singapore",138649185,1462958959957533044,Sidharth,Central Region,Kallang,1.3277,103.86393,Entire home/apt,85,92,0,,,215,363,0,
47893438,"Walking distance to Eunos mrt, food centre.",178726014,1468727536571144839,Kay,Central Region,Geylang,1.32478,103.90492,Private room,,92,0,,,1,0,0,
47927795,Nature Inspired Executive 1BR Apartment in Novena,66406177,1462771726419613710,Jay G,Central Region,Novena,1.31729,103.84692,Entire home/apt,,92,0,,,2,0,0,
47927882,Nature Inspired Premier 1BR Apartment in Novena,66406177,1462771726419613710,Jay G,Central Region,Novena,1.31917,103.84845,Entire home/apt,,92,3,2021-12-12,0.05,2,0,0,
47931824,2 Bedroom apartment at Queenstown,238891646,1463258524593591157,Neha,Central Region,Queenstown,1.29575,103.80359,Entire home/apt,148,92,0,,,131,363,0,Authorised Serviced Apartment
47945468,"Single room, shared bathroom in Tanjong Pagar",299971996,1469540401265939569,Ling,Central Region,Outram,1.2795,103.84329,Private room,68,1,1492,2026-06-28,22.80,7,187,245,S0464
47945578,"Single room,Window,Private Bathroom- Tanjong Pagar",299971996,1469540401265939569,Ling,Central Region,Downtown Core,1.27829,103.84552,Private room,116,1,20,2025-12-04,0.32,7,184,4,S0464
47945703,"Double room, shared bathroom in Tanjong Pagar",299971996,1469540401265939569,Ling,Central Region,Outram,1.27752,103.84409,Private room,84,1,151,2026-06-23,2.40,7,184,48,S0464
47945986,"Double room,window, private bathroom-Tanjong Pagar",299971996,1469540401265939569,Ling,Central Region,Outram,1.27933,103.8434,Private room,132,1,45,2026-05-19,0.70,7,187,11,S0464
48007776,COMFORTABLE & CLEAN Private Room near Orchard,340446929,1463482444653939970,Danny,Central Region,Tanglin,1.31544,103.83089,Private room,41,92,0,,,1,364,0,
48019222,"Single room, shared bathroom in Chinatown",223971227,1463215463911252662,Fang,Central Region,Outram,1.2813,103.84443,Private room,64,1,899,2026-06-16,16.31,6,183,176,S0445
48019325,"Double room, shared bathroom in Chinatown",223971227,1463215463911252662,Fang,Central Region,Outram,1.28267,103.84564,Private room,76,1,88,2026-06-27,1.73,6,177,22,S0445
48019417,"Double room, shared bathroom in Chinatown",223971227,1463215463911252662,Fang,Central Region,Outram,1.28283,103.84501,Private room,114,1,123,2026-03-04,2.37,6,175,13,S0445
48019515,"Twin room, shared bathroom in Chinatown",223971227,1463215463911252662,Fang,Central Region,Outram,1.2808,103.84586,Private room,140,1,82,2026-06-26,1.63,6,143,20,S0445
48033280,"Double,shared bathroom,near to Jalan Besar MRT",328013026,1469627586999133041,Alex H,Central Region,Rochor,1.30658,103.85367,Private room,76,1,371,2026-05-30,6.25,6,186,54,S0452
48033351,"Twin,shared bathroom,2mins walk to Jalan Besar MRT",328013026,1469627586999133041,Alex H,Central Region,Rochor,1.3062,103.85596,Private room,60,1,1093,2026-06-26,18.66,6,177,171,S0452
48033436,"Double,private bathroom,near to Jalan Besar MRT",328013026,1469627586999133041,Alex H,Central Region,Rochor,1.30469,103.85578,Private room,80,1,148,2026-06-18,2.47,6,190,12,S0452
48034619,422 SQ.FT 1BR  AT WEST COAST/ CLEMENTI MRT STN,138649185,1462958959957533044,Sidharth,West Region,Clementi,1.30033,103.76588,Entire home/apt,556,6,0,,,215,363,0,Exempt
48082868,One bedroom apartment at Jurong East,238891646,1463258524593591157,Neha,West Region,Jurong East,1.33711,103.74169,Entire home/apt,,92,0,,,131,89,0,Authorised Serviced Apartment
48085243,"Luxurious 2 bedroom 2 bath apartment, Jurong East",238891646,1463258524593591157,Neha,West Region,Jurong West,1.34649,103.72332,Entire home/apt,148,92,0,,,131,363,0,Authorised Serviced Apartment
48098802,New Queen size bed room 2 mins to Downtown MRT,8978331,1462791804092201741,Jane,Central Region,Downtown Core,1.28172,103.85342,Private room,35,92,2,2022-12-30,0.03,11,364,0,
48127824,2BR AT WEST COAST NEAR CLEMENTI MRT STN,138649185,1462958959957533044,Sidharth,West Region,Clementi,1.30038,103.76371,Entire home/apt,811,6,1,2022-03-11,0.02,215,363,0,Exempt
48141144,"High-living 1-BR @ Orchard, Singapore",138649185,1462958959957533044,Sidharth,Central Region,Newton,1.30351,103.83823,Entire home/apt,192,92,0,,,215,363,0,Exempt
48153394,STUDIO APARTMENT AT FORT ROAD NEAR EAST COAST PARK,138649185,1462958959957533044,Sidharth,Central Region,Marine Parade,1.30082,103.88613,Entire home/apt,251,6,1,2025-02-27,0.06,215,327,0,Authorised Serviced Apartment
48176330,STUDIO AT FORT ROAD NEAR EAST COAST PARK,138649185,1462958959957533044,Sidharth,Central Region,Kallang,1.30053,103.88421,Entire home/apt,222,7,4,2024-06-05,0.07,215,363,0,Exempt
48191140,425 SQ FT. STUDIO APARTMENT AT FORT ROAD,138649185,1462958959957533044,Sidharth,Central Region,Marine Parade,1.30056,103.88594,Entire home/apt,261,7,0,,,215,363,0,Authorised Serviced Apartment
48246660,One bedroom close to One north MRT,211943606,1463187257689468194,Yan,West Region,Jurong East,1.34676,103.73229,Private room,,92,4,2022-01-05,0.07,1,0,0,
48261012,Modern & Relaxing Stay R1 @ Bugis/Orchard/Dhoby,55844797,1465914312460343704,Steph,Central Region,Rochor,1.30104,103.85026,Private room,,92,1,2021-08-08,0.02,12,87,0,
48264716,Modern & Relaxing Stay R2 @ Bugis/Orchard/Dhoby,55844797,1465914312460343704,Steph,Central Region,Rochor,1.30054,103.85248,Private room,,92,1,2021-06-22,0.02,12,44,0,
48265114,Modern & Relaxing Stay Annex @ Bugis/Orchard/Dhoby,55844797,1465914312460343704,Steph,Central Region,Rochor,1.30117,103.85055,Private room,,92,6,2025-10-02,0.09,12,45,1,
48265411,Modern & Relaxing Stay L2 @ Bugis/Orchard/Dhoby,55844797,1465914312460343704,Steph,Central Region,Rochor,1.30198,103.85033,Private room,37,92,3,2022-01-09,0.05,12,123,0,
48286216,1-BR Executive Triple -Pan Pacific Serviced Suites,225641992,1469199234382758341,David,Central Region,Orchard,1.30213,103.83721,Entire home/apt,,6,0,,,6,0,0,Authorised Serviced Apartment
48313505,Modern Asian Peranakan Gem 2,23874147,1462626987848928686,Adrian,North Region,Woodlands,1.43064,103.77327,Private room,20,92,8,2024-09-01,0.13,3,361,0,
48531484,设备齐全公寓 Super Host Quiet Studio Apartment in Bugis,148161755,1468451572350403296,Jan,Central Region,Rochor,1.29888,103.85204,Private room,349,6,0,,,26,335,0,Authorised Serviced Apartment
48531971,"500 M to JURONG EAST MRT, 2BR SPACE",138649185,1462958959957533044,Sidharth,West Region,Jurong East,1.33669,103.74073,Entire home/apt,116,92,2,2022-11-20,0.04,215,363,0,S8533
48613065,【REST】Chinatown/Premier Deluxe Family Quad w Slide,256587033,1463314429874855387,Feng,Central Region,Outram,1.28303,103.84497,Private room,536,1,46,2026-05-23,0.84,9,181,28,S0408
48688017,Springside,206769167,1469078707931710491,Maggie Wu,North Region,Yishun,1.40544,103.82071,Private room,,92,0,,,5,89,0,
48743492,[Chinatown]Executive Family Quad w Slide/2mins MRT,256587033,1463314429874855387,Feng,Central Region,Outram,1.28207,103.84271,Private room,429,1,3,2022-12-09,0.06,9,155,0,S0408
49048346,"Double room,window,private bathroom -Tanjong Pagar",299971996,1469540401265939569,Ling,Central Region,Outram,1.27919,103.84514,Private room,124,1,242,2026-06-07,3.97,7,180,58,S0464
49048569,"Double room, shared bathroom in Tanjong Pagar",299971996,1469540401265939569,Ling,Central Region,Downtown Core,1.27773,103.84547,Private room,84,1,162,2026-06-26,2.58,7,155,76,S0464
49081728,"FOUR SEASONS HOTEL SINGAPORE, PREMIER ROOM",328368210,1463460751780551610,Luxury Hotel,Central Region,River Valley,1.30431,103.82952,Private room,283,92,0,,,6,364,0,
49082170,"FOUR SEASONS HOTEL SINGAPORE, DELUXE ROOM",328368210,1463460751780551610,Luxury Hotel,Central Region,River Valley,1.30442,103.82895,Private room,,92,0,,,6,364,0,
49082424,"FOUR SEASONS HOTEL SINGAPORE, BOULEVARD ROOM",328368210,1463460751780551610,Luxury Hotel,Central Region,Orchard,1.30454,103.82954,Private room,230,92,0,,,6,364,0,
49082585,"FOUR SEASONS HOTEL SINGAPORE, HYPOALLERGENIC ROOM",328368210,1463460751780551610,Luxury Hotel,Central Region,Orchard,1.30544,103.8296,Private room,202,92,0,,,6,364,0,
49083516,"FOUR SEASONS HOTEL SINGAPORE, EXECUTIVE SUITE",328368210,1463460751780551610,Luxury Hotel,Central Region,Orchard,1.30487,103.8293,Private room,227,92,0,,,6,364,0,
49083651,"FOUR SEASONS HOTEL SINGAPORE, ONE BEDROOM SUITE",328368210,1463460751780551610,Luxury Hotel,Central Region,Orchard,1.30457,103.82774,Private room,312,92,0,,,6,364,0,
49099456,One Bedroom Executive Apartment at River Valley,238891646,1463258524593591157,Neha,Central Region,River Valley,1.29649,103.84203,Entire home/apt,129,92,0,,,131,363,0,Authorised Serviced Apartment
49209267,新公寓普通房长期出租，付款前先发信息咨询，可能和屋主同住,199928502,1469042676540379576,Aden,North-East Region,Hougang,1.37529,103.90351,Private room,,92,1,2021-04-19,0.02,1,90,0,
49428269,Lavender QueenBed Rm2: 5m walk MRT,2413412,1462594434745155670,Kaurus,Central Region,Kallang,1.30956,103.86201,Private room,16,92,0,,,91,335,0,
49445304,Brilliant 4BR in the heart of Clementi,300765938,1463413945351002296,Xacco,West Region,Clementi,1.31974,103.7525,Entire home/apt,107,92,0,,,52,364,0,
49535860,Simple & Relaxing Stay Annex @ Bugis/Orchard/Dhoby,55844797,1465914312460343704,Steph,Central Region,Rochor,1.30266,103.85041,Private room,,92,1,2021-12-23,0.02,12,0,0,
49597391,Rent to 1 lady,342075612,1469672234219580451,Jane,Central Region,Kallang,1.31822,103.85549,Entire home/apt,29,92,0,,,1,364,0,
49693917,Super Single Room in Marina Boulevard mins to MRT,8978331,1462791804092201741,Jane,Central Region,Downtown Core,1.28097,103.85391,Private room,23,92,0,,,11,364,0,
49863259,Heritage Collection on Seah Premium Loft Plus,23336011,1465271884616547411,Heritage,Central Region,Downtown Core,1.2958459854125977,103.85504150390625,Entire home/apt,118,2,263,2026-06-28,4.25,71,357,77,S0448
49936029,【REST COLLECTION】牛车水-尊享豪华家庭房（滑梯)/距地铁站步行2分钟/超大屏幕投影,256587033,1463314429874855387,Feng,Central Region,Outram,1.28405,103.84357,Private room,405,1,6,2026-02-19,0.47,9,168,5,S0408
49937277,"Classy 1-BR@CW Towers, Singapore",138649185,1462958959957533044,Sidharth,Central Region,Queenstown,1.2999,103.79909,Entire home/apt,91,92,0,,,215,363,0,S9740
49951302,Single Pod (Front Entry) Mixed Shared Room,209260798,1469091695724513348,The Pod,Central Region,Rochor,1.30147,103.86155,Shared room,74,1,24,2025-12-22,0.48,9,361,2,S0269
50220613,"Economical & Equipped, Studio@Orchard, Singapore",138649185,1462958959957533044,Sidharth,Central Region,River Valley,1.2970244612475954,103.83638612584062,Entire home/apt,257,6,0,,,215,269,0,Exempt
50229786,Lofty Ambitions | Incredible 360 View,300765938,1463413945351002296,Xacco,West Region,Clementi,1.31816,103.76098,Entire home/apt,140,92,0,,,52,362,0,
50294480,"Cozy, comfortable and convenient supersingle bed room with free parking in CBD area, backyard of Orchard road. 3mins to Somerset MRT and 6mins to Dhoby Ghaut MRT, more than 25 bus lines, many famous shopping centers and Fort Canning Park nearby.",108476315,1467314229704867172,Jane,Central Region,Orchard,1.30124,103.83952,Private room,18,92,6,2023-04-05,0.10,3,270,0,
50340792,Lavender QueenBed Rm1: 5m walk MRT,2413412,1462594434745155670,Kaurus,Central Region,Kallang,1.30965,103.86018,Private room,16,92,0,,,91,335,0,
50402384,Great view Ensuite1+1@CBD/Chinatown (Non-Tourist),2413412,1462594434745155670,Kaurus,Central Region,Outram,1.28512,103.84319,Private room,,92,0,,,91,362,0,
50433019,Boat Stay (Floating Chalet),367322686,1463539985384496750,Zulfaizal,North-East Region,Punggol,1.4148,103.89859,Entire home/apt,116,92,16,2024-09-25,0.28,1,270,0,Exempt
50476069,Cozy and Relaxing Single Ensuite @NUS (104),1439258,1462518083181087528,K2Guesthouse,Central Region,Queenstown,1.27971,103.78613,Private room,206,1,2,2024-12-24,0.09,44,141,0,S0399
50493423,STROLL FROM LAKESIDE MRT/JURONG Dist.,138649185,1462958959957533044,Sidharth,West Region,Jurong West,1.34652,103.72554,Entire home/apt,110,92,0,,,215,363,0,Authorised Serviced Apartment
50562391,Luxurious Master bedroom In City Centre,8978331,1462791804092201741,Jane,Central Region,Downtown Core,1.28142,103.85374,Private room,40,92,1,2021-08-15,0.02,11,362,0,
50707898,Modern City View Apartment 3 min - Bras Basah MRT,148161755,1468451572350403296,Jan,Central Region,Rochor,1.29889,103.85178,Entire home/apt,351,6,1,2021-12-13,0.02,26,335,0,Authorised Serviced Apartment
50708702,City View Serviced Apartment National Library,148161755,1468451572350403296,Jan,Central Region,Downtown Core,1.29769,103.8536,Entire home/apt,343,6,7,2025-12-13,0.12,26,334,3,Authorised Serviced Apartment
50719175,"PLEASANT STUDIO APARTMENT, 10 MINS WALK TO MRT",138649185,1462958959957533044,Sidharth,Central Region,Downtown Core,1.27433,103.84194,Entire home/apt,87,92,0,,,215,363,0,Authorised Serviced Apartment
50732473,Studio,409974776,1469871442352970112,The Initial,Central Region,Novena,1.32535,103.85167,Private room,50,92,0,,,5,364,0,
50732541,1 Bedroom Standard,409974776,1469871442352970112,The Initial,Central Region,Novena,1.3255,103.85017,Private room,56,92,0,,,5,364,0,
50732900,1 Bedroom Garden,409974776,1469871442352970112,The Initial,Central Region,Novena,1.32557,103.85022,Private room,63,92,0,,,5,364,0,
50733196,I bedroom Deluxe,409974776,1469871442352970112,The Initial,Central Region,Novena,1.32347,103.85145,Private room,69,92,0,,,5,364,0,
50733227,1 Bedroom Suite,409974776,1469871442352970112,The Initial,Central Region,Novena,1.32321,103.84982,Private room,76,92,0,,,5,364,0,
50737006,Comfy Service Apartment 2 mins to Bras Basah MRT,148161755,1468451572350403296,Jan,Central Region,Rochor,1.29726,103.85199,Entire home/apt,343,6,21,2025-12-31,0.36,26,328,4,Authorised Serviced Apartment
50822490,Spacious Studio Apartment 现代住宅城市公寓 | 包括无线网络和家政服务,148161755,1468451572350403296,Jan,Central Region,Downtown Core,1.29714,103.8535,Private room,351,6,3,2024-09-24,0.05,26,329,0,Authorised Serviced Apartment
50822918,宁静 干净  CBD Central Studio Apartment | 免费WiFi 服务式公寓,148161755,1468451572350403296,Jan,Central Region,Rochor,1.29706,103.85196,Entire home/apt,343,6,13,2024-10-11,0.22,26,334,0,Authorised Serviced Apartment
50823263,City Studio Apartment near City Hall 物超所值优质性服务式公寓,148161755,1468451572350403296,Jan,Central Region,Downtown Core,1.29692,103.85279,Entire home/apt,343,6,0,,,26,335,0,Authorised Serviced Apartment
50823476,CBD Modern Studio Apartment Singapore Flyer View,148161755,1468451572350403296,Jan,Central Region,Rochor,1.29888,103.85315,Entire home/apt,400,6,1,2023-07-31,0.03,26,333,0,Authorised Serviced Apartment
50823783,Spacious Studio Apartment | 城市漂亮观景 | 高速互联网 适合居家办公,148161755,1468451572350403296,Jan,Central Region,Rochor,1.29686,103.85213,Entire home/apt,411,6,0,,,26,333,0,Authorised Serviced Apartment
50844665,En suite double room in a loft penthouse,32232191,1465473453822511105,Anthony,Central Region,Tanglin,1.2931220531463623,103.83050537109375,Private room,43,92,2,2023-12-04,0.04,3,233,0,
51002244,Private room nearby NUS/Clementi at west coast,67840264,1466838349576628970,Jeremy,West Region,Clementi,1.31979,103.75252,Private room,55,92,0,,,1,270,0,
51075717,"Single room, window, shared bathroom in Chinatown",223971227,1463215463911252662,Fang,Central Region,Outram,1.282564961084461,103.8458408184433,Private room,114,1,236,2026-06-26,4.22,6,178,49,S0445
51076382,"Double,window,private bathroom -Jalan Besar MRT",328013026,1469627586999133041,Alex H,Central Region,Rochor,1.30663,103.85602,Private room,84,1,336,2026-06-28,5.62,6,191,82,S0452
51131949,"Single room,window shared bathroom  Tanjong Pagar",299971996,1469540401265939569,Ling,Central Region,Downtown Core,1.27793,103.84522,Private room,76,1,84,2026-06-08,1.42,7,183,22,S0464
51223656,Luxurious Queen Sized Room In City Centre,8978331,1462791804092201741,Jane,Central Region,Downtown Core,1.28101,103.85378,Private room,30,92,1,2023-09-02,0.03,11,364,0,
51337824,1BR IN THE HEART OF SINGAPORE NEAR ORCHARD MRT,138649185,1462958959957533044,Sidharth,Central Region,River Valley,1.2983,103.83294,Entire home/apt,89,92,0,,,215,363,0,Authorised Serviced Apartment
51338514,RUSH FROM YOUR 1BR TO MEI LING MRKT/QUEENSTOWN MRT,138649185,1462958959957533044,Sidharth,Central Region,Queenstown,1.29509,103.80579,Entire home/apt,91,92,0,,,215,363,0,Authorised Serviced Apartment
51357661,400 SQFT STUDIO NEAR KENT RIDGE PARK,138649185,1462958959957533044,Sidharth,Central Region,Queenstown,1.2824,103.78262,Entire home/apt,85,92,0,,,215,363,0,Exempt
51548417,ENJOY THE SUNSET EVERYDAY AT BISHAN ST. 2BR/2BATH,138649185,1462958959957533044,Sidharth,Central Region,Bishan,1.34837,103.8536,Entire home/apt,98,92,0,,,215,363,0,Authorised Serviced Apartment
51573604,MODERN 3BR APARTMENT IN THE VIBRANT WEST COAST DR,138649185,1462958959957533044,Sidharth,West Region,Clementi,1.31715,103.76133,Entire home/apt,100,92,0,,,215,363,0,Authorised Serviced Apartment
51593286,"Haig Rd/East Coast 1BR, Dakota MRT Station",138649185,1462958959957533044,Sidharth,Central Region,Marine Parade,1.30567,103.89778,Entire home/apt,68,92,0,,,215,363,0,
51660574,Boat Quay Studio Premium Plus (Quayside Wing),23336011,1465271884616547411,Heritage,Central Region,Singapore River,1.2882570028305054,103.84925842285156,Entire home/apt,145,2,23,2026-04-05,0.47,71,360,8,S0483
51660773,Boat Quay Studio (Quayside Wing),23336011,1465271884616547411,Heritage,Central Region,Singapore River,1.2882570028305054,103.84925842285156,Entire home/apt,129,1,188,2026-06-28,3.53,71,362,22,S0483
51661055,Boat Quay Studio Plus No Window (Quayside Wing),23336011,1465271884616547411,Heritage,Central Region,Singapore River,1.2882570028305054,103.84925842285156,Entire home/apt,165,2,103,2026-06-27,2.24,71,360,52,S0483
51661224,Boat Quay Studio No Window (Quayside Wing),23336011,1465271884616547411,Heritage,Central Region,Singapore River,1.2882570028305054,103.84925842285156,Entire home/apt,212,1,214,2026-06-23,3.66,71,348,31,S0483
51759139,Vibrant 1BR Located in the Heart of CBD-Singapore,138649185,1462958959957533044,Sidharth,Central Region,Downtown Core,1.27751,103.8474,Entire home/apt,226,92,3,2024-04-03,0.06,215,363,0,Exempt
51858493,Serviced Studio with Private Kitchen/Bath in Apt 2,118496059,1468210217390870099,Ashton,Central Region,Singapore River,1.2910150289535522,103.83662414550781,Entire home/apt,,92,7,2026-04-30,0.20,6,2,2,Exempt
51898390,"CLASSY 2-BR@CW Towers/Queenstown, Singapore",138649185,1462958959957533044,Sidharth,Central Region,Queenstown,1.29978,103.79959,Entire home/apt,116,92,2,2022-05-29,0.04,215,363,0,Authorised Serviced Apartment
51931255,Boat Quay Premium Loft River view(Quayside Wing),23336011,1465271884616547411,Heritage,Central Region,Singapore River,1.2882570028305054,103.84925842285156,Entire home/apt,251,1,77,2026-05-29,1.46,71,344,8,S0483
51931450,Boat Quay Studio Plus (Quayside Wing),23336011,1465271884616547411,Heritage,Central Region,Singapore River,1.2882570028305054,103.84925842285156,Entire home/apt,138,2,32,2026-04-19,0.63,71,359,6,S0483
51931632,Boat Quay Studio Premium River View(Quayside Wing),23336011,1465271884616547411,Heritage,Central Region,Singapore River,1.2882570028305054,103.84925842285156,Entire home/apt,258,2,22,2026-06-21,0.40,71,334,4,S0483
51946794,Boat Quay Loft Apartment (Quayside Wing),23336011,1465271884616547411,Heritage,Central Region,Singapore River,1.2882570028305054,103.84925842285156,Entire home/apt,162,1,21,2026-06-11,0.37,71,355,2,S0483
51946940,Boat Quay Loft No Window Apartment (Quayside Wing),23336011,1465271884616547411,Heritage,Central Region,Singapore River,1.2882570028305054,103.84925842285156,Entire home/apt,197,1,33,2026-01-29,0.64,71,328,3,S0483
51947045,Boat Quay Studio Single No Window (Quayside Wing),23336011,1465271884616547411,Heritage,Central Region,Singapore River,1.2882570028305054,103.84925842285156,Entire home/apt,143,1,50,2026-06-26,0.95,71,356,8,S0483
51996111,1BR AT CANTONMENT ROAD IN THE HEART OF DOWNTOWN,138649185,1462958959957533044,Sidharth,Central Region,Outram,1.27477,103.84228,Entire home/apt,98,92,0,,,215,363,0,Authorised Serviced Apartment
51997726,"NEWLY LAUNCHED 3BR@CLEMENTI, SINGAPORE",138649185,1462958959957533044,Sidharth,West Region,Clementi,1.30701,103.76976,Entire home/apt,139,92,0,,,215,363,0,S9960
52062009,Raffles Loft (with DeluxeBalcony & iconic MBSView),23336011,1465271884616547411,Heritage,Central Region,Singapore River,1.28905,103.84844,Entire home/apt,421,1,27,2026-03-21,0.48,71,316,3,S0483
52062197,Stamford Studio (with Balcony & iconic MBS View),23336011,1465271884616547411,Heritage,Central Region,Singapore River,1.28717,103.84836,Entire home/apt,428,1,28,2026-06-27,0.49,71,327,5,S0483
52157275,Spacious and comfortable 3 bedroom apartment,238891646,1463258524593591157,Neha,West Region,Clementi,1.30785,103.76787,Entire home/apt,163,92,2,2023-05-04,0.04,131,363,0,Authorised Serviced Apartment
52289477,One bedroom unit at Jurong East,238891646,1463258524593591157,Neha,West Region,Jurong East,1.33546,103.74329,Entire home/apt,111,92,0,,,131,363,0,Authorised Serviced Apartment
52301070,Master bedroom 3,367042,1462516725725391209,Belinda,East Region,Tampines,1.34537,103.95973,Private room,,92,2,2024-12-03,0.05,5,88,0,
52357276,Heritage Collection on Arab - Studio No Window,23336011,1465271884616547411,Heritage,Central Region,Rochor,1.30137300491333,103.85912322998047,Entire home/apt,120,1,190,2026-06-28,3.45,71,328,34,S0486
52357563,Heritage Collection on Arab -  Studio,23336011,1465271884616547411,Heritage,Central Region,Rochor,1.30137300491333,103.85912322998047,Entire home/apt,114,1,25,2025-12-28,0.46,71,335,5,S0486
52357696,Heritage Collection on Arab - Studio Single,23336011,1465271884616547411,Heritage,Central Region,Rochor,1.30137300491333,103.85912322998047,Entire home/apt,155,1,45,2026-06-12,0.88,71,335,13,S0486
52357956,Heritage Collection on Arab - Loft (with Balcony),23336011,1465271884616547411,Heritage,Central Region,Rochor,1.30137300491333,103.85912322998047,Entire home/apt,237,1,33,2026-06-01,0.61,71,304,6,S0486
52358231,Premium studio at Havelock road,238891646,1463258524593591157,Neha,Central Region,Bukit Merah,1.29044,103.83248,Entire home/apt,85,92,0,,,131,363,0,Authorised Serviced Apartment
52359332,"Heritage Vibes in 2BR, River Valley-Singapore",138649185,1462958959957533044,Sidharth,Central Region,River Valley,1.29308,103.84129,Entire home/apt,100,90,14,2024-02-18,0.26,215,363,0,S0015
52396348,"Central & Comfort Studio @Queen Street, Singapore",138649185,1462958959957533044,Sidharth,Central Region,Downtown Core,1.29714,103.85355,Entire home/apt,74,92,0,,,215,363,0,
52522468,Walk to Marina Bay MRT/ Up-Scale 2BR Space,138649185,1462958959957533044,Sidharth,Central Region,Downtown Core,1.27757,103.84827,Entire home/apt,519,92,0,,,215,363,0,Exempt
52575543,Heritage Collection on Arab Studio Single NoWindow,23336011,1465271884616547411,Heritage,Central Region,Rochor,1.30137300491333,103.85912322998047,Entire home/apt,131,1,38,2026-05-07,0.72,71,285,9,S0486
52575637,Heritage Collection on Arab- Loft Single No Window,23336011,1465271884616547411,Heritage,Central Region,Rochor,1.30137300491333,103.85912322998047,Entire home/apt,112,2,80,2026-06-17,1.72,71,334,12,S0486
52593506,Private room in 3BR condo apartment,136026521,1468354990922064614,Abby,East Region,Bedok,1.32609,103.94423,Private room,,365,0,,,1,0,0,
52663333,"BALESTIER STUDIO, MINS DRIVE TO MALL & HOSPITAL",138649185,1462958959957533044,Sidharth,Central Region,Novena,1.32013,103.85287,Entire home/apt,386,6,0,,,215,363,0,Authorised Serviced Apartment
52664352,"35sqm 1-BR NOVENA, MINS DRIVE TO MALL & HOSPITAL",138649185,1462958959957533044,Sidharth,Central Region,Novena,1.32004,103.85217,Entire home/apt,436,6,0,,,215,363,0,Authorised Serviced Apartment
52680716,"Smartly Designed 1 BR in Novena, 6 mins to MRT",138649185,1462958959957533044,Sidharth,Central Region,Novena,1.32005,103.85216,Entire home/apt,114,92,0,,,215,363,0,
52681365,2BR in Central Area with a Luxurious Touch,138649185,1462958959957533044,Sidharth,Central Region,Museum,1.29873,103.8494,Entire home/apt,1244,6,2,2024-06-16,0.06,215,363,0,Authorised Serviced Apartment
52767590,"Homey 1BR in Bukit Timah Rd, stroll from MRT",138649185,1462958959957533044,Sidharth,Central Region,Tanglin,1.31834,103.8278,Entire home/apt,63,92,0,,,215,363,0,
52786412,MINS TO ORCHARD; CHARMING 3BR @ANDERSON RD,138649185,1462958959957533044,Sidharth,Central Region,Tanglin,1.31032,103.82681,Entire home/apt,182,92,0,,,215,363,0,
52815766,Super single room in CBD minutes away from MRT,8978331,1462791804092201741,Jane,Central Region,Downtown Core,1.28159,103.85183,Private room,30,92,0,,,11,363,0,
52907491,Welcoming for 1 bedroom private room,206242525,1469075777152665727,Wutyee,North Region,Sembawang,1.44873,103.81434,Private room,,92,0,,,1,0,0,
52911736,"Pleasant 2 BR in Clarke Quay, 3 mins stroll to MRT",138649185,1462958959957533044,Sidharth,Central Region,Singapore River,1.29131,103.842,Entire home/apt,148,92,5,2024-09-21,0.09,215,363,0,Exempt
52929689,"Walk to Mt. Elizabeth, Splendid Studio (37sqm)",138649185,1462958959957533044,Sidharth,Central Region,Novena,1.32563,103.84532,Entire home/apt,443,6,0,,,215,363,0,Authorised Serviced Apartment
52970740,Master bedroom with attached toilet near mrt,405511511,1463626164579673195,Lim,Central Region,Kallang,1.32168,103.86365,Private room,,92,0,,,2,88,0,Authorised Serviced Apartment
52970813,Lovely 3 bedroom,405511511,1463626164579673195,Lim,Central Region,Kallang,1.32001,103.86503,Private room,80,92,0,,,2,270,0,
52977792,"Heritage Vibes in 1BR, River Valley-Singapore",138649185,1462958959957533044,Sidharth,Central Region,River Valley,1.29334,103.8396,Entire home/apt,89,90,4,2024-03-15,0.09,215,363,0,S0015
53014553,Double Aircon Room Near Changi Airport Singapore,391575732,1469811063955364871,Herman,North-East Region,Sengkang,1.38917,103.89659,Private room,36,92,1,2021-12-12,0.02,2,364,0,
53035232,Lovely 1 private bedroom available,429335705,1469945206540683063,Farisha,North Region,Yishun,1.43915,103.83648,Private room,18,92,0,,,1,364,0,
53038612,Premium 2BR in Central Area with a Luxurious Touch,138649185,1462958959957533044,Sidharth,Central Region,Rochor,1.29829,103.85164,Entire home/apt,1351,6,1,2023-08-03,0.03,215,363,0,Authorised Serviced Apartment
53057197,Studio Executive Suite,429031523,1469943880673875150,Serenena,Central Region,River Valley,1.29854,103.8416,Private room,94,92,0,,,2,364,0,
53057294,Studio Suite with kitchen,429031523,1469943880673875150,Serenena,Central Region,Orchard,1.2992,103.84138,Private room,86,92,0,,,2,364,0,
53070791,Beautiful 2BR Apartment in River Valley,138649185,1462958959957533044,Sidharth,Central Region,River Valley,1.29915,103.83961,Entire home/apt,954,6,1,2022-10-25,0.02,215,363,0,S8462
53073961,Novena Serviced apartment-Executive one bedroom 11,24496358,1465305327734698378,Katherine,Central Region,Novena,1.31763,103.84865,Entire home/apt,274,6,8,2023-12-23,0.15,53,308,0,Authorised Serviced Apartment
53100793,Super Single room in CBD - Mins away from MRT,8978331,1462791804092201741,Jane,Central Region,Downtown Core,1.28149,103.85163,Private room,28,92,0,,,11,363,0,
53103357,Deluxe Studio Located In The Hear Of Central,138649185,1462958959957533044,Sidharth,Central Region,Downtown Core,1.27743,103.84837,Entire home/apt,166,92,0,,,215,363,0,Exempt
53119442,Novena City Apt_Modern Deluxe Queen Suite 02,50965838,1462718219033867163,Yiyi,Central Region,Novena,1.318528,103.847511,Entire home/apt,241,6,6,2026-02-13,0.15,16,245,2,Authorised Serviced Apartment
53122920,Novena Serviced Apartment-Executive One bedroom 7,68059127,1466841137906743877,Wei,Central Region,Novena,1.318528,103.847511,Entire home/apt,274,6,2,2023-09-21,0.05,50,322,0,Authorised Serviced Apartment
53123488,Novena Serviced Apartment-Premium One bedroom 4,68059127,1466841137906743877,Wei,Central Region,Novena,1.3178,103.8483,Entire home/apt,72,92,1,2022-02-22,0.02,50,311,0,Authorised Serviced Apartment
53137763,Lovely one bedroom apartment at Novena,238891646,1463258524593591157,Neha,Central Region,Novena,1.31734,103.84217,Entire home/apt,111,92,0,,,131,364,0,Authorised Serviced Apartment
53138620,STAY AT THE 1BR LUXURY AT BUSTLING- ORCHARD RD,138649185,1462958959957533044,Sidharth,Central Region,Orchard,1.30274,103.83989,Entire home/apt,504,6,0,,,215,363,0,Exempt
53166174,Novena Serviced Apartment-Premium One bedroom 8,68059127,1466841137906743877,Wei,Central Region,Novena,1.31921,103.84676,Entire home/apt,230,6,14,2026-05-03,0.26,50,320,2,Authorised Serviced Apartment
53174768,Novena Serviced Apartment- Premier One bedroom 1,24496358,1465305327734698378,Katherine,Central Region,Novena,1.318528,103.847511,Entire home/apt,254,6,36,2026-02-14,0.66,53,310,1,Authorised Serviced Apartment
53175494,Premium studio at Novena,238891646,1463258524593591157,Neha,Central Region,Novena,1.31867,103.84683,Entire home/apt,,92,1,2021-12-06,0.02,131,90,0,Authorised Serviced Apartment
53175628,NOVENA Serviced apartment-Executive one bedroom 10,68059127,1466841137906743877,Wei,Central Region,Novena,1.31781,103.84852,Entire home/apt,274,6,1,2024-01-31,0.03,50,306,0,Authorised Serviced Apartment
53175850,NOVENA Serviced Apartment-Premium One bedroom 5,68059127,1466841137906743877,Wei,Central Region,Novena,1.31761,103.84837,Entire home/apt,253,6,6,2024-03-11,0.11,50,314,0,Authorised Serviced Apartment
53193333,Novena City Comfort Serviced Apt Premium Suite 03,50965838,1462718219033867163,Yiyi,Central Region,Novena,1.318528,103.847511,Entire home/apt,270,6,2,2025-10-07,0.06,16,243,1,Authorised Serviced Apartment
53196067,Novena City Comfort Serviced Apt Premium Suite 05,50965838,1462718219033867163,Yiyi,Central Region,Novena,1.318528,103.847511,Entire home/apt,261,6,11,2023-09-07,0.20,16,243,0,Authorised Serviced Apartment
53196481,Novena City Apt_Modern Deluxe Queen Suite 01,50965838,1462718219033867163,Yiyi,Central Region,Novena,1.3196,103.84804,Entire home/apt,243,6,4,2024-05-31,0.07,16,243,0,Authorised Serviced Apartment
53209302,Lovely 1 bedroom in condo,96718721,1467165128201548843,Irene,Central Region,Kallang,1.3115,103.85708,Private room,37,92,0,,,11,364,0,
53222711,Novena Serviced apartment- Executive one bedroom 2,24496358,1465305327734698378,Katherine,Central Region,Novena,1.31758,103.84717,Entire home/apt,239,6,23,2026-06-03,0.44,53,329,3,Authorised Serviced Apartment
53260515,Novena Serviced apartment-Executive One Bedroom 10,24496358,1465305327734698378,Katherine,Central Region,Novena,1.31954,103.84712,Entire home/apt,263,6,24,2026-05-30,0.45,53,320,5,Authorised Serviced Apartment
53260824,Novena Serviced Apartment-Premier One bedroom 4,24496358,1465305327734698378,Katherine,Central Region,Novena,1.318528,103.847511,Entire home/apt,254,6,4,2024-06-03,0.08,53,308,0,Authorised Serviced Apartment
53270162,Novena City Apt_Modern Deluxe Queen Suite 03,50965838,1462718219033867163,Yiyi,Central Region,Novena,1.318528,103.847511,Entire home/apt,239,6,4,2025-03-21,0.09,16,242,0,Authorised Serviced Apartment
53281701,Novena City Apt_Modern Deluxe Queen Suite 04,50965838,1462718219033867163,Yiyi,Central Region,Novena,1.318528,103.847511,Entire home/apt,242,6,23,2026-02-23,0.42,16,242,4,Authorised Serviced Apartment
53301824,Novena City Comfort Serviced Apt Premium Suite 01,50965838,1462718219033867163,Yiyi,Central Region,Novena,1.318528,103.847511,Entire home/apt,265,6,10,2025-12-21,0.19,16,227,3,Authorised Serviced Apartment
53346651,Two bedroom apartment at Queenstown,238891646,1463258524593591157,Neha,Central Region,Queenstown,1.30151,103.79785,Entire home/apt,111,92,0,,,131,363,0,Authorised Serviced Apartment
53355259,Novena Serviced apartment-Executive one bedroom 7,24496358,1465305327734698378,Katherine,Central Region,Novena,1.318528,103.847511,Entire home/apt,274,6,20,2026-04-10,0.36,53,253,9,Authorised Serviced Apartment
53355991,Novena Serviced Apartment-Executive One bedroom 11,68059127,1466841137906743877,Wei,Central Region,Novena,1.318528,103.847511,Entire home/apt,228,6,8,2025-04-27,0.16,50,328,0,Authorised Serviced Apartment
53374606,Novena City Comfort Serviced Apt Premium Suite 02,50965838,1462718219033867163,Yiyi,Central Region,Novena,1.318528,103.847511,Entire home/apt,259,6,3,2023-01-20,0.06,16,243,0,Authorised Serviced Apartment
53375485,Novena City Comfort Serviced Apt Premium Suite 06,50965838,1462718219033867163,Yiyi,Central Region,Novena,1.31853,103.84751,Entire home/apt,263,6,0,,,16,243,0,Authorised Serviced Apartment
53388036,NOVENA Serviced apartment-Executive one bedroom 6,68059127,1466841137906743877,Wei,Central Region,Novena,1.318528,103.847511,Entire home/apt,205,6,35,2026-05-19,0.63,50,311,12,Authorised Serviced Apartment
53406678,"Heritage Vibes in 3BR, RIVER VALLEY Singapore",138649185,1462958959957533044,Sidharth,Central Region,Singapore River,1.29126,103.84117,Entire home/apt,163,90,5,2023-08-02,0.09,215,363,0,S0015
53465105,NOVENA Serviced Apartment-Premium One bedroom 1,68059127,1466841137906743877,Wei,Central Region,Novena,1.318528,103.847511,Entire home/apt,251,6,29,2026-04-28,0.58,50,299,5,Authorised Serviced Apartment
53465265,Novena Serviced Apartment-Executive One bedroom 3,68059127,1466841137906743877,Wei,Central Region,Novena,1.318528,103.847511,Entire home/apt,274,6,3,2025-03-01,0.07,50,308,0,Authorised Serviced Apartment
53465478,Novena Serviced apartment-Executive one bedroom 3,24496358,1465305327734698378,Katherine,Central Region,Novena,1.318528,103.847511,Entire home/apt,231,6,22,2025-04-10,0.41,53,330,0,Authorised Serviced Apartment
53483449,Cosy 1 common bedroom with facilities (1),37964493,1462676943496689143,Kingsley,North Region,Yishun,1.412,103.83421,Private room,19,92,1,2022-11-03,0.02,6,364,0,
53503062,Double Heritage Room in Town,391575732,1469811063955364871,Herman,Central Region,Bukit Merah,1.27928,103.83754,Private room,90,92,0,,,2,364,0,Authorised Serviced Apartment
53564318,Lovely bedroom in condo with pool near Redhill MRT,433772616,1469963158773818865,Jessica,Central Region,Bukit Merah,1.29304,103.81724,Private room,52,92,0,,,1,364,0,
53618034,Novena Serviced Apartment- Spacious One bedroom 12,24496358,1465305327734698378,Katherine,Central Region,Novena,1.318524,103.847511,Entire home/apt,232,6,8,2024-12-01,0.15,53,315,0,Authorised Serviced Apartment
53622188,Novena Serviced Apartment- Spacious One bedroom 9,24496358,1465305327734698378,Katherine,Central Region,Novena,1.318524,103.847511,Entire home/apt,228,6,3,2024-05-20,0.08,53,347,0,Authorised Serviced Apartment
53632741,Novena Serviced Apartment-Deluxe One bedroom 12,68059127,1466841137906743877,Wei,Central Region,Novena,1.318524,103.847511,Entire home/apt,263,6,2,2022-07-05,0.04,50,309,0,Authorised Serviced Apartment
53633752,Novena Serviced Apartment-Deluxe One bedroom 9,68059127,1466841137906743877,Wei,Central Region,Novena,1.318524,103.847511,Entire home/apt,268,6,2,2023-05-31,0.04,50,309,0,Authorised Serviced Apartment
53697187,Novena Serviced Apt Modern One Bedroom Twin Suite,50965838,1462718219033867163,Yiyi,Central Region,Novena,1.31878,103.84838,Entire home/apt,251,6,1,2025-10-10,0.11,16,243,1,Authorised Serviced Apartment
53697444,Novena Serviced Apt Modern One Bedroom Twin Suite,50965838,1462718219033867163,Yiyi,Central Region,Novena,1.31829,103.84646,Entire home/apt,253,6,9,2025-12-13,0.19,16,233,2,Authorised Serviced Apartment
53745162,Beautiful 1BR Apartment in River Valley,138649185,1462958959957533044,Sidharth,Central Region,Orchard,1.30071,103.8403,Entire home/apt,678,6,0,,,215,363,0,Authorised Serviced Apartment
53819000,"Superior 2-BR in Clarke Quay, 3 mins stroll to MRT",138649185,1462958959957533044,Sidharth,Central Region,Singapore River,1.29109,103.84228,Entire home/apt,145,92,20,2025-01-01,0.37,215,363,0,Authorised Serviced Apartment
53836629,Standard Queen,434862321,1469967439681611637,New Cape Inn,Central Region,Bukit Merah,1.28522,103.83317,Private room,139,1,4,2023-08-17,0.09,4,355,0,S0383
53836902,Standard King,434862321,1469967439681611637,New Cape Inn,Central Region,Bukit Merah,1.28648,103.83366,Private room,159,1,1,2021-12-26,0.02,4,361,0,S0383
53853183,"Heritage Vibes in 2BR, River Valley, Singapore",138649185,1462958959957533044,Sidharth,Central Region,River Valley,1.29167,103.83946,Entire home/apt,494,6,1,2024-02-13,0.03,215,363,0,Authorised Serviced Apartment
53855956,1 BR Home Away From Home On Orchard Road,138649185,1462958959957533044,Sidharth,Central Region,Orchard,1.30044,103.84009,Entire home/apt,543,6,2,2022-12-24,0.04,215,363,0,Authorised Serviced Apartment
53905492,Standard Twin,434862321,1469967439681611637,New Cape Inn,Central Region,Bukit Merah,1.28668,103.83444,Private room,139,1,20,2025-08-23,0.40,4,359,3,S0383
53905653,Standard Queen & Single,434862321,1469967439681611637,New Cape Inn,Central Region,Bukit Merah,1.28509,103.83333,Private room,249,1,22,2026-03-08,0.44,4,359,3,S0383
54008210,Comfy 1 BR Apartment With Access To Pool & Gym,138649185,1462958959957533044,Sidharth,Central Region,Novena,1.31898,103.84683,Entire home/apt,130,92,0,,,215,363,0,Authorised Serviced Apartment
54042568,"In just perfect location, Courtyard view Studio",138649185,1462958959957533044,Sidharth,Central Region,River Valley,1.29874,103.84127,Entire home/apt,433,6,0,,,215,363,0,Authorised Serviced Apartment
54188078,"Spacious & Lavish, 4BR @Clarke Quay Singapore",138649185,1462958959957533044,Sidharth,Central Region,Singapore River,1.29177,103.84362,Entire home/apt,263,92,6,2025-01-03,0.24,215,363,0,Authorised Serviced Apartment
54204802,Novena Serviced Apartment - Luxury Penthhouse,68059127,1466841137906743877,Wei,Central Region,Novena,1.318524,103.847511,Entire home/apt,324,6,27,2026-03-20,0.54,50,299,7,Authorised Serviced Apartment
54205551,Novena Serviced apartment- City Unique Penthhouse,24496358,1465305327734698378,Katherine,Central Region,Novena,1.318524,103.847511,Entire home/apt,324,6,4,2025-12-02,0.08,53,337,2,Authorised Serviced Apartment
54205610,Novena City Comfort Serviced Apt Premium Suite 04,50965838,1462718219033867163,Yiyi,Central Region,Novena,1.31815,103.84841,Entire home/apt,259,6,5,2026-01-05,0.09,16,243,1,Authorised Serviced Apartment
54219139,-Master bedroom with attached bathroom at CBD,96718721,1467165128201548843,Irene,Central Region,Downtown Core,1.29835,103.85834,Private room,66,92,0,,,11,364,0,
54219241,-Modern master bedroom at CBD,96718721,1467165128201548843,Irene,Central Region,Kallang,1.29876,103.86027,Private room,55,92,0,,,11,364,0,
54219324,-Modern master bedroom attached bathroom in CBD,96718721,1467165128201548843,Irene,Central Region,Downtown Core,1.2984,103.86009,Private room,55,92,0,,,11,364,0,
54219421,-Modern master bed room with small balcony at CBD,96718721,1467165128201548843,Irene,Central Region,Rochor,1.30033,103.85967,Private room,55,92,0,,,11,364,0,
54237144,Novena Serviced Apt Unique Exclusive Penthouse,50965838,1462718219033867163,Yiyi,Central Region,Novena,1.3183,103.84652,Entire home/apt,352,6,36,2026-05-31,0.76,16,199,7,Authorised Serviced Apartment
54350213,STAY AT LUXURY STUDIO ON BUSTLING ORCHARD RD,138649185,1462958959957533044,Sidharth,Central Region,Orchard,1.30191,103.84168,Entire home/apt,466,6,0,,,215,363,0,S0010
54381837,Cheerful -bedroom in a house 🏡 near Emily park,96718721,1467165128201548843,Irene,Central Region,Newton,1.30475,103.84638,Private room,24,92,0,,,11,364,0,
502480461710129750,Fascinating 2 bedroom apartment at Havelock,238891646,1463258524593591157,Neha,Central Region,Bukit Merah,1.29102,103.82852,Entire home/apt,137,92,1,2022-05-06,0.02,131,363,0,Authorised Serviced Apartment
514796456553970869,Airy and Beautiful one bedroom apartment,238891646,1463258524593591157,Neha,Central Region,Tanglin,1.31499,103.80648,Entire home/apt,111,92,0,,,131,363,0,
542953504353473979,Lovely en-suite room in designer home,60327060,1466741627561342329,Pier Alessio,Central Region,Novena,1.31684,103.83967,Private room,34,92,0,,,1,270,0,
543954982497337161,"Lovely large room, private bath, living, outdoor",387057286,1463584073216328842,Pier Alessio,Central Region,Novena,1.3161443673849216,103.83748385203089,Private room,79,96,0,,,1,357,0,
548205562892374425,"Triple,window,private bathroom,near Jalan Besar",328013026,1469627586999133041,Alex H,Central Region,Rochor,1.30662,103.85441,Private room,124,1,156,2026-06-22,3.09,6,178,23,S0452
548960838575945386,Near Somerset 1 lovely bedroom in a condo,96718721,1467165128201548843,Irene,Central Region,Orchard,1.29937,103.83877,Private room,74,92,0,,,11,364,0,
559688933624074066,Sophisticated Studio on Balestier Road,138649185,1462958959957533044,Sidharth,Central Region,Novena,1.32523,103.85183,Entire home/apt,90,92,0,,,215,363,0,Exempt
562605971381613093,CBD Bugis & Bras Basah MRT 2-Bedroom Serviced Apt,148161755,1468451572350403296,Jan,Central Region,Rochor,1.29846,103.85375,Private room,799,6,12,2025-01-05,0.23,26,325,0,Authorised Serviced Apartment
564785489291649854,Lovely three bedroom apartment,238891646,1463258524593591157,Neha,Central Region,Queenstown,1.29588,103.8055,Entire home/apt,151,92,0,,,131,363,0,Authorised Serviced Apartment
567225306259796229,Novena Serviced Apartment- Premier One bedroom 8,24496358,1465305327734698378,Katherine,Central Region,Novena,1.318524,103.847511,Entire home/apt,251,6,30,2026-05-29,0.59,53,322,4,Authorised Serviced Apartment
567910789087190907,Novena Serviced Apartment-Premier One bedroom 5,24496358,1465305327734698378,Katherine,Central Region,Novena,1.31896,103.84668,Entire home/apt,220,6,12,2026-03-23,0.24,53,285,1,Authorised Serviced Apartment
569225009327985337,Entire 1BR Condo Apartment to Yourself with Pool,446608982,1470011684028672596,Nex,East Region,Pasir Ris,1.35641,103.96411,Entire home/apt,24,93,7,2025-12-22,0.15,1,242,1,
570021053543593969,Lovely queens bedroom with good view at citycentre,8978331,1462791804092201741,Jane,Central Region,Downtown Core,1.27968,103.85193,Private room,,92,0,,,11,364,0,
571344298305335079,Shipping Container 3 @ One-North,109741357,1467327917399399983,Lorraine,Central Region,Queenstown,1.29862,103.7877,Entire home/apt,138,1,90,2026-06-13,1.73,11,146,25,Exempt
571352760576491118,Shipping Container 4 @ One-North,109741357,1467327917399399983,Lorraine,Central Region,Queenstown,1.29905,103.78739,Entire home/apt,165,1,156,2026-06-05,2.98,11,128,40,Exempt
577996062442641551,Splendid Studio On Beach Road,138649185,1462958959957533044,Sidharth,Central Region,Rochor,1.30292,103.86143,Entire home/apt,80,92,0,,,215,363,0,Authorised Serviced Apartment
580929065419656480,Feeling good&being good,449188691,1463728868070837981,Cherry,Central Region,Marine Parade,1.30866,103.89473,Private room,47,92,0,,,3,364,0,
585804868046252353,Spacious 1 BR Apartment at Havelock Road,238891646,1463258524593591157,Neha,Central Region,Bukit Merah,1.28884,103.83191,Entire home/apt,93,92,0,,,131,363,0,Authorised Serviced Apartment
590190636729859001,洋房出租,449188691,1463728868070837981,Cherry,Central Region,Marine Parade,1.3088,103.89538,Private room,61,92,0,,,3,364,0,
593128448022183606,洋房出租,449188691,1463728868070837981,Cherry,Central Region,Geylang,1.31049,103.89469,Private room,55,92,0,,,3,364,0,
594591631258539165,Three bedroom apartment at the Thomson road,238891646,1463258524593591157,Neha,Central Region,Novena,1.31806,103.84458,Entire home/apt,148,92,0,,,131,363,0,Authorised Serviced Apartment
597236119117778121,Gorgeous Waterfront PRM,461577696,1470079146511364126,Lillian,Central Region,Queenstown,1.2707656719873601,103.795993483073,Private room,166,6,4,2024-09-23,0.08,9,207,0,Authorised Serviced Apartment
598767056595178619,Waterfront 2 Bedroom SUP,461577696,1470079146511364126,Lillian,Central Region,Queenstown,1.27195,103.79679,Private room,194,6,25,2026-03-27,0.50,9,194,3,Authorised Serviced Apartment
598911290335045537,Cozy and Restful Waterfront Family Room PRM,461577696,1470079146511364126,Lillian,Central Region,Queenstown,1.27186,103.79786,Private room,,6,3,2025-08-09,0.09,9,0,1,Authorised Serviced Apartment
599562996273670621,Lovely 4 bedroom apartment with big balcony,238891646,1463258524593591157,Neha,West Region,Clementi,1.3082,103.76833,Entire home/apt,174,92,1,2022-05-01,0.02,131,363,0,Authorised Serviced Apartment
599610659013320019,Lovely Room with luxury View and  Balcony PRMS,461577696,1470079146511364126,Lillian,Central Region,Queenstown,1.27003,103.79622,Private room,192,6,3,2025-10-06,0.10,9,207,2,Authorised Serviced Apartment
599626408734532176,Connecting Waterfront Family Room with Balcony PRM,461577696,1470079146511364126,Lillian,Central Region,Queenstown,1.27196,103.79744,Private room,317,6,13,2026-02-01,0.29,9,207,1,Authorised Serviced Apartment
601224010844237665,"MODERN 3-BR on NEWTON RD, SINGAPORE",138649185,1462958959957533044,Sidharth,Central Region,Novena,1.31521,103.8425,Entire home/apt,123,92,0,,,215,363,0,Exempt
602404867602970361,Welcoming Deluxe Room,461577696,1470079146511364126,Lillian,Central Region,Queenstown,1.27016,103.79832,Private room,146,6,10,2026-04-06,0.24,9,49,4,Authorised Serviced Apartment
602593937490027793,East Coast room in shared apt,5981335,1462543280023363173,Apple,Central Region,Marine Parade,1.30744,103.89537,Private room,30,92,0,,,2,364,0,
604716361293678447,Functional Studio Apartment in Vibrant Chinatown,138649185,1462958959957533044,Sidharth,Central Region,Downtown Core,1.2849,103.84892,Entire home/apt,465,6,1,2022-07-26,0.02,215,355,0,S8948
606329696219047813,"Triple,shared bathroom,2 mins - Jalan Besar MRT",328013026,1469627586999133041,Alex H,Central Region,Rochor,1.30427,103.85505,Private room,92,1,384,2026-06-18,7.60,6,181,91,S0452
610566475939497195,Studio for 2 in Vibrant Little India,138649185,1462958959957533044,Sidharth,Central Region,Rochor,1.30401,103.85234,Entire home/apt,406,6,1,2022-08-07,0.02,215,363,0,S0069
611242881863514656,"Pleasant 2 BR in Clarke Quay, 3 mins stroll to MRT",138649185,1462958959957533044,Sidharth,Central Region,Museum,1.29332,103.84366,Entire home/apt,538,6,17,2025-08-15,0.35,215,281,1,S9918
613551678122841604,STAY AT THE 2BR LUXURY AT BUSTLING- ORCHARD RD,138649185,1462958959957533044,Sidharth,Central Region,Orchard,1.30248,103.83982,Entire home/apt,762,6,7,2023-07-23,0.17,215,357,0,S0010
615692557334754832,3 BR + Study Room for Families in Clementi,138649185,1462958959957533044,Sidharth,West Region,Clementi,1.30773,103.76954,Entire home/apt,144,92,0,,,215,363,0,Authorised Serviced Apartment
616269766989380503,"Pleasant 2 BR in Clarke Quay, 3 mins stroll to MRT",138649185,1462958959957533044,Sidharth,Central Region,Singapore River,1.29337,103.84248,Entire home/apt,545,6,3,2024-09-07,0.10,215,315,0,S0016
617247173811632292,NEW Deluxe Studio Apt/WIFI @ Somerset/Orchard Area,61619807,1466758242935516070,Ong,Central Region,River Valley,1.29464,103.84009,Entire home/apt,215,6,55,2025-11-18,1.13,60,341,3,Authorised Serviced Apartment
620076438504000936,Super 2BR Apartment On The Bustling Orchard Road,138649185,1462958959957533044,Sidharth,Central Region,Orchard,1.30197,103.84143,Entire home/apt,725,6,0,,,215,363,0,S0010
620705327184829898,"CLOSE to NUH/INSEAD, 3BR BOUNA VISTA",138649185,1462958959957533044,Sidharth,Central Region,Queenstown,1.30431,103.78495,Entire home/apt,146,92,0,,,215,179,0,S8678
620777463829233961,"Luxury at Ease, 3BR @ Havelock Road, Singapore",138649185,1462958959957533044,Sidharth,Central Region,Bukit Merah,1.28896,103.83108,Entire home/apt,943,6,1,2022-10-05,0.02,215,363,0,S0001
622285459570305887,Lux and comfortable Condo near MRT and City,29574073,1462648594378165608,DoDo,Central Region,Toa Payoh,1.337961,103.870148,Entire home/apt,192,92,0,,,2,364,0,
623042143455413093,NOVENA moulmein studios-Premium One bedroom 2,68059127,1466841137906743877,Wei,Central Region,Novena,1.318524,103.847511,Entire home/apt,220,6,39,2026-02-25,0.83,50,335,7,Authorised Serviced Apartment
623665139003422870,"Luxury at Ease, 1BR@Havelock Rd, Singapore",138649185,1462958959957533044,Sidharth,Central Region,Bukit Merah,1.2907,103.83218,Entire home/apt,442,6,1,2022-07-22,0.02,215,363,0,S0001
623694448987969436,Modern 3 BR Walking To Viva Vista Mall,138649185,1462958959957533044,Sidharth,Central Region,Queenstown,1.28058,103.78438,Entire home/apt,154,92,0,,,215,363,0,S0001
624502504905625021,Private Studio,6918016,1462547873768062996,Jeremy,North-East Region,Hougang,1.374242272678999,103.90063191194217,Private room,,365,0,,,1,364,0,
627993362264237393,"Fancy 1 BR near the CBD, only 1 min walk to MRT",138649185,1462958959957533044,Sidharth,Central Region,Rochor,1.29995,103.84956,Entire home/apt,437,6,1,2022-11-24,0.02,215,363,0,S0022
628023655354972471,"2 BR in QUEENSTOWN, PRIME LOCATION IN THE CITY",138649185,1462958959957533044,Sidharth,Central Region,Queenstown,1.2922,103.8063,Entire home/apt,107,92,0,,,215,363,0,S0041
628738540839451766,"CLASSY & COZY, 3 BR IN CLEMENTI-II",138649185,1462958959957533044,Sidharth,West Region,Clementi,1.30835,103.76131,Entire home/apt,136,92,0,,,215,363,0,S7161
629189587525996416,Comfy Family Room DLX,461577696,1470079146511364126,Lillian,Central Region,Queenstown,1.2710294,103.7970763,Private room,192,6,22,2026-04-29,0.45,9,196,8,Authorised Serviced Apartment
629974653707138627,"FAMILY 2BR IN NOVENA, SINGAPORE",138649185,1462958959957533044,Sidharth,Central Region,Novena,1.31903,103.84564,Entire home/apt,117,92,0,,,215,363,0,S7605
630925262965708245,"STROLL TO QUEENSTOWN MRT, 3-BR @ CW TOWERS",138649185,1462958959957533044,Sidharth,Central Region,Queenstown,1.29669,103.80714,Entire home/apt,132,92,0,,,215,363,0,S9740
631583437029511305,"CLOSE to NUH/INSEAD, 3BR BOUNA VISTA",138649185,1462958959957533044,Sidharth,Central Region,Queenstown,1.30325,103.78495,Entire home/apt,143,92,0,,,215,363,0,S8680
633108840702293787,Premium 2 BR In Novena,138649185,1462958959957533044,Sidharth,Central Region,Novena,1.32026,103.84254,Entire home/apt,111,92,0,,,215,363,0,S7645
634448889782680248,Hassle Free 2 Bedroom Apartment in Upper Serangoon,138649185,1462958959957533044,Sidharth,Central Region,Toa Payoh,1.33898,103.86878,Entire home/apt,100,92,0,,,215,363,0,S7686
634569447314151746,"Pleasant 1 BR in Clarke Quay, 3 mins stroll to MRT",138649185,1462958959957533044,Sidharth,Central Region,Singapore River,1.29309,103.84186,Entire home/apt,445,6,2,2023-09-09,0.06,215,364,0,S0016
635244041403809380,Modern 4 BR Walking To Viva Vista Mall,138649185,1462958959957533044,Sidharth,Central Region,Queenstown,1.28049,103.78609,Entire home/apt,174,92,0,,,215,363,0,S7341
636006272729140259,Mini-Suite With Kitchenette Near Central SG,138649185,1462958959957533044,Sidharth,Central Region,Orchard,1.30044,103.84164,Entire home/apt,434,6,0,,,215,363,0,S8462
638121765679357415,"HIGH-LIVING 1-BR in CENTRE OF CITY, ORCHARD",138649185,1462958959957533044,Sidharth,Central Region,Orchard,1.3031,103.8364,Entire home/apt,869,6,0,,,215,363,0,S9724
638176617437521778,Premium 1 Bedroom Loft in Queenstown,138649185,1462958959957533044,Sidharth,Central Region,Queenstown,1.29848,103.78732,Entire home/apt,665,6,1,2023-04-01,0.03,215,363,0,S8633
640310042458311380,Affordable apartment at Kim Keat road,238891646,1463258524593591157,Neha,Central Region,Novena,1.32481,103.85227,Entire home/apt,64,92,0,,,131,363,0,Authorised Serviced Apartment
641747306596079521,Lifestyle 3 Bedroom Penthouse in heart of Orchard,462493313,1470083706821714841,Zz,Central Region,River Valley,1.29663,103.84248,Entire home/apt,104,92,0,,,2,364,0,
643090826146083210,"1-4pax Apt in East, 7mins to MRT, Airport, MBS",461973800,1463759986136024491,Ruth Mandy,East Region,Bedok,1.31873,103.91327,Entire home/apt,34,92,6,2025-09-14,0.19,2,256,1,
643168943861912173,Walk to Marina Bay MRT/ Up-Scale 2BR Space,138649185,1462958959957533044,Sidharth,Central Region,Downtown Core,1.27599,103.84715,Entire home/apt,1374,6,0,,,215,363,0,S0286
644632856218324757,371A L3R3 Master Room w Ensuite Toilet,33096269,1465484591658758229,E C,Central Region,Geylang,1.31095,103.88666,Private room,,92,0,,,11,270,0,
644687177611018577,Hotel/Superior Twin Room(w/o window),463195123,1470087070685809775,Champion Hotel,Central Region,Geylang,1.3148128,103.8984635,Private room,192,1,3,2023-04-30,0.06,6,359,0,S0282
650218176234251489,City Centre - Spacious furnished serviced studio,13468566,1462586490802398761,Andy,Central Region,Downtown Core,1.27473,103.8421,Private room,193,6,1,2025-10-06,0.11,12,363,1,Authorised Serviced Apartment
650228376728214129,Rooftop deck serviced studio in CBD near MRT,13468566,1462586490802398761,Andy,Central Region,Downtown Core,1.27454,103.84188,Private room,176,6,3,2023-05-21,0.07,12,348,0,Authorised Serviced Apartment
650233126736416423,Cosy & private accommodation @ Tanjong Pagar (MRT),13468566,1462586490802398761,Andy,Central Region,Downtown Core,1.27402,103.84229,Private room,154,6,7,2026-04-25,0.15,12,363,3,Authorised Serviced Apartment
653941042197595346,Designer Studio Apartment In Singapore's Chinatown,138649185,1462958959957533044,Sidharth,Central Region,Outram,1.28421,103.84619,Entire home/apt,634,6,0,,,215,363,0,S0056
654125120499714142,Hotel / Superior Double Room (w/o window),463195123,1470087070685809775,Champion Hotel,Central Region,Geylang,1.31512,103.89748,Private room,195,1,9,2024-03-10,0.19,6,357,0,S0282
654132220997701617,Hotel / Deluxe Twin Room (with window),463195123,1470087070685809775,Champion Hotel,Central Region,Geylang,1.31537,103.89756,Private room,213,1,8,2024-09-23,0.16,6,355,0,S0282
654135534924135883,Hotel / Deluxe Double Room (with window),463195123,1470087070685809775,Champion Hotel,Central Region,Geylang,1.3148128,103.8984635,Private room,208,1,11,2024-09-20,0.23,6,353,0,S0282
654139939866622744,Hotel / Superior Family Room (w/o window),463195123,1470087070685809775,Champion Hotel,Central Region,Geylang,1.3148128,103.8984635,Private room,243,1,2,2022-07-19,0.04,6,362,0,S0282
654142837621609801,Hotel / Deluxe Family Room (with window),463195123,1470087070685809775,Champion Hotel,Central Region,Geylang,1.3148128,103.8984635,Private room,252,1,0,,,6,364,0,S0282
657378468476117445,Family room for 10 Bedded @ Coller Chinatown,465816408,1470099617749387415,Coller,Central Region,Outram,1.28122,103.84574,Private room,678,1,19,2024-01-31,0.41,4,135,0,S0465
661126911495364978,"Downtown: Room with 4 beds, 5 mins walk to MRT",337002461,1469653973995689403,Rucksack Inn SG,Central Region,Kallang,1.3135708666549017,103.85923993847015,Private room,131,1,98,2026-06-13,3.77,18,351,49,S0485
661141365144703397,"Downtown: Room with 6 beds, Ensuite Bathroom",337002461,1469653973995689403,Rucksack Inn SG,Central Region,Kallang,1.313078856256836,103.86155783522284,Private room,247,1,8,2026-06-16,0.31,18,332,4,S0485
663003515223444114,地铁公寓房间,125437217,1462929185386139432,Yiqi,West Region,Choa Chu Kang,1.387353,103.743784,Private room,23,92,3,2023-11-30,0.08,4,363,0,Exempt
665411423125094948,Film/Video/Photo Shootings: Large Apartment Flat,218702365,1463202982202125666,Chris,Central Region,Bukit Timah,1.31723,103.77714,Entire home/apt,111,92,0,,,2,364,0,
665782341111883883,Orchard Premium Location Spacious Bedroom,29932450,1465441060211722178,Tianjiao,Central Region,Newton,1.3059542906420272,103.83397622408634,Private room,26,92,0,,,1,357,0,
669791782739891346,"Convenient amenities,shops,food.places.Near town",136518035,1462954287701574046,Rebecca,Central Region,Kallang,1.32314,103.86622,Private room,7,180,2,2023-10-04,0.05,1,364,0,
669949193228817088,Rental room near NTU - Jurong west st 81 SG 640840,129064266,1468294892794347853,Aravin,West Region,Jurong West,1.34813,103.69598,Private room,11,92,0,,,1,247,0,Exempt
671343585522620592,Functional Studio Apartment in Vibrant Chinatown,138649185,1462958959957533044,Sidharth,Central Region,Downtown Core,1.28493,103.85109,Entire home/apt,465,6,0,,,215,355,0,S8948
671503829725764558,Lovely Studio Room In Chinatown,138649185,1462958959957533044,Sidharth,Central Region,Downtown Core,1.28495,103.84947,Entire home/apt,440,6,0,,,215,363,0,S8948
671978123001456727,Tropical Resort Oasis with pool and gym,43779222,1465650275861454689,Carolyn,Central Region,Bishan,1.3588091,103.8257696,Entire home/apt,567,92,0,,,1,364,0,
672237297185438229,Long Stay Ready 2 Bedroom West Side Singapore,138649185,1462958959957533044,Sidharth,Central Region,Queenstown,1.29257,103.80564,Entire home/apt,117,92,0,,,215,363,0,Exempt
673763438618467618,Calm creative space in heritage district Joo Chiat,4725831,1462664225403501873,Adeline,Central Region,Marine Parade,1.3066844276786602,103.9046211540699,Private room,,92,32,2024-09-23,0.67,2,89,0,Exempt
675508190285378956,* Private Premium Studio Apartment in Joo Chiat *,128980349,1468294204121547597,Clinton,Central Region,Geylang,1.3125773169636619,103.9005714177828,Entire home/apt,38,92,0,,,1,357,0,
683854645825177827,2bed 2 bath in Central Singapore,472683862,1463784610272951264,Yibing,Central Region,Novena,1.3194233,103.8460761,Entire home/apt,74,92,0,,,1,357,0,
685971733066763213,One bedroom next to Tanah Merah MRT,3706701,1462531441855317260,Ang,East Region,Bedok,1.32762,103.94637,Entire home/apt,53,92,0,,,1,364,0,
690173353285048045,Homey and Upscale 2 BR in Clementi,138649185,1462958959957533044,Sidharth,West Region,Clementi,1.31928,103.76115,Entire home/apt,111,92,0,,,215,363,0,
690829460604577382,Condo homestay (2BR available in shared spaces),2407589,1462524015492058205,Samantha,West Region,Bukit Panjang,1.347686,103.771792,Private room,26,92,0,,,1,357,0,
691733988252942677,Cosy 1 common bedroom with facilities (2),37964493,1462676943496689143,Kingsley,North Region,Yishun,1.4123699,103.835094,Private room,19,92,1,2023-04-13,0.03,6,364,0,
692747103576172175,4 bed mixed dorm (1) in Hostel,474773234,1470140749364838732,River City,Central Region,Singapore River,1.2874161,103.8472705,Shared room,45,1,1,2022-10-20,0.02,14,180,0,S0301
692748972763723372,4 bed mixed dorm (2) in Hostel,474773234,1470140749364838732,River City,Central Region,Singapore River,1.2874161,103.8472705,Shared room,45,1,1,2023-06-10,0.03,14,180,0,S0301
694094996634001422,Charming rustic studio with 2 resident cats,25668648,1462634416338056257,Ling,East Region,Bedok,1.33071,103.94424,Entire home/apt,24,92,1,2022-12-27,0.02,1,204,0,
694577313257572204,Sophisticated 1BR on Balestier Road,138649185,1462958959957533044,Sidharth,Central Region,Novena,1.32551,103.85063,Entire home/apt,111,92,0,,,215,363,0,Authorised Serviced Apartment
696253795962998334,Novena Serviced apartment-Executive One Bedroom 6,24496358,1465305327734698378,Katherine,Central Region,Novena,1.3185236,103.8475129,Entire home/apt,248,6,14,2026-05-17,0.95,53,278,11,Authorised Serviced Apartment
698050146882892963,Spacious master bed room at Serangoon gardens,25185912,1465337655575621217,Rebekah,North-East Region,Serangoon,1.36994,103.86533,Private room,20,92,0,,,18,364,0,
701085941036328384,Lovely Shophouse Studio Apartment in Outram 18sqm,138649185,1462958959957533044,Sidharth,Central Region,Bukit Merah,1.28456,103.83399,Entire home/apt,67,92,0,,,215,363,0,
701117222425092041,Comfortable Studio Apartment in Outram Park 20sqm,138649185,1462958959957533044,Sidharth,Central Region,Bukit Merah,1.28399,103.83427,Entire home/apt,,92,0,,,215,0,0,
701163182645910620,Compact Studio Apartment Near Outram MRT 20sqm,138649185,1462958959957533044,Sidharth,Central Region,Bukit Merah,1.28443,103.83375,Entire home/apt,67,92,0,,,215,363,0,
701775603166450047,"Affordable Studio in Outram, Singapore (20/37 sqm)",138649185,1462958959957533044,Sidharth,Central Region,Bukit Merah,1.28608,103.83456,Entire home/apt,76,92,0,,,215,363,0,
703934454801368238,Sophisticated Loft Studio in Outram 28 sqm,138649185,1462958959957533044,Sidharth,Central Region,Bukit Merah,1.2844,103.83387,Entire home/apt,74,92,0,,,215,363,0,
703982281516674713,Spacious Studio Apartment In Outram (26sqm),138649185,1462958959957533044,Sidharth,Central Region,Bukit Merah,1.28622,103.83441,Entire home/apt,,92,0,,,215,0,0,
706165133122408093,"Amazing Studio in Outram, Singapore (43sqm)",138649185,1462958959957533044,Sidharth,Central Region,Outram,1.28539,103.83593,Entire home/apt,87,92,0,,,215,363,0,
707565204178349010,Jasmine Suite @ Gardens by the Bay,109741357,1467327917399399983,Lorraine,Central Region,Marina South,1.2784193510925688,103.86193382266595,Entire home/apt,378,1,86,2026-06-12,2.03,11,267,28,S0523
707791734054862091,Master bedroom near Pasir Ris MRT / Changi Airport,33399249,1465488777632867064,Lestario,East Region,Pasir Ris,1.3708796,103.9462779,Private room,31,92,0,,,4,364,0,
709168206726915159,"Dazzling Studio in Outram, Singapore (27sqm)",138649185,1462958959957533044,Sidharth,Central Region,Bukit Merah,1.28425,103.83367,Entire home/apt,,92,0,,,215,0,0,
709939057124036960,Maple Suite @ Gardens by the Bay,109741357,1467327917399399983,Lorraine,Central Region,Marina South,1.2782687587017836,103.86198048105926,Entire home/apt,378,1,40,2026-06-01,0.96,11,295,12,S0523
712103299601725785,2 Level Elegant & Simple 1 Bedroom Near Central,138649185,1462958959957533044,Sidharth,Central Region,Outram,1.27636,103.84144,Entire home/apt,229,30,0,,,215,363,0,Authorised Serviced Apartment
713931790395344585,Juniper Suite @ Gardens by the Bay,109741357,1467327917399399983,Lorraine,Central Region,Marina South,1.278346046859261,103.86191830540419,Entire home/apt,359,1,33,2026-06-12,0.80,11,302,11,S0523
714100989959146472,Mini-Apartment With Kitchenette in Busy Novena,138649185,1462958959957533044,Sidharth,Central Region,Novena,1.31748,103.84814,Entire home/apt,304,6,0,,,215,363,0,Authorised Serviced Apartment
716283486212132297,Bamboo Suite @ Gardens by the Bay,109741357,1467327917399399983,Lorraine,Central Region,Marina South,1.2783339659926565,103.86197060272994,Entire home/apt,439,1,20,2026-04-28,0.48,11,305,9,S0523
719821104611749511,En-suite room with private penthouse roof terrace,32232191,1465473453822511105,Anthony,Central Region,Tanglin,1.2937,103.82949,Private room,,92,4,2024-07-12,0.10,3,206,0,
720065272403972550,"Excellent Studio Space in Marine Parade, East SG",138649185,1462958959957533044,Sidharth,Central Region,Marine Parade,1.30143,103.90051,Entire home/apt,76,92,0,,,215,363,0,Exempt
721480577716308823,"Elegant Studio Space in Marine Parade, East SG",138649185,1462958959957533044,Sidharth,Central Region,Marine Parade,1.29959,103.90053,Entire home/apt,90,92,1,2023-09-10,0.03,215,363,0,Exempt
725927989859971677,Private rm with bathrm+ private work space,477357070,1470151201115656101,Sk,North Region,Woodlands,1.43283,103.79243,Private room,37,92,0,,,5,364,0,
729304013671976178,"Cheerful, sweet 1 bedroom in a bungalow",141194639,1468395475653544873,Junhua,East Region,Bedok,1.31692,103.91493,Private room,51,92,0,,,1,364,0,
730382221702215291,NewPrivateRm+Bath+Mrt Nus Insead 1North,477357070,1470151201115656101,Sk,Central Region,Queenstown,1.30475,103.7875,Private room,41,92,0,,,5,364,0,
734335764900771607,Family room for 8 Bedded @ Coller Chinatown,465816408,1470099617749387415,Coller,Central Region,Outram,1.28107,103.8465,Private room,,1,7,2024-01-02,0.16,4,0,0,S0465
734588947303112403,Private Pod in Mix Dorm (TYR-API-MIX),50158481,1465766722666010133,Dream Lodge,Central Region,Kallang,1.3119388,103.8608217,Shared room,38,1,56,2026-05-02,1.25,5,181,19,S0581
736166550462292842,Penthouse with private jacuzzi pool on the terrace,800558,1462514318016420422,⁨Kim (金)⁩,Central Region,Rochor,1.31192,103.85386,Entire home/apt,3903,1,0,,,10,364,0,M0073
738632897937347982,Cosy 2 bedroom apartment at popular East Coast,218702365,1463202982202125666,Chris,East Region,Bedok,1.31308,103.94012,Entire home/apt,,92,1,2023-04-30,0.03,2,86,0,
741440446304335288,Common room (S) @ central imperial,25375339,1465341321925717069,シン,Central Region,Geylang,1.3124327,103.8790049,Private room,18,92,3,2024-08-10,0.08,12,364,0,S8642
742860301106061562,Cozy Room in Upscale Condo by Queenstown MRT,25665790,1462634406948870259,Monica,Central Region,Queenstown,1.299565,103.8030301,Private room,29,92,0,,,1,357,0,
746289351820967930,Lovely & cosy 1 bedroom unit with lakeview in city,154321101,1462993720803438593,Francis,Central Region,Toa Payoh,1.33242,103.85989,Private room,18,92,0,,,1,364,0,
749758789682527413,"Superior 2-BR in Clarke Quay, 3 mins stroll to MRT",138649185,1462958959957533044,Sidharth,Central Region,Singapore River,1.293,103.84321,Entire home/apt,139,92,8,2025-02-02,0.28,215,363,0,Authorised Serviced Apartment
750587874133037662,Master Bedroom Beside Paya Lebar MRT,29270160,1465431282480479254,Tony,Central Region,Geylang,1.31649,103.89017,Private room,30,92,0,,,1,364,0,
754730391420070479,Exciting 1 Bedroom Apartment in Orchard,138649185,1462958959957533044,Sidharth,Central Region,River Valley,1.2980607739139478,103.83760919030645,Entire home/apt,91,92,0,,,215,363,0,Exempt
755422693666901841,"2 Bedroom in Clarke Quay, 3 mins stroll to MRT",138649185,1462958959957533044,Sidharth,Central Region,Singapore River,1.29322,103.84231,Entire home/apt,125,92,16,2025-01-05,0.39,215,363,0,Authorised Serviced Apartment
755560671932535390,"Walk to Mt.Elizabeth, Splendid 2BR-1Bath (55sqm)",138649185,1462958959957533044,Sidharth,Central Region,Novena,1.32459,103.84747,Entire home/apt,514,6,6,2024-04-15,0.14,215,363,0,Authorised Serviced Apartment
756273570620615397,"Luxury at Ease, 1BR@Havelock Rd, Singapore",138649185,1462958959957533044,Sidharth,Central Region,Bukit Merah,1.29082,103.83102,Entire home/apt,595,6,2,2023-09-20,0.06,215,363,0,Authorised Serviced Apartment
760558711125468185,Dew Drops | Emerald Park,300765938,1463413945351002296,Xacco,West Region,Clementi,1.317,103.76313,Entire home/apt,90,92,0,,,52,364,0,
762626108952636785,Dashing 3 Bedroom Dual Key Apartment In Orchard,138649185,1462958959957533044,Sidharth,Central Region,Newton,1.30777,103.83713,Entire home/apt,1348,30,0,,,215,363,0,Exempt
764824832337587941,Affordable Rm w/shower@NUS & HawParVilla MRT (403),1439258,1462518083181087528,K2Guesthouse,Central Region,Queenstown,1.27944,103.7873,Private room,172,1,2,2025-07-10,0.06,44,207,1,S0399
765434508191118626,Affordable Single Rm w/attached shower @NUS (402),1439258,1462518083181087528,K2Guesthouse,Central Region,Queenstown,1.28097,103.78532,Private room,187,1,0,,,44,226,0,S0399
765693052421269833,Stunning Apartment | ParcRiviera,300765938,1463413945351002296,Xacco,West Region,Clementi,1.3199578118584017,103.75225822489742,Entire home/apt,,92,0,,,52,364,0,Exempt
772751858111782112,Stunning apartment next to MRT,238891646,1463258524593591157,Neha,Central Region,Queenstown,1.29024,103.80644,Entire home/apt,111,92,0,,,131,363,0,Exempt
772771788186961823,2 bedroom apartment for Long stays,238891646,1463258524593591157,Neha,Central Region,Singapore River,1.28951,103.83699,Entire home/apt,129,92,2,2023-09-20,0.06,131,363,0,Exempt
772794978295820785,Luxurious 3 bedroom apt at Havelock Rd,238891646,1463258524593591157,Neha,Central Region,Singapore River,1.28977,103.8351,Entire home/apt,185,92,8,2024-09-28,0.19,131,363,0,Exempt
772939810372343487,Family suite at reasonable rates,238891646,1463258524593591157,Neha,Central Region,Bukit Merah,1.27217,103.83339,Entire home/apt,147,92,0,,,131,364,0,Exempt
773516314294804172,Two bedroom at Queenstown nr MRT,238891646,1463258524593591157,Neha,Central Region,Queenstown,1.30344,103.79931,Entire home/apt,124,92,0,,,131,364,0,Exempt
774251290756654693,Private CBD studio with bathroom + housekeeping,13468566,1462586490802398761,Andy,Central Region,Downtown Core,1.27462,103.84192,Private room,139,6,9,2026-02-21,0.32,12,344,7,Authorised Serviced Apartment
774894186564801864,One bedroom apartment at Havelock,238891646,1463258524593591157,Neha,Central Region,Singapore River,1.28837,103.83528,Entire home/apt,94,92,0,,,131,363,0,Exempt
774905259693457913,Modern studio near MRT,238891646,1463258524593591157,Neha,Central Region,Bukit Merah,1.27338,103.83251,Entire home/apt,78,92,0,,,131,363,0,Exempt
775240664166599463,Private room with attached toilet near Kovan MRT,202657701,1469057497045284252,Rahul,North-East Region,Hougang,1.36069,103.89103,Private room,,92,0,,,1,0,0,
776402004146423339,2 bedroom Loft Apartment at J Gateway,238891646,1463258524593591157,Neha,West Region,Jurong East,1.33562,103.74456,Entire home/apt,124,92,0,,,131,364,0,Exempt
776405587327729817,Lovely Superior,461577696,1470079146511364126,Lillian,Central Region,Queenstown,1.26991,103.79615,Private room,153,6,9,2025-11-08,0.22,9,240,1,Authorised Serviced Apartment
777050594898518389,spacious 3 bedroom apartment,238891646,1463258524593591157,Neha,Central Region,Queenstown,1.30289,103.78339,Entire home/apt,116,92,0,,,131,364,0,Exempt
778629593685832976,Located at East Coast with a lovely sea view.,86883487,1462841040444808613,Trixie,East Region,Bedok,1.3060902740792184,103.92320778321026,Entire home/apt,,92,0,,,1,89,0,Authorised Serviced Apartment
780073511005591824,"Superior 2-BR in Clarke Quay, 3 mins stroll to MRT",138649185,1462958959957533044,Sidharth,Central Region,Singapore River,1.29278,103.84385,Entire home/apt,139,92,10,2024-11-21,0.24,215,363,0,Exempt
780765568099881227,One Br Loft at Jurong,238891646,1463258524593591157,Neha,West Region,Jurong East,1.33277,103.7447,Entire home/apt,99,92,0,,,131,364,0,Exempt
781647041007833052,Lovely private room River Valley ExclusiveBathroom,6675090,1462712462082703370,Evelyn,Central Region,Bukit Merah,1.29133,103.81897,Private room,36,92,0,,,3,357,0,Exempt
782824856046007586,Modern Room w/ Attached Bathroom DLX,452204023,1470035502220879458,Lillian,Central Region,Queenstown,1.27011,103.79766,Private room,150,6,13,2026-02-01,0.35,2,230,5,Authorised Serviced Apartment
782868929312051922,Comfy Room w Attached Bathroom SUP,452204023,1470035502220879458,Lillian,Central Region,Queenstown,1.27208,103.79592,Private room,149,6,8,2026-01-25,0.21,2,223,2,Authorised Serviced Apartment
782994624558127242,Best 1 Bedroom Loft in Orchard,138649185,1462958959957533044,Sidharth,Central Region,River Valley,1.30198,103.83183,Entire home/apt,521,6,0,,,215,363,0,Exempt
783139509330681568,Lovely Studio in Robertson Quay,138649185,1462958959957533044,Sidharth,Central Region,Singapore River,1.2917016658361782,103.84034998100078,Entire home/apt,550,6,0,,,215,363,0,Exempt
783686743328860886,4 bedroom beautiful unit near to MRT,238891646,1463258524593591157,Neha,West Region,Clementi,1.31027,103.7603,Entire home/apt,177,92,0,,,131,363,0,Exempt
783702312407337238,One br apt with all amenities,238891646,1463258524593591157,Neha,Central Region,River Valley,1.29585,103.84183,Entire home/apt,453,6,0,,,131,363,0,Authorised Serviced Apartment
784625662380076384,Huge Room+bathTub + Mrt Insead + Kitchen,477357070,1470151201115656101,Sk,Central Region,Queenstown,1.30605,103.78933,Private room,41,92,0,,,5,364,0,
784633886415640302,"NewPrivateRm+mrt+bathrm Insead, Nus, Nuh, Essec",477357070,1470151201115656101,Sk,Central Region,Queenstown,1.30454,103.78924,Private room,42,92,0,,,5,364,0,
786769060719658691,Elegant 1 Bedroom in Orchard,138649185,1462958959957533044,Sidharth,Central Region,Newton,1.308752951745593,103.83956135589223,Entire home/apt,121,92,0,,,215,363,0,Exempt
786962032021673825,Luxurious Penthouse,800558,1462514318016420422,⁨Kim (金)⁩,Central Region,Kallang,1.31314,103.85371,Entire home/apt,1762,1,0,,,10,364,0,M0073
787356712557404822,Magnificent Studio Apartment In Orchard,138649185,1462958959957533044,Sidharth,Central Region,Orchard,1.3001,103.84094,Entire home/apt,515,6,0,,,215,363,0,Exempt
788032671275584829,Catamaran Yacht stay on Southern Islands,492462021,1463831199831305978,Jane,Central Region,Southern Islands,1.2458361838113126,103.84147656773682,Entire home/apt,1529,92,0,,,2,364,0,Exempt
789762213793578390,4 bed room (shared bathroom),474773234,1470140749364838732,River City,Central Region,Singapore River,1.2874161,103.8472705,Private room,157,1,9,2024-10-20,0.28,14,331,0,S0301
791220299796324757,9 bed mixed dorm (1) in Hostel,474773234,1470140749364838732,River City,Central Region,Singapore River,1.2874161,103.8472705,Shared room,41,1,15,2026-04-19,0.41,14,361,3,S0036
791464178877735331,Cozy private room within condo,2224782,1462589509429716518,Patrick,East Region,Bedok,1.3290669040388363,103.91345534473658,Private room,16,180,0,,,1,364,0,Exempt
791628554095781832,Island hopping with MnF Yacht,492462021,1463831199831305978,Jane,Central Region,Southern Islands,1.2455573,103.8398887,Entire home/apt,1004,92,0,,,2,364,0,Exempt
791656227144870908,1 BR + Studio Apartment on Mt. Elizabeth,138649185,1462958959957533044,Sidharth,Central Region,Orchard,1.30787,103.83522,Entire home/apt,809,6,0,,,215,363,0,Exempt
791701445015747746,Compact Queen 1 BR Apartment in Newton,138649185,1462958959957533044,Sidharth,Central Region,Newton,1.30624,103.83679,Entire home/apt,611,6,0,,,215,363,0,Exempt
791721591826644800,Compact King 1 BR Apartment in Newton,138649185,1462958959957533044,Sidharth,Central Region,Newton,1.30614,103.8353,Entire home/apt,544,6,0,,,215,363,0,Exempt
791740870471323064,Family Perfect 2 BR in Apartment on Mt. Elizabeth,138649185,1462958959957533044,Sidharth,Central Region,Orchard,1.30801,103.83518,Entire home/apt,825,6,0,,,215,363,0,Exempt
791827163601709023,Deluxe Triple Room @ Bugis - 02,493110459,1470220223985413605,Shazryn,Central Region,Downtown Core,1.297491,103.8567369,Private room,246,1,4,2025-02-01,0.10,5,339,0,S0463
791849721681232177,Deluxe Quad Room @ Bugis - 01,493110459,1470220223985413605,Shazryn,Central Region,Downtown Core,1.297491,103.8567369,Private room,269,1,10,2025-02-02,0.24,5,339,0,S0463
791860562256839256,Deluxe Quad Room @ Bugis - 02,493110459,1470220223985413605,Shazryn,Central Region,Downtown Core,1.297491,103.8567369,Private room,269,1,8,2026-06-14,0.20,5,339,6,S0463
792605945909474968,Maggie's home stay,206769167,1469078707931710491,Maggie Wu,East Region,Bedok,1.3192,103.90811,Private room,29,92,0,,,5,364,0,Exempt
794637745493796351,"Walk to Insead, Mrt, Nus, A-Star",477357070,1470151201115656101,Sk,Central Region,Queenstown,1.3063406518870413,103.78935866249138,Private room,52,92,0,,,5,363,0,
795610316764755392,NEW City Cozy 2QB Studio Apt @Somerset/OrchardArea,61619807,1466758242935516070,Ong,Central Region,River Valley,1.2967065222139542,103.84007015665424,Entire home/apt,296,1,9,2024-02-22,0.22,60,349,0,Exempt
797466283592149468,Private room - Fun place to share living,6675090,1462712462082703370,Evelyn,Central Region,Bukit Merah,1.291022969791401,103.81857390178276,Private room,18,120,0,,,3,235,0,Exempt
797803598869629444,New Cosy Studio Apt /Wifi @Somerset/Orchard Area,10248444,1462835470954501673,Recr,Central Region,River Valley,1.29665,103.83962,Entire home/apt,196,6,7,2026-04-06,0.20,64,347,2,Authorised Serviced Apartment
798224495747266527,"Two-Storey 4 Bed Penthouse, Singapore",138649185,1462958959957533044,Sidharth,Central Region,Singapore River,1.292649788180439,103.84383949183157,Entire home/apt,288,92,3,2024-11-22,0.13,215,363,0,Exempt
798264417222834841,Deluxe Queen - Non Smoking,494593479,1470226417500299011,Kelvin,Central Region,Outram,1.2842078,103.8443301,Private room,220,1,30,2026-05-19,0.80,7,364,14,M0056
798279586997331039,Premier King - Non Smoking,494593479,1470226417500299011,Kelvin,Central Region,Outram,1.2841292,103.8444373,Private room,299,1,2,2025-02-06,0.05,7,364,0,M0056
798757666767840092,Cosy Ensuite room in Orchard,333322723,1463468996299033285,Daniel,Central Region,Newton,1.305839301750856,103.84120539777437,Private room,30,92,0,,,3,362,0,
798800453487590434,Orchard New Renovated Cosy Room,333322723,1463468996299033285,Daniel,Central Region,Newton,1.3064,103.8401,Private room,26,92,0,,,3,270,0,
800298184755363889,"Downtown: Room for 3 pax, 5 mins walk to MRT",337002461,1469653973995689403,Rucksack Inn SG,Central Region,Kallang,1.31307,103.86123,Private room,107,1,23,2026-06-07,0.93,18,346,20,S0485
801186555335313462,Pagoda Studio Single,23336011,1465271884616547411,Heritage,Central Region,Outram,1.2825378005134929,103.8431404947198,Entire home/apt,132,1,20,2026-06-28,0.51,71,328,6,S0543
801190296928381142,Superior 2 Bedroom for Family,138649185,1462958959957533044,Sidharth,Central Region,Orchard,1.30631,103.8329,Entire home/apt,93,92,0,,,215,363,0,
801244918922277430,Luxurious 2 Bedroom Apartment in Orchard,138649185,1462958959957533044,Sidharth,Central Region,Orchard,1.3081512232975558,103.83410352601537,Entire home/apt,106,92,0,,,215,363,0,
801920114737130933,Pagoda Studio (no Window),23336011,1465271884616547411,Heritage,Central Region,Outram,1.2835403,103.8439533,Entire home/apt,106,1,28,2025-10-01,0.72,71,361,3,S0543
801995107847066327,"Located @ Heart of Orchard, Fabulous 3BR",138649185,1462958959957533044,Sidharth,Central Region,River Valley,1.301798023388421,103.83156914491316,Entire home/apt,1108,6,0,,,215,363,0,Exempt
806295889763785088,Pagoda Junior Loft,23336011,1465271884616547411,Heritage,Central Region,Outram,1.2835403,103.8439533,Entire home/apt,204,1,4,2025-04-28,0.10,71,262,0,S0543
806312921176965101,Pagoda Loft,23336011,1465271884616547411,Heritage,Central Region,Outram,1.2835403,103.8439533,Entire home/apt,119,1,137,2026-06-20,3.53,71,353,30,S0543
806321235832587602,Pagoda Loft (Skylight),23336011,1465271884616547411,Heritage,Central Region,Outram,1.2835403,103.8439533,Entire home/apt,131,1,20,2026-05-26,0.52,71,354,6,S0543
807695166982817445,Heritage Rich Boutique Hotel,39149468,1462680619358634215,Ankit,Central Region,Rochor,1.30646,103.85224,Private room,213,92,0,,,1,269,0,Authorised Serviced Apartment
809553938268692523,WW I  Historical  Shophouse,218232,1462512922691006253,Azan,Central Region,Geylang,1.3127962552471346,103.90121206641197,Entire home/apt,50,92,0,,,1,270,0,
810376811309754844,Executive Queen - Non Smoking,494593479,1470226417500299011,Kelvin,Central Region,Outram,1.2842078,103.8443301,Private room,247,1,8,2024-08-09,0.20,7,364,0,M0056
819865960419314544,Private Heartland Room,231293658,1469233366879177145,Dave,West Region,Choa Chu Kang,1.37928,103.75713,Private room,,92,1,2023-02-12,0.02,1,0,0,Exempt
821368634251644679,Uptown@Farrer | 3 BR Apartment,300765938,1463413945351002296,Xacco,Central Region,Kallang,1.31342,103.8565,Entire home/apt,114,90,0,,,52,364,0,Exempt
821552256539345322,Pocket Friendly 2 Bedroom Apartment Near Clementi,138649185,1462958959957533044,Sidharth,West Region,Clementi,1.317725471499779,103.76141706175065,Entire home/apt,96,92,0,,,215,363,0,
822046864609541529,Condo loft master bed room,36773968,1465547903759618339,Winnie,West Region,Bukit Batok,1.3630598842489652,103.76410994678736,Private room,32,92,1,2023-06-20,0.03,1,364,0,
822059164708734993,Standard Single - Non Smoking,494593479,1470226417500299011,Kelvin,Central Region,Outram,1.28424,103.84429,Private room,172,1,7,2024-10-12,0.18,7,362,0,M0056
822747512409031740,干净整洁的主人房+卫生间。靠近OFS国际学校，巴士直达机场，市中心，24小时超市,103401936,1467241544313779742,Juliet,East Region,Pasir Ris,1.3793863568718157,103.93986195357725,Private room,,180,0,,,1,0,0,
822888625164562641,Cozy unit at Excellent location,238891646,1463258524593591157,Neha,Central Region,Novena,1.3175341495111728,103.84876671624976,Entire home/apt,280,30,0,,,131,363,0,Exempt
822923084996611859,"Pleasant Studio Apartment in Beach Road, Singapore",138649185,1462958959957533044,Sidharth,Central Region,Rochor,1.3031105528068543,103.86111756706235,Entire home/apt,75,92,0,,,215,363,0,
823005527495504331,Lovely 1 Bedroom Apartment Near Nicoll Highway MRT,138649185,1462958959957533044,Sidharth,Central Region,Rochor,1.30189,103.86147,Entire home/apt,90,92,0,,,215,363,0,
823723343533782820,Premium 1BR on Balestier Road,138649185,1462958959957533044,Sidharth,Central Region,Novena,1.325105176629394,103.850167176385,Entire home/apt,97,92,0,,,215,363,0,Exempt
823988366264665533,Co-living space @9CR M-room,260771308,1469378004461074829,Buchao,Central Region,Kallang,1.31328,103.84581,Private room,26,92,0,,,2,243,0,
824228729224079234,Wonderful Studio Apartment in Bugis,138649185,1462958959957533044,Sidharth,Central Region,Kallang,1.303539494097414,103.86139825580094,Entire home/apt,74,92,0,,,215,363,0,
824328676429321602,Studio Apartment Near Novena MRT,138649185,1462958959957533044,Sidharth,Central Region,Novena,1.3194372444500622,103.84699714464949,Entire home/apt,340,6,0,,,215,363,0,Exempt
825166191429610435,Co-living space @9CR S-Room,260771308,1469378004461074829,Buchao,Central Region,Kallang,1.3132577562532082,103.84767039022935,Private room,35,92,0,,,2,364,0,
825255331473955825,"Classic 3 BR, Jurong East",238891646,1463258524593591157,Neha,West Region,Jurong East,1.33751,103.74602,Entire home/apt,169,92,1,2023-08-22,0.03,131,363,0,Authorised Serviced Apartment
825579456713831810,2-bedroom residence - serviced,800558,1462514318016420422,⁨Kim (金)⁩,Central Region,Downtown Core,1.27669,103.84954,Entire home/apt,1393,1,5,2026-03-22,0.13,10,364,3,M0097
825778372859012212,Spacious 1 Bedroom w/h kitchen,138649185,1462958959957533044,Sidharth,Central Region,Novena,1.32557609785965,103.85117228557446,Entire home/apt,118,92,0,,,215,363,0,Exempt
825798658694498618,Sweet 1 Bedroom Garden Suite,138649185,1462958959957533044,Sidharth,Central Region,Novena,1.32361,103.85045,Entire home/apt,102,92,0,,,215,363,0,Exempt
826508772917498456,Pasir Panjang-1BR near NUS Insead Essec Science Pk,21378632,1463153723941946673,Christine,Central Region,Queenstown,1.29148,103.77247,Entire home/apt,44,92,1,2024-12-26,0.05,1,364,0,Exempt
827845795285182475,Studio Suite at Stevens - Newly Renovated,501291108,1470254226398727351,The Assembly Place,Central Region,Tanglin,1.31584,103.82831,Entire home/apt,290,6,11,2024-11-17,0.29,5,348,0,Authorised Serviced Apartment
827875125532071454,Premium studio near MRT,238891646,1463258524593591157,Neha,Central Region,Bukit Merah,1.28899,103.8319,Entire home/apt,419,6,0,,,131,363,0,Authorised Serviced Apartment
827991952733479579,Luxury 2 Bedroom Apartment in Singapore,138649185,1462958959957533044,Sidharth,Central Region,Downtown Core,1.2837688267107676,103.85095071613272,Entire home/apt,747,30,0,,,215,363,0,Exempt
829322076860791922,"1BR in Heritage collection @Orchard, Singapore",138649185,1462958959957533044,Sidharth,Central Region,Orchard,1.307219111127635,103.83525834425855,Entire home/apt,114,92,1,2024-12-04,0.05,215,363,0,Exempt
829369314741369503,Charming 1 BR Apartment in a Heritage Property,138649185,1462958959957533044,Sidharth,Central Region,Orchard,1.30708,103.83494,Entire home/apt,161,92,0,,,215,363,0,Exempt
830754747969256751,"Heritage Vibes in 1BR, River Valley Singapore",138649185,1462958959957533044,Sidharth,Central Region,River Valley,1.2916366309707967,103.83925599062232,Entire home/apt,88,90,3,2023-12-24,0.08,215,363,0,Exempt
831008711204150847,1 Bedroom Service Apartment - City Centre,501291108,1470254226398727351,The Assembly Place,Central Region,Tanglin,1.31532,103.8278,Entire home/apt,300,6,7,2025-01-17,0.20,5,326,0,Authorised Serviced Apartment
831017287232611543,2 Bedroom Service Apartment - Near to Orchard Rd,501291108,1470254226398727351,The Assembly Place,Central Region,Tanglin,1.31679644594891,103.82611270492224,Entire home/apt,380,6,23,2024-10-17,0.59,5,359,0,Authorised Serviced Apartment
831033318344000073,"3 Bedroom Superior Service Apt, City Centre",501291108,1470254226398727351,The Assembly Place,Central Region,Tanglin,1.31559,103.82779,Entire home/apt,450,6,14,2025-12-10,0.36,5,341,1,Authorised Serviced Apartment
831518184194402625,Alluring apartment at Havelock road for short stay,238891646,1463258524593591157,Neha,Central Region,Bukit Merah,1.289286747687621,103.83054938537006,Entire home/apt,426,6,1,2024-08-12,0.04,131,363,0,Authorised Serviced Apartment
831612439304811977,Heritage 2-bedder in Tiong Bahru,4684553,1462663227109670507,Jinesh,Central Region,Bukit Merah,1.2844122164132614,103.83477845011876,Entire home/apt,,92,0,,,1,268,0,
831688296592919472,Spacious 1 Bedroom Apartment in Novena,138649185,1462958959957533044,Sidharth,Central Region,Novena,1.31788,103.84873,Entire home/apt,384,6,0,,,215,363,0,Exempt
832538193209880053,New City Family 2-Beds Studio-Somerset/OrchardArea,46685310,1465699258666896822,Yyin,Central Region,River Valley,1.29472,103.84018,Entire home/apt,288,6,14,2026-01-30,0.36,71,341,4,Authorised Serviced Apartment
833133699413019522,Stunning 3BR | Rezi3Two,300765938,1463413945351002296,Xacco,Central Region,Geylang,1.3124878178557202,103.8878228830675,Entire home/apt,,92,0,,,52,364,0,Exempt
833763737295484530,Suited hotel room near MRT,238891646,1463258524593591157,Neha,Central Region,Bukit Merah,1.283787410280369,103.83323928143926,Private room,312,2,0,,,131,363,0,M0040
833899373927609367,Spacious 4BR near NUS,300765938,1463413945351002296,Xacco,West Region,Clementi,1.3217956387332714,103.75399097117142,Entire home/apt,122,92,0,,,52,364,0,Exempt
833977887503098646,Luxury Retreat in the Heart of Clementi,300765938,1463413945351002296,Xacco,West Region,Clementi,1.3177054977257647,103.75498911129674,Entire home/apt,113,92,0,,,52,272,0,Exempt
835904017609907338,Studio at perfect place,238891646,1463258524593591157,Neha,Central Region,River Valley,1.2969074558505231,103.84047568743635,Entire home/apt,407,6,0,,,131,363,0,Authorised Serviced Apartment
836738298166681497,Spacious 2 Bedroom Apartment in Woodleigh,138649185,1462958959957533044,Sidharth,Central Region,Toa Payoh,1.3375185241116403,103.86812651552651,Entire home/apt,94,92,0,,,215,363,0,
837278001762525399,Hotel Serviced Farm Stay Accommodation,30168263,1465444158599220536,Objet D ART,Central Region,Marine Parade,1.30544,103.89373,Private room,44,92,0,,,2,364,0,
837949620721483341,Hotel Serviced Farm Stay Accommodation,30168263,1465444158599220536,Objet D ART,Central Region,Marine Parade,1.304226598812474,103.89460837467644,Private room,25,92,0,,,2,364,0,
838851522557267244,"Fabulous 2 Bedroom Apartment in Jurong, Singapore",138649185,1462958959957533044,Sidharth,West Region,Jurong East,1.33679,103.74291,Entire home/apt,93,92,0,,,215,363,0,
838867174319410951,Ensuite room in landed Home,243474450,1469292279331364382,Mark,East Region,Pasir Ris,1.3610906981723896,103.96791644998264,Private room,20,92,1,2023-08-16,0.03,2,364,0,
840338886577189778,Private room w/ private bathroom,9716032,1462570835885141032,Margaret,Central Region,Marine Parade,1.29653,103.89391,Private room,34,92,0,,,1,357,0,
841098685339489415,"Duplex Pool View with Balcony, Luxe 3BR in SG",138649185,1462958959957533044,Sidharth,Central Region,Tanglin,1.3089818521719585,103.82638578274924,Entire home/apt,1197,6,0,,,215,357,0,Exempt
843285569659447374,Heveanly 2 Bedroom Apartment Near MRT Station,138649185,1462958959957533044,Sidharth,Central Region,Toa Payoh,1.3375674692269317,103.87097195841692,Entire home/apt,96,92,0,,,215,363,0,
846085840657880506,"Modern 2 Bedroom Near Marymount, Singapore",138649185,1462958959957533044,Sidharth,Central Region,Bishan,1.35128,103.8521,Entire home/apt,97,92,0,,,215,363,0,
846297658713595280,Tiny Away Escape at Lazarus - 1900,504706105,1470268936896847007,Tiny Away,Central Region,Southern Islands,1.22272,103.85454,Entire home/apt,420,1,0,,,5,91,0,S0544
851052793984170859,Centrally located 1 bedroom apartment,238891646,1463258524593591157,Neha,Central Region,Bukit Merah,1.2887435139625916,103.83174216275182,Entire home/apt,424,6,0,,,131,363,0,Authorised Serviced Apartment
851980188132812708,Dreamy Desk | Pine Grove,300765938,1463413945351002296,Xacco,Central Region,Bukit Timah,1.3189704896027579,103.77304713141473,Entire home/apt,98,92,0,,,52,362,0,Exempt
852019499248537738,Donut Dough | Atrium Residences,300765938,1463413945351002296,Xacco,Central Region,Geylang,1.31233,103.88689,Entire home/apt,,92,0,,,52,335,0,Exempt
852593319292806152,Ravishing 3 Bedroom Dual Key near Marina Bay,138649185,1462958959957533044,Sidharth,Central Region,Downtown Core,1.2764779658915522,103.84741500561665,Entire home/apt,365,92,0,,,215,363,0,Exempt
852697989812131944,Cosy 2 bedder with outdoor patio,506544191,1463857248490929555,Dan,Central Region,Bukit Merah,1.2842096,103.8297195,Entire home/apt,,92,0,,,3,0,0,Exempt
852711649412382555,Private 1 Bedroom Ensuite,506544191,1463857248490929555,Dan,Central Region,Bukit Merah,1.2842096,103.8297195,Entire home/apt,,92,2,2023-05-20,0.05,3,0,0,Exempt
853124282207206763,Suite | 1 living room and 1 bedroom,38753656,1465579297508860274,Mary,Central Region,Southern Islands,1.252302417310923,103.82032262628185,Private room,911,1,5,2025-10-20,0.17,2,268,2,Exempt
853329364720420427,Ann Siang Single No Window,23336011,1465271884616547411,Heritage,Central Region,Outram,1.2809318,103.8457579,Entire home/apt,123,6,38,2026-02-02,1.37,71,318,3,Authorised Serviced Apartment
853329655146229701,Pagoda Junior Studio,23336011,1465271884616547411,Heritage,Central Region,Outram,1.2835403,103.8439533,Entire home/apt,113,1,40,2026-05-19,1.03,71,357,18,S0543
853333353954940277,Pagoda Studio Deluxe,23336011,1465271884616547411,Heritage,Central Region,Outram,1.2835403,103.8439533,Entire home/apt,155,1,65,2026-06-27,1.68,71,312,19,S0543
854000299997801222,2 Bed Home Away From Home,506544191,1463857248490929555,Dan,Central Region,Bukit Merah,1.2842314,103.8298227,Entire home/apt,,92,2,2023-06-02,0.05,3,0,0,Exempt
854229329259305463,Breeze Meadows | Parc Riviera,300765938,1463413945351002296,Xacco,West Region,Clementi,1.31974,103.75387,Entire home/apt,,92,0,,,52,364,0,Exempt
855442493247789422,Sailboat Marina stay Singapore,481921424,1463805496333783403,Sophie,West Region,Tuas,1.34145,103.63457,Entire home/apt,,92,0,,,1,83,0,Exempt
855990949677399210,Relaxing Home 3 mins to beach,45810508,1465684077390647836,Jannah Et Kathir,North Region,Sembawang,1.4578019855396456,103.83761708420597,Private room,,92,0,,,1,179,0,
856131872826507885,Cosy whole unit near Novena,37964493,1462676943496689143,Kingsley,Central Region,Novena,1.3250729,103.8491117,Entire home/apt,78,92,0,,,6,364,0,
856214508230277566,Lavish Land | Parc Riviera,300765938,1463413945351002296,Xacco,West Region,Clementi,1.3215721850428694,103.7526717161616,Entire home/apt,,92,0,,,52,364,0,Exempt
856237979894932179,Room near NTU Singapore,292851196,1469515721180986976,Camille,West Region,Jurong West,1.3446227939653208,103.69106378240679,Private room,,92,1,2024-01-01,0.03,1,83,0,
856338018320193673,The Hamlet | Mayfair,300765938,1463413945351002296,Xacco,West Region,Jurong East,1.3334332010564338,103.74497267056476,Entire home/apt,108,92,0,,,52,274,0,Exempt
856350135874540052,Room For Rent Near NTU Singapore. 1,507286696,1470280332554692925,Lok,West Region,Jurong West,1.353325919401988,103.69700556655971,Private room,,92,0,,,3,28,0,
856893840908837829,Interconnecting private 2 Bedroom in Little India,138649185,1462958959957533044,Sidharth,Central Region,Rochor,1.3058736796478736,103.85183691214688,Entire home/apt,222,92,2,2024-03-08,0.07,215,363,0,Exempt
856903119772673106,Cozy Delight | Twin Vew,300765938,1463413945351002296,Xacco,West Region,Clementi,1.3186464666844697,103.75251803442679,Entire home/apt,,92,0,,,52,351,0,Exempt
856920920842811808,Boho Kingdom | Lucky Plaza,300765938,1463413945351002296,Xacco,Central Region,Orchard,1.3036139241511238,103.83343091032165,Entire home/apt,106,92,0,,,52,316,0,Exempt
857738312058474471,Divine Dynasty | Botannia,300765938,1463413945351002296,Xacco,West Region,Clementi,1.31716,103.75485,Entire home/apt,105,92,0,,,52,363,0,Exempt
857776843491356459,Pretty Paradise | Parc Riviera,300765938,1463413945351002296,Xacco,West Region,Clementi,1.31964,103.75282,Entire home/apt,114,92,0,,,52,363,0,Exempt
857794766634277790,Light House | Parc Riviera,300765938,1463413945351002296,Xacco,West Region,Clementi,1.319617329261935,103.75410056413216,Entire home/apt,94,92,0,,,52,364,0,Exempt
859162396804139167,Pleasure Takeaway | Infiniti,300765938,1463413945351002296,Xacco,West Region,Clementi,1.31929,103.75446,Entire home/apt,89,92,0,,,52,364,0,Exempt
859166984543739649,White Dove | Dover Parkview,300765938,1463413945351002296,Xacco,Central Region,Queenstown,1.3051013571060586,103.78399088642409,Entire home/apt,103,92,0,,,52,274,0,Exempt
859171597002185671,Green Glaze | Hundred Trees,300765938,1463413945351002296,Xacco,West Region,Clementi,1.3156691187669363,103.75728750335122,Entire home/apt,102,92,0,,,52,363,0,Exempt
859186207745669919,Bloom Bright | Botannia,300765938,1463413945351002296,Xacco,West Region,Clementi,1.3168119880015252,103.75339351901839,Entire home/apt,102,92,0,,,52,364,0,Exempt
859837503480355610,Amazing 2 Bedroom Apartment in Woodleigh,138649185,1462958959957533044,Sidharth,Central Region,Toa Payoh,1.33938,103.86862,Entire home/apt,93,92,0,,,215,363,0,
861528967359064492,"Beautiful, clean private room",106363186,1467289882063011760,Adam,East Region,Bedok,1.32242,103.92348,Private room,20,92,0,,,1,364,0,
861583739734518986,Next to Boon Lay MRT & Jurong Pt,70790155,1466876148782371572,文彬,West Region,Jurong West,1.3397592,103.702718,Private room,10,184,0,,,1,364,0,
863260350382867564,Serviced Condo | Private Balcony to Stunning View!,118496059,1468210217390870099,Ashton,Central Region,Singapore River,1.2907055688285132,103.83677102895403,Private room,32,92,2,2024-06-29,0.07,6,274,0,Exempt
863992542062626637,Serviced Studio with Private Kitchen/Bath in Apt!,118496059,1468210217390870099,Ashton,Central Region,Singapore River,1.2910059,103.8367867,Entire home/apt,58,85,6,2025-12-20,0.20,6,213,1,Exempt
864099010095266648,Executive Twin - Non Smoking,494593479,1470226417500299011,Kelvin,Central Region,Outram,1.2842078,103.8443301,Private room,276,1,4,2026-01-11,0.13,7,362,2,M0056
864117612353918427,Loft Suite - Non Smoking,494593479,1470226417500299011,Kelvin,Central Region,Outram,1.2841292,103.8444373,Private room,366,1,3,2025-11-14,0.09,7,364,1,M0056
864321103080953349,Ultra Luxury 2 Bedroom Apartment In Orchard,138649185,1462958959957533044,Sidharth,Central Region,Orchard,1.3019393157411818,103.83357392144352,Entire home/apt,1033,6,0,,,215,363,0,Exempt
865140811030135378,Luxury 2BR @Heart of Orchard,328275828,1469628337635812465,Yuri,Central Region,River Valley,1.3018,103.82871,Entire home/apt,164,92,0,,,1,364,0,
866448854492965889,"Luxury at Ease, 2BR @ Havelock Road, Singapore",138649185,1462958959957533044,Sidharth,Central Region,Bukit Merah,1.28919,103.83237,Entire home/apt,772,6,1,2023-09-24,0.03,215,363,0,Exempt
867296050291666116,Spacious 2 bedroom apt near MRT,238891646,1463258524593591157,Neha,Central Region,Bukit Merah,1.28918,103.83199,Entire home/apt,662,6,4,2025-10-04,0.11,131,363,1,Authorised Serviced Apartment
867784939403972660,Tanjong Pagar Private Room,135778052,1468352694493759599,Donovan,Central Region,Outram,1.27691,103.842,Private room,30,92,0,,,1,269,0,
869099179388879329,Room with a View in a Luxury Serviced Condo!,118496059,1468210217390870099,Ashton,Central Region,Singapore River,1.2909412,103.8365514,Private room,30,92,9,2024-10-30,0.24,6,336,0,Exempt
870150798623777606,Serviced Room | Private Balcony | Amazing View!,118496059,1468210217390870099,Ashton,Central Region,Singapore River,1.2909412,103.8365514,Private room,32,92,9,2025-10-29,0.26,6,364,1,Exempt
870182864930871777,Cozy Room with a View in a Luxury Service Condo!,118496059,1468210217390870099,Ashton,Central Region,Singapore River,1.2909412,103.8365514,Private room,29,92,5,2025-08-30,0.16,6,279,1,Exempt
872033189275592946,9 bed mixed dorm (8) in Hostel,474773234,1470140749364838732,River City,Central Region,Singapore River,1.2875018,103.8471468,Shared room,41,1,5,2025-07-23,0.13,14,187,1,S0036
873140844618962944,New Deluxe Studio Apt /WFI @ Orchard/Somerset Area,109333133,1467323641148121220,Pat,Central Region,River Valley,1.29485,103.83985,Entire home/apt,240,1,7,2025-12-18,0.19,73,257,2,Exempt
873151302770286080,New Cozy Studio Apt w WIFI@ Somerset/Orchard Area,61619807,1466758242935516070,Ong,Central Region,River Valley,1.2944586828684885,103.83859572103134,Entire home/apt,225,1,19,2026-02-23,0.50,60,349,6,Exempt
873151554401594108,New City Studio Apt/Balcony-Somerset/Orchard Area,10248444,1462835470954501673,Recr,Central Region,River Valley,1.2960642871298373,103.84030144403322,Entire home/apt,202,1,18,2026-06-08,0.49,64,354,5,Exempt
873151881500059276,New Cozy Studio w Balcony @ Somerset/Orchard Area,46685310,1465699258666896822,Yyin,Central Region,River Valley,1.296441189428549,103.83791686057155,Entire home/apt,227,1,6,2026-04-17,0.16,71,343,2,Exempt
873159641216775580,New Comfy Studio Apt @ Somerset/City Area,61619807,1466758242935516070,Ong,Central Region,River Valley,1.2959392293188616,103.83816964934913,Entire home/apt,230,6,5,2024-02-16,0.13,60,347,0,Authorised Serviced Apartment
876437098945514540,3 Bed City View Retreat,4080706,1462646867124273540,Rosie,Central Region,Kallang,1.30213,103.8827,Entire home/apt,,180,2,2024-06-12,0.07,1,357,0,
878016322780322976,Orchard Court for rent,197843965,1469030979255749689,Toshiko,Central Region,River Valley,1.2972082894003274,103.84135571444378,Entire home/apt,76,95,0,,,1,364,0,
878488989399491669,1980 by Tiny Away,504706105,1470268936896847007,Tiny Away,Central Region,Southern Islands,1.22272,103.85454,Entire home/apt,346,1,1,2025-02-05,0.06,5,160,0,S0544
878489235812091594,Tiny Away Escape at Lazarus - 1960,504706105,1470268936896847007,Tiny Away,Central Region,Southern Islands,1.22272,103.85454,Entire home/apt,420,1,0,,,5,101,0,S0544
878489359707000351,2000 by Tiny Away,504706105,1470268936896847007,Tiny Away,Central Region,Southern Islands,1.22272,103.85454,Entire home/apt,420,1,5,2026-05-31,0.22,5,119,4,S0544
878489587692756300,Tiny Away Escape at Lazarus - 2017,504706105,1470268936896847007,Tiny Away,Central Region,Southern Islands,1.22344,103.85435,Entire home/apt,421,1,6,2026-04-17,0.18,5,151,4,S0544
880183982958295952,Cozy flat in Orchard,238891646,1463258524593591157,Neha,Central Region,River Valley,1.29646,103.83727,Entire home/apt,94,92,0,,,131,363,0,Authorised Serviced Apartment
882163842842675031,Cozy 1 Bedroom Apartment Near Tanjong Pagar MRT,138649185,1462958959957533044,Sidharth,Central Region,Downtown Core,1.2755865505523487,103.84360151987357,Entire home/apt,82,92,0,,,215,363,0,
883475889105289539,幸福之家,61415440,1462747864342506972,Bi,Central Region,Geylang,1.325,103.88106,Entire home/apt,68,95,0,,,1,364,0,
883508348606122817,"River view balcony, big unit, fully equipped",403164934,1469847677401485784,Valentin,Central Region,Tanglin,1.2929812779231933,103.82877166137698,Entire home/apt,60,92,0,,,1,290,0,Exempt
883530197768740963,"Easy access to NUS, Science Park.",69940082,1466865873893208418,Ee Jin,West Region,Clementi,1.2946947,103.766301,Private room,,92,0,,,2,364,0,
883902659568943778,"Easy access to NUS, Science Park.",69940082,1466865873893208418,Ee Jin,West Region,Clementi,1.29586,103.76521,Private room,28,92,0,,,2,364,0,
888118099586309880,"Marvelous Studio Executive in District 9,Singapore",138649185,1462958959957533044,Sidharth,Central Region,Orchard,1.3077242,103.8315846,Entire home/apt,124,92,0,,,215,363,0,Exempt
888118429060687509,1BR premier @ Serangoon rd -Little India,138649185,1462958959957533044,Sidharth,Central Region,Rochor,1.3059792009501274,103.85169294503987,Entire home/apt,,92,0,,,215,363,0,Exempt
888195484053493832,"5 Star Private Studio, 1 min to Mrt, 10 min to CBD",2429282,1462594853756467263,Glen,Central Region,Geylang,1.32641948136539,103.88449893992748,Entire home/apt,,92,0,,,1,364,0,
891745035450355750,*PROMO* Spacious Studio in Balestier,138649185,1462958959957533044,Sidharth,Central Region,Novena,1.322839559272603,103.85187716900403,Entire home/apt,57,92,0,,,215,363,0,Exempt
892371127605772614,"Full apt nr NUH, harbourfront",5981335,1462543280023363173,Apple,Central Region,Queenstown,1.2819672692599458,103.78513309795802,Entire home/apt,93,92,0,,,2,364,0,
894818904935257922,Cosy Room,507310820,1470280386530921428,Dash Living,Central Region,Rochor,1.3073921,103.8518904,Private room,,92,0,,,10,179,0,Authorised Serviced Apartment
895226443049231974,Deluxe Room,507310820,1470280386530921428,Dash Living,Central Region,Rochor,1.3073921,103.8518904,Private room,54,92,0,,,10,179,0,Authorised Serviced Apartment
895228320520386779,Comfy Room,507310820,1470280386530921428,Dash Living,Central Region,Rochor,1.3073921,103.8518904,Private room,40,92,0,,,10,179,0,Authorised Serviced Apartment
895241436883831194,Courtyard Room,507310820,1470280386530921428,Dash Living,Central Region,Rochor,1.3073921,103.8518904,Private room,46,92,0,,,10,179,0,Authorised Serviced Apartment
895271741256105433,Roomy Room,507310820,1470280386530921428,Dash Living,Central Region,Rochor,1.3073921,103.8518904,Private room,,92,0,,,10,179,0,Authorised Serviced Apartment
895307096931503765,"Stylish Studio on Wilkie Road, Singapore",138649185,1462958959957533044,Sidharth,Central Region,Rochor,1.3033963445684118,103.85041328379016,Entire home/apt,440,6,0,,,215,363,0,Exempt
896425471247877253,New Comfy 2Room Studio Apt @Somerset/Orchard Area,61619807,1466758242935516070,Ong,Central Region,River Valley,1.294782951422714,103.83986250208308,Entire home/apt,420,1,2,2026-04-02,0.07,60,229,1,Exempt
896425506202393462,New Centrally Located Studio/Balcony Somerset Area,61619807,1466758242935516070,Ong,Central Region,River Valley,1.2957558631828192,103.83807645205881,Entire home/apt,200,1,2,2024-08-24,0.07,60,355,0,Exempt
896425553049881174,New Easy Access Deluxe Studio-Somerset/OrchardArea,61619807,1466758242935516070,Ong,Central Region,River Valley,1.2944070363968205,103.83877549401232,Entire home/apt,239,6,4,2025-07-08,0.13,60,341,1,Authorised Serviced Apartment
897448879002896896,Shophouse Aesthetic 3 BR in River Valley,138649185,1462958959957533044,Sidharth,Central Region,River Valley,1.29339,103.84124,Entire home/apt,129,90,2,2023-10-21,0.06,215,363,0,Exempt
897507768783898539,Premier Family Room with Stunning Vistas PRMS,461577696,1470079146511364126,Lillian,Central Region,Queenstown,1.27218,103.79764,Private room,322,6,2,2024-03-09,0.06,9,208,0,Authorised Serviced Apartment
898183406680359456,New Comfy Room Suite /Wifi @ Orchard/Somerset Area,46685310,1465699258666896822,Yyin,Central Region,River Valley,1.2969115466169179,103.84064685023272,Private room,139,6,1,2026-04-14,0.39,71,329,1,Authorised Serviced Apartment
898295862778234145,Deluxe 2 Bedroom in Clarke Quay,138649185,1462958959957533044,Sidharth,Central Region,Singapore River,1.29267,103.8417,Entire home/apt,181,92,1,2024-08-28,0.04,215,363,0,Exempt
899732642408799379,"Resort Living - Begonia room 

Big,clean, bright",22828858,1463189417469256699,Maryaan,North-East Region,Serangoon,1.383397365221802,103.86136663685872,Private room,18,92,0,,,2,178,0,Exempt
899868229915270512,One bedroom apt at Jurong East,238891646,1463258524593591157,Neha,West Region,Jurong East,1.3339495474602459,103.74339654884959,Entire home/apt,100,92,0,,,131,363,0,Authorised Serviced Apartment
900478455755523033,V. comfortable 1 bedroom condo,39343992,1465587450900372707,Sunny,Central Region,Geylang,1.3122673284868753,103.8848626613617,Entire home/apt,41,92,0,,,1,270,0,
901089041886609842,"Resort Living - Frangipani
Cosy, beautiful, clean",22828858,1463189417469256699,Maryaan,North-East Region,Serangoon,1.3833265019869583,103.86141753469077,Private room,18,92,0,,,2,267,0,
902551049632643801,"Entire House 4-BR in Bukit Timah, Near MRT",3951127,1462532737396247543,Sue,Central Region,Queenstown,1.30779,103.79861,Entire home/apt,310,30,1,2026-02-28,0.25,6,97,1,Authorised Serviced Apartment
903372817283527946,Comfy Room,507310820,1470280386530921428,Dash Living,Central Region,Rochor,1.3073921,103.8518904,Private room,40,92,0,,,10,179,0,Authorised Serviced Apartment
903506199716240689,Roomy room,507310820,1470280386530921428,Dash Living,Central Region,Rochor,1.3073921,103.8518904,Private room,,92,0,,,10,179,0,Authorised Serviced Apartment
904588436802887307,Family Suite 3rd Floor Apartment,209627746,1469093651035131158,Md Kamrul Ahsan,Central Region,Rochor,1.310426223149075,103.85224661802884,Entire home/apt,111,92,0,,,1,363,0,
906259459458420505,Spacious Apartment at City Center,47611818,1462707217661962495,Jessie,Central Region,Rochor,1.297732074827458,103.8525801575051,Entire home/apt,,92,1,2023-11-07,0.03,1,216,0,Exempt
906726281972631952,Comfy Room,507310820,1470280386530921428,Dash Living,Central Region,Rochor,1.3073921,103.8518904,Private room,208,7,0,,,10,179,0,S0548
907077257962946258,Stylish & Cozy Room (72-3),518346592,1470332163461028723,Shan,Central Region,Rochor,1.3087078,103.8554317,Private room,,92,1,2023-12-03,0.03,6,364,0,
907686638311383341,Premium King @ ISA Hotel Amber Road,101145755,1462873233039789306,Yulie,Central Region,Marine Parade,1.300762,103.901126,Private room,280,6,2,2024-03-05,0.07,19,270,0,S0554
909100019892803087,"500 m to Jurong East MRT, 2BR Loft Space",138649185,1462958959957533044,Sidharth,West Region,Jurong East,1.33681,103.74234,Entire home/apt,116,92,0,,,215,363,0,Exempt
909348769769135505,Rare & beautiful loft. 5mins walk to train station,167203844,1468619257693878571,Samuel,Central Region,Bukit Merah,1.2838237178875052,103.82897810013283,Entire home/apt,88,92,0,,,1,362,0,
912791958009826495,Novena Long-Stay Duplex | 5 mins to TTSH | Gym,519745580,1463864787320225654,Raymond R,Central Region,Novena,1.326490831446574,103.8530501879349,Entire home/apt,44,92,4,2026-02-01,0.14,1,195,1,
912802306072914469,Stylish 2 Bedroom Apartment on Wilkie Road,138649185,1462958959957533044,Sidharth,Central Region,Rochor,1.30119,103.84877,Entire home/apt,609,6,0,,,215,363,0,Exempt
913522560000207283,The Warren,125437217,1462929185386139432,Yiqi,West Region,Choa Chu Kang,1.3861327,103.7427933,Private room,27,92,0,,,4,363,0,
913781510901929183,Derbyshire in Singapore,214474787,1463193096193543826,Owen,Central Region,Novena,1.317044776476027,103.84490610301886,Entire home/apt,,365,0,,,1,364,0,S4879
914805460729895825,"Double,private bathroom,2 mins walk to Bugis MRT",333673909,1469644001676637540,Linda,Central Region,Downtown Core,1.29828,103.8578,Private room,113,1,185,2026-01-02,7.28,3,52,31,S0451
915452171883804682,Stylish & Cozy Room (74-8),518346592,1470332163461028723,Shan,Central Region,Rochor,1.3077725919618828,103.85647995700143,Private room,,92,0,,,6,364,0,
915480824792203623,Stylish & Spacious Master room,518346592,1470332163461028723,Shan,Central Region,Rochor,1.30808,103.85619,Private room,26,92,0,,,6,269,0,
915480906467484416,Stylish & Cozy Room (74-7),518346592,1470332163461028723,Shan,Central Region,Rochor,1.309194918897907,103.85423172042623,Private room,21,92,0,,,6,364,0,
915491540353078007,Stylish & Cozy Room (74-6),518346592,1470332163461028723,Shan,Central Region,Rochor,1.30754,103.85481,Private room,,92,0,,,6,364,0,
915496448580987418,Stylish & Cozy Room (72-4),518346592,1470332163461028723,Shan,Central Region,Rochor,1.30798,103.85638,Private room,,92,0,,,6,364,0,
915670366666904246,Perfect Two Bedroom apt near MRT,238891646,1463258524593591157,Neha,Central Region,Bukit Merah,1.2892,103.83071,Entire home/apt,656,6,1,2024-03-09,0.04,131,363,0,Authorised Serviced Apartment
917001993750346677,3 Bedroom apartment at Clementi,238891646,1463258524593591157,Neha,West Region,Clementi,1.3096207366337604,103.76102353229301,Entire home/apt,132,92,0,,,131,363,0,Exempt
917268940021538414,"Cozy Studio, perfect stay",238891646,1463258524593591157,Neha,Central Region,Marine Parade,1.30015,103.90007,Entire home/apt,75,92,0,,,131,363,0,Authorised Serviced Apartment
917705626758191088,Courtyard room,507310820,1470280386530921428,Dash Living,Central Region,Rochor,1.3073921,103.8518904,Private room,228,7,0,,,10,179,0,S0548
917878438514515055,Deluxe Quad Room @ Bugis - 03,493110459,1470220223985413605,Shazryn,Central Region,Downtown Core,1.297491,103.8567369,Private room,269,1,2,2023-09-25,0.06,5,339,0,S0463
917885193029724900,Deluxe Triple Room @ Bugis - 03,493110459,1470220223985413605,Shazryn,Central Region,Downtown Core,1.297491,103.8567369,Private room,270,1,1,2023-08-05,0.03,5,339,0,S0463
918098632975538206,Beautiful Large Couple Studio in East Singapore,1529439,1462518692148188320,Yiling,East Region,Bedok,1.318589639972925,103.9483418315649,Private room,34,92,2,2025-12-08,0.15,5,362,1,
918670063389680037,Private Rm +Private Bath Insead,521198842,1470345266201392269,Sk,Central Region,Queenstown,1.3061,103.78725,Private room,38,92,0,,,1,178,0,
919502228882474216,新加坡别墅主人房出租,380391465,1463568204164530166,风雨同舟,North-East Region,Ang Mo Kio,1.39073,103.84077,Private room,30,92,0,,,1,364,0,
919968290403148056,Spacious 3 Bedroom Apartment near MRT,238891646,1463258524593591157,Neha,Central Region,Bukit Merah,1.2906662160309252,103.8322563467078,Entire home/apt,474,30,2,2025-12-30,0.11,131,237,1,Authorised Serviced Apartment
923613640797995092,Spacious Duo studio for short stay,238891646,1463258524593591157,Neha,Central Region,Marine Parade,1.2996181374170035,103.9014725032311,Entire home/apt,704,6,0,,,131,269,0,S0554
924864455710407269,tranquil room fully furnished,9950908,1462827861328586103,Vee,East Region,Bedok,1.3387566823895118,103.92142123469412,Private room,,94,0,,,1,364,0,
925168994523733731,Studio at Fringe of City Centre,489662839,1463824448925924586,Yc,Central Region,Geylang,1.314943894768831,103.88866659260971,Entire home/apt,,92,0,,,3,0,0,
927092195097805859,【REST 】Bugis/Cinematic Triple  no Window-POOL,292133113,1469513806708207521,Qi,Central Region,Rochor,1.3033637674317777,103.85875110714736,Private room,393,1,12,2026-04-28,0.33,17,138,3,S0430
927104359590866258,【REST】Bugis/Cinematic Family No Window - POOL,292133113,1469513806708207521,Qi,Central Region,Rochor,1.3040854,103.859466,Private room,322,1,29,2026-05-26,1.10,17,179,18,S0430
928850044952941796,One bedroom apt at J East,238891646,1463258524593591157,Neha,West Region,Jurong East,1.3367083080406506,103.74286613461643,Entire home/apt,129,92,0,,,131,269,0,Authorised Serviced Apartment
930060029464198671,3 bedroom apt at Jurong East,238891646,1463258524593591157,Neha,West Region,Jurong East,1.3345200127330867,103.74369763258919,Entire home/apt,157,92,0,,,131,269,0,Exempt
933097055241827931,Loft unit at Jurong East,238891646,1463258524593591157,Neha,West Region,Jurong East,1.3360900161515028,103.7413160291578,Entire home/apt,89,92,0,,,131,269,0,Exempt
933141148831561918,Beautiful East Studio Coliving,1529439,1462518692148188320,Yiling,East Region,Bedok,1.3195786159416372,103.94920746792705,Private room,26,92,3,2025-09-15,0.12,5,269,1,
933259335282417831,Beautiful Studio JOY in East,1529439,1462518692148188320,Yiling,East Region,Bedok,1.31772,103.94916,Private room,28,92,0,,,5,269,0,
933267561689894166,Spacious Couple Studio in East,1529439,1462518692148188320,Yiling,East Region,Bedok,1.31969,103.94906,Private room,34,92,0,,,5,363,0,
934346542744923153,"Brand-New, Double Ensuite Room in Bugis Junction",525207877,1470362549361811626,Stephy,Central Region,Downtown Core,1.29600682189687,103.85699213793373,Private room,132,1,186,2026-06-19,5.66,5,266,53,S0561
934354866476648898,"Brand-New, Double Ensuite Window in Bugis Junction",525207877,1470362549361811626,Stephy,Central Region,Downtown Core,1.2977770802115776,103.85556121873809,Private room,153,1,23,2026-03-13,0.71,5,181,3,S0561
934368914326609002,"Brand-New, Twin Room with Window in Bugis Junction",525207877,1470362549361811626,Stephy,Central Region,Downtown Core,1.29582,103.85536,Private room,162,1,41,2026-05-09,1.37,5,231,17,S0561
934381114246786901,"Brand-New, Deluxe Window Room In Bugis Junction",525207877,1470362549361811626,Stephy,Central Region,Downtown Core,1.2977886953645195,103.85644883232783,Private room,160,1,30,2026-03-10,1.07,5,187,3,S0561
934386884436615245,"Brand-New, Executive Window Room In Bugis Junction",525207877,1470362549361811626,Stephy,Central Region,Downtown Core,1.2960442843674749,103.85671775163149,Private room,176,1,9,2026-05-23,0.28,5,185,3,S0561
934459075537527502,3Bedroom Superior Apt near Newton Food Centre,525002801,1470361685802143782,Randell,Central Region,Newton,1.31049,103.83953,Entire home/apt,149,92,0,,,2,361,0,Exempt
935094489055741434,Breezy Segar,48909975,1465743073347984504,Inaya,West Region,Bukit Panjang,1.389482436093308,103.76681072631627,Private room,,92,2,2024-01-28,0.06,1,0,0,Exempt
936485750538024929,Modern 1 bedroom opposite NTU,4673970,1462662986728553362,Pamela,West Region,Jurong West,1.3418326,103.6859788,Entire home/apt,35,92,0,,,2,119,0,
937227522262502962,Warm 2BR Apartment near Far East Plaza,135298846,1468348533984739635,Karen,Central Region,Orchard,1.3084499456617036,103.83378601534795,Entire home/apt,86,92,0,,,9,361,0,
938174889624669271,Garden Treehouse 4 Bedroom Nature Retreat,15257023,1462593413328742484,Lim,West Region,Bukit Batok,1.3562084342022556,103.75343576073647,Entire home/apt,113,92,0,,,2,272,0,
938672532615874999,【REST】Bugis/Cinematic Deluxe Family - POOL,292133113,1469513806708207521,Qi,Central Region,Rochor,1.3040854,103.859466,Private room,334,1,13,2026-02-22,0.37,17,178,2,S0430
938816375662381740,"Double Room, Short Overnight, 11 hours: 8PM-7AM",526632910,1470368209432346911,Lily,Central Region,Downtown Core,1.2973838998847533,103.85515995550202,Private room,,1,20,2025-08-13,0.66,2,0,1,S0561
938821130208338925,"Double Room,Window,Short Overnight,11hours:8PM-7AM",526632910,1470368209432346911,Lily,Central Region,Downtown Core,1.29578,103.85473,Private room,131,1,18,2026-05-30,0.60,2,166,9,S0561
938826741220769481,【REST 】Bugis/ Cinematic Family Room slide/pool,292133113,1469513806708207521,Qi,Central Region,Rochor,1.3040854,103.859466,Private room,453,1,20,2026-05-04,0.71,17,155,4,S0430
939438617196139743,Cozy studio at reasonable price,238891646,1463258524593591157,Neha,Central Region,Marine Parade,1.3016,103.90232,Entire home/apt,361,6,0,,,131,269,0,S0554
939706932525817048,【REST 】Bugis/Cinematic Sup-Double w Balcony/Pool,292133113,1469513806708207521,Qi,Central Region,Rochor,1.3040854,103.859466,Private room,274,1,20,2026-05-25,0.70,17,182,8,S0430
939714606306548233,【REST 】Bugis/Cinematic Del-Double w Balcony-POOL,292133113,1469513806708207521,Qi,Central Region,Rochor,1.3040854,103.859466,Private room,322,1,5,2024-10-27,0.15,17,182,0,S0430
940362959474669203,"Stylish Dual-Studios in Marine Parade, East SG",138649185,1462958959957533044,Sidharth,Central Region,Marine Parade,1.30188,103.90022,Entire home/apt,,92,0,,,215,363,0,Authorised Serviced Apartment
942238998443573026,Unique Stay at Shophouse Attic,56265371,1465921306492983918,Rae Jin,Central Region,Kallang,1.3077141,103.8583098,Private room,,92,1,2023-08-31,0.03,1,0,0,Exempt
942498058629533851,"Ensuite Studio in 1939 Heritage Shophouse, Katong",29032695,1465427953998073858,Frank,Central Region,Marine Parade,1.30706,103.90514,Private room,170,7,6,2026-01-06,0.25,12,270,2,Authorised Serviced Apartment
943118105241784858,"Private Room in 1939 Heritage Shophouse, Katong",29032695,1465427953998073858,Frank,Central Region,Marine Parade,1.30574,103.90365,Private room,106,7,1,2025-09-19,0.11,12,235,1,Authorised Serviced Apartment
943163894208432026,Cosy Room in Art Deco Shophouse · Joo Chiat,29032695,1465427953998073858,Frank,Central Region,Marine Parade,1.3078925164223933,103.90493671590622,Private room,108,7,1,2024-12-14,0.05,12,205,0,Authorised Serviced Apartment
943220901216594659,Private Room · Heritage Shophouse · Katong SG,29032695,1465427953998073858,Frank,Central Region,Marine Parade,1.3064179232038498,103.9051722749377,Private room,106,7,5,2026-02-15,0.21,12,223,2,Authorised Serviced Apartment
943864507833744958,Comfortable Studio with twin beds,238891646,1463258524593591157,Neha,Central Region,Bukit Merah,1.27434,103.83273,Entire home/apt,94,92,0,,,131,269,0,Authorised Serviced Apartment
944449482210600103,3 Bedroom Apartment/Great World City/Zion Road,528137608,1470374410865128625,Jun Hui,Central Region,Singapore River,1.295317510422564,103.8309350168396,Entire home/apt,976,6,5,2025-08-14,0.17,2,79,1,Authorised Serviced Apartment
944612487124738868,VicHaus | Twin Room | 18 SQM | East | Pool,528168810,1470374525416227553,Pauline,Central Region,Marine Parade,1.304722105460873,103.90597909166927,Private room,181,6,5,2026-01-21,0.18,4,204,2,Authorised Serviced Apartment
944612549240049286,Exclusive 1 bedroom apartment with Laundry room,238891646,1463258524593591157,Neha,Central Region,Bukit Merah,1.2896008712447167,103.83053146115907,Entire home/apt,533,6,0,,,131,269,0,Authorised Serviced Apartment
945118954811453086,2 Bedder Condo Unit @ Hillview,87663129,1467053442623211323,Henry,West Region,Bukit Batok,1.3618278,103.7655369,Entire home/apt,,365,0,,,1,364,0,
946274113050996122,Studio at Amber road,238891646,1463258524593591157,Neha,Central Region,Marine Parade,1.3004424234116712,103.9022082491094,Entire home/apt,318,6,0,,,131,269,0,S0554
947378293169299430,EnsuiteN w Balcony view/access/chill,2413412,1462594434745155670,Kaurus,Central Region,Kallang,1.31047,103.8633,Private room,21,92,0,,,91,335,0,
948204813433816372,The Seawind condo (Telok Kurau),2327574,1462592134731740621,Juliana,East Region,Bedok,1.3103578078382314,103.91591635746806,Entire home/apt,47,92,0,,,3,182,0,
948700412652397998,VicHaus | Standard Room | 18 SQM | East | Pool,528168810,1470374525416227553,Pauline,Central Region,Marine Parade,1.305685924963954,103.90502827101281,Private room,181,6,8,2026-01-26,0.24,4,202,2,Authorised Serviced Apartment
949650431267779386,【REST】Bugis/ Cinematic Family Suite - POOL,292133113,1469513806708207521,Qi,Central Region,Rochor,1.30364,103.86062,Private room,643,1,4,2026-04-13,0.14,17,176,2,S0430
951111788499858256,Dreamy Getaway- Exquisite 5BR in Ivory Heights,300765938,1463413945351002296,Xacco,West Region,Jurong East,1.3389034875419008,103.7361125205313,Entire home/apt,,92,0,,,52,308,0,
951114265487967593,Cozy Room in Spacious 3BR| Rezi3two,300765938,1463413945351002296,Xacco,Central Region,Geylang,1.3126195038098345,103.88774515749822,Private room,29,92,0,,,52,263,0,
953924174741307769,CBD lux 1 BR cozy home,28427315,1465419534337735995,Jing,Central Region,Downtown Core,1.2745194925269043,103.84430430829525,Entire home/apt,127,92,0,,,1,270,0,Exempt
954625302085307833,Masteroom with private bath (S) @ Central Imperial,25375339,1465341321925717069,シン,Central Region,Geylang,1.3124389,103.8790786,Private room,19,92,3,2024-08-03,0.09,12,269,0,S8642
957684538892063912,VicHaus | Single Room | 15 SQM | East | Pool,528168810,1470374525416227553,Pauline,Central Region,Marine Parade,1.304795710918828,103.90589540000003,Private room,156,6,38,2026-06-02,1.13,4,199,19,Authorised Serviced Apartment
959465909045567964,NEW Compact Studio Apt/WIFi @Somerset/Orchard Area,46685310,1465699258666896822,Yyin,Central Region,River Valley,1.29461,103.83976,Entire home/apt,176,6,41,2026-06-09,1.35,71,334,10,Authorised Serviced Apartment
959816594895093321,Private Room at Sennett Estate,532323229,1470390402640619542,Si Lin,Central Region,Geylang,1.3298319448155445,103.87529627279221,Private room,,92,0,,,1,0,0,
960610939781595021,Studio with perfect location,238891646,1463258524593591157,Neha,Central Region,Bukit Timah,1.3327885695897128,103.7875892398578,Entire home/apt,70,92,0,,,131,269,0,Authorised Serviced Apartment
962102060363767489,Queen Studio at Amber Road,238891646,1463258524593591157,Neha,Central Region,Marine Parade,1.29983,103.90209,Entire home/apt,71,92,0,,,131,269,0,Authorised Serviced Apartment
962115187758611203,Cozy Studio for Long Stays,238891646,1463258524593591157,Neha,Central Region,Marine Parade,1.300732471017265,103.9018033329631,Entire home/apt,71,92,0,,,131,269,0,Authorised Serviced Apartment
962148073553755345,Cozy Studio at Amber Road Short Stays,238891646,1463258524593591157,Neha,Central Region,Marine Parade,1.30155,103.90045,Entire home/apt,69,92,0,,,131,269,0,Authorised Serviced Apartment
962156092707353224,Spacious Duo Studio Long Stay,238891646,1463258524593591157,Neha,Central Region,Marine Parade,1.29987,103.9017,Entire home/apt,115,92,0,,,131,269,0,Authorised Serviced Apartment
962179495759598858,"Elite 1 Bedroom Apartment, for short stays",238891646,1463258524593591157,Neha,Central Region,Bukit Merah,1.28949,103.83241,Entire home/apt,419,6,0,,,131,269,0,Exempt
962179665760436992,Spacious 1 BR at Havelock Road Monthly Stay,238891646,1463258524593591157,Neha,Central Region,Bukit Merah,1.2904530903624096,103.83215755146323,Entire home/apt,438,6,0,,,131,269,0,Authorised Serviced Apartment
962880218922843498,Comfy Room,507310820,1470280386530921428,Dash Living,Central Region,Rochor,1.3079095626581918,103.85283570462305,Private room,208,7,0,,,10,179,0,S0548
967652598109248918,Scenic Resort Lifestyle,92266851,1467114482109675881,Jonatan,East Region,Pasir Ris,1.361341955632828,103.96913776099275,Private room,,92,0,,,1,364,0,Authorised Serviced Apartment
973054065787807697,Accommodation  in Geylang Aljunied MRT,535448492,1470402598340242977,Okawa,Central Region,Geylang,1.3133121,103.879321,Private room,23,92,0,,,1,362,0,Exempt
973485237183919925,Bedroom with private bathroom,16646665,1462991670178001107,Krystle,North Region,Woodlands,1.4320312649038096,103.78717605980225,Private room,59,92,0,,,1,269,0,Exempt
974183835128911388,"Female Only Pod, Outside the action! (TYR-API-FE)",50158481,1465766722666010133,Dream Lodge,Central Region,Kallang,1.311041560275222,103.85993474135049,Shared room,51,1,29,2026-05-20,0.86,5,169,14,S0581
974194294235939529,Couple Pods. Outside the City! (TYR-API-COUP),50158481,1465766722666010133,Dream Lodge,Central Region,Kallang,1.3119388,103.8608217,Shared room,97,1,6,2025-07-06,0.19,5,178,1,S0581
976729949347636597,All Females Apartment,518110820,1470331065125584343,Coliving Collective,Central Region,Toa Payoh,1.3404160107109993,103.88139307041084,Private room,,92,0,,,2,0,0,
977840892351291114,Modern room near MRT,238891646,1463258524593591157,Neha,Central Region,Kallang,1.3125617535681553,103.86170638205695,Entire home/apt,113,92,0,,,131,269,0,
979215581517902662,The Vegan Abode,536857130,1470408456746866982,Chetankumar,East Region,Pasir Ris,1.3720397076814699,103.94434098154306,Private room,,92,0,,,1,268,0,
984451267933484000,Homey and Spacious 2 Bedroom in Robertson Quay,138649185,1462958959957533044,Sidharth,Central Region,Singapore River,1.29207,103.84229,Entire home/apt,986,6,0,,,215,363,0,Exempt
985940069189910173,2 Bedroom in West Side Singapore,138649185,1462958959957533044,Sidharth,Central Region,Queenstown,1.3054974327990667,103.78783154067561,Entire home/apt,183,92,0,,,215,363,0,Exempt
988675919396273025,2 Bedroom Apartment/Great World City/Zion Road,528137608,1470374410865128625,Jun Hui,Central Region,Singapore River,1.29556,103.83081,Entire home/apt,671,6,0,,,2,88,0,Authorised Serviced Apartment
988896701671473303,City Escape- Dual-Level Tyrwhitt 3BR,300765938,1463413945351002296,Xacco,Central Region,Kallang,1.31275,103.85872,Entire home/apt,98,92,0,,,52,293,0,Exempt
988948112956853302,Cosy place for single to retreat,539012533,1470416782681492220,Venus,North-East Region,Serangoon,1.3665094,103.8705744,Private room,,92,0,,,1,178,0,
991090415423461747,Bedroom in condominium,326052379,1469621758583368190,Nithiya,North-East Region,Hougang,1.3876131256974462,103.87933999300003,Private room,,92,0,,,1,268,0,
992814061673098065,Condo room for a lady >3 months,52593645,1465851911390266146,Yu,West Region,Bukit Batok,1.3589653064285838,103.76435436308384,Private room,,92,0,,,1,90,0,
993145145410074505,主卧 Choa Chu kang,528203435,1470374733776941646,Qingxia,West Region,Choa Chu Kang,1.3843052537630198,103.74552894383669,Private room,29,92,0,,,4,269,0,Exempt
994831838625612556,New Comfy Studio Apt/WIFi @ Somerset/Orchard Area,109333133,1467323641148121220,Pat,Central Region,River Valley,1.2958966152704694,103.84017135563099,Entire home/apt,279,6,8,2026-01-06,0.27,73,157,6,Authorised Serviced Apartment
996212506657357548,Deluxe Queen Room at CBD,535899829,1470404553250400714,Kam Leng Hotel,Central Region,Kallang,1.3131906,103.8596966,Private room,101,1,273,2026-01-27,8.24,4,364,5,S0218
997409009328273841,Spacious Room Near East Coast Pk,518110820,1470331065125584343,Coliving Collective,East Region,Bedok,1.3090703586702044,103.92920784746244,Private room,,92,0,,,2,269,0,
998217592295049007,Aurealis Serviced Residence 1-Bedroom Suite,181666720,1468753283591044626,Isabelle,Central Region,Downtown Core,1.2806138,103.8528076,Private room,95,92,0,,,4,172,0,
998239661830045669,(Central) Room & Dedicated Bathroom - Females Only,535251741,1470401843831350064,Planet,Central Region,Bishan,1.34719,103.85116,Private room,7,182,0,,,1,269,0,Exempt
998312291281514979,Aurealis Serviced Residence 1-Bedroom Bayview,181666720,1468753283591044626,Isabelle,Central Region,Downtown Core,1.2806138,103.8528076,Private room,115,92,0,,,4,290,0,
999056201071274306,Lux & comfortable condo near MRT,29574073,1462648594378165608,DoDo,North-East Region,Hougang,1.3612408551358937,103.88728905469179,Entire home/apt,,92,0,,,2,89,0,
999267804611326098,NEW Central Deluxe 2QB Studio-Somerset/OrchardArea,10248444,1462835470954501673,Recr,Central Region,River Valley,1.29595,103.83791,Entire home/apt,296,1,36,2026-04-16,1.25,64,327,8,Exempt
999758275789912599,Aurealis Serviced Residence 2-Bedroom Seaview,181666720,1468753283591044626,Isabelle,Central Region,Downtown Core,1.2806138,103.8528076,Private room,144,92,0,,,4,290,0,
999764011124437592,Aurealis Serviced Residence 3-Bedroom Seaview,181666720,1468753283591044626,Isabelle,Central Region,Downtown Core,1.2806138,103.8528076,Private room,192,92,0,,,4,280,0,
1001704940131218226,Convenient Cosy City Apartment Room,121666882,1468235311478096274,W.J,Central Region,Downtown Core,1.27993,103.85229,Private room,29,92,2,2025-11-01,0.10,4,184,1,Authorised Serviced Apartment
1001808164427189759,Quiet Studio Apartment Near City,121666882,1468235311478096274,W.J,Central Region,Novena,1.32146,103.83527,Entire home/apt,48,92,2,2026-04-03,0.19,4,164,2,Authorised Serviced Apartment
1003804545207627519,Masteroom (S) @ central imperial,25375339,1465341321925717069,シン,Central Region,Geylang,1.3124389,103.8790786,Private room,25,92,1,2023-12-11,0.03,12,363,0,S3989
1003923515839548471,Studio Suite around Orchard Road,124516401,1468256778633806717,Orchard Point,Central Region,Orchard,1.3011855093912377,103.84121087249146,Entire home/apt,242,6,10,2026-05-30,0.40,8,88,5,Authorised Serviced Apartment
1004652336577626435,1 Executive Suite around Orchard,124516401,1468256778633806717,Orchard Point,Central Region,Orchard,1.3014429350465357,103.84076026137696,Entire home/apt,323,6,0,,,8,88,0,Authorised Serviced Apartment
1004668708355951146,2 Deluxe Suite along Orchard,124516401,1468256778633806717,Orchard Point,Central Region,Orchard,1.3014214829096002,103.8406958883606,Entire home/apt,452,6,6,2026-02-01,0.20,8,88,3,Authorised Serviced Apartment
1004793478536324006,Sleek 1 Bedroom Apartment near ION Orchard,138649185,1462958959957533044,Sidharth,Central Region,Newton,1.30961,103.83787,Entire home/apt,105,92,0,,,215,363,0,Exempt
1007463266235891109,Apartment/bedroom/StudiesKitchen,69005937,1466853091069687752,Keith Lau,Central Region,Geylang,1.315801550709691,103.88574007898569,Entire home/apt,45,92,0,,,2,269,0,
1008596981366079541,Modern Asian Peranakan Gem 3,23874147,1462626987848928686,Adrian,North Region,Woodlands,1.4308302813831546,103.77405026678707,Private room,16,92,3,2025-04-13,0.11,3,118,0,
1008723963440015334,New City Family 2 Beds Studio-Somerset/OrchardArea,46685310,1465699258666896822,Yyin,Central Region,River Valley,1.2949475739942182,103.84020124055996,Entire home/apt,279,6,4,2024-10-11,0.12,71,341,0,Authorised Serviced Apartment
1009310616747753745,Standard Queen Room at CBD,535899829,1470404553250400714,Kam Leng Hotel,Central Region,Kallang,1.3131906,103.8596966,Private room,87,1,70,2026-04-07,2.25,4,363,7,S0218
1009651833336339483,"Single Comfort Room @NUS, NUH, Mrt HawPar (107)",1439258,1462518083181087528,K2Guesthouse,Central Region,Queenstown,1.2814739699710556,103.78670154887101,Private room,93,1,6,2026-03-06,0.20,44,246,2,S0399
1009662020699585686,Clean & Comfy Economy Room @NUSMrt HawPar (107-A),1439258,1462518083181087528,K2Guesthouse,Central Region,Queenstown,1.28118,103.78748,Private room,110,1,12,2025-05-15,0.37,44,218,0,S0399
1011919815635844395,Spacious Long-Term Stay | <5 mins to LRT & MRT,54050593,1465878414741748572,Trahan,North-East Region,Punggol,1.4106763,103.8992188,Private room,24,92,0,,,1,207,0,Exempt
1012662608104053962,resort living to rejuvenate,87517211,1467052064091277601,Kang Tan Seng,East Region,Pasir Ris,1.3706718388653667,103.94577529281378,Private room,26,92,0,,,1,360,0,
1012817610220906302,金莎酒店同款设计师公寓,543922318,1470436061439161479,Ellen,Central Region,Rochor,1.3012768,103.8527895,Private room,27,99,0,,,2,177,0,
1013057108052185979,金莎酒店碧山公寓sky habitat,543922318,1470436061439161479,Ellen,Central Region,Bishan,1.3519024,103.851162,Private room,25,100,0,,,2,267,0,
1015674434767532160,Shophouse Aesthetic 3 BR in River Valley,138649185,1462958959957533044,Sidharth,Central Region,Singapore River,1.2920416884669108,103.84113075304877,Entire home/apt,708,10,2,2023-12-24,0.06,215,259,0,Exempt
1018681234279575609,Hillview condo rooms for expats,10736359,1462848406014908538,Smile,West Region,Bukit Batok,1.36148,103.76692,Private room,15,92,0,,,1,361,0,
1021016464003246425,Classy Premier Room with King bed in city centre,545750991,1470442977327484277,M Hotel Singapore City Centre,Central Region,Downtown Core,1.27392,103.84481,Private room,495,1,0,,,15,364,0,L0031
1021016464222703177,Spacious family room with breakfast in city centre,545750991,1470442977327484277,M Hotel Singapore City Centre,Central Region,Downtown Core,1.27392,103.84481,Private room,555,1,0,,,15,361,0,L0031
1021016479643828150,Classy Premier Twin Bed Room and lounge access,545750991,1470442977327484277,M Hotel Singapore City Centre,Central Region,Downtown Core,1.27392,103.84481,Private room,495,1,0,,,15,345,0,L0031
1021016494182773262,Family room with ample space and in city centre,545750991,1470442977327484277,M Hotel Singapore City Centre,Central Region,Downtown Core,1.27392,103.84481,Private room,500,1,0,,,15,363,0,L0031
1021016496690681763,Central and spacious Deluxe Queen room in CBD,545750991,1470442977327484277,M Hotel Singapore City Centre,Central Region,Downtown Core,1.27392,103.84481,Private room,230,1,14,2026-05-22,0.93,15,351,9,L0031
1021016511276559526,Stylish Deluxe Twin Bed room in city centre,545750991,1470442977327484277,M Hotel Singapore City Centre,Central Region,Downtown Core,1.27392,103.84481,Private room,230,1,1,2025-11-14,0.13,15,341,1,L0031
1021016519344090646,Premier Family room with Hollywood Twin Beds,545750991,1470442977327484277,M Hotel Singapore City Centre,Central Region,Downtown Core,1.27392,103.84481,Private room,425,1,0,,,15,364,0,L0031
1021016528440696755,Premier King Bed room in city centre,545750991,1470442977327484277,M Hotel Singapore City Centre,Central Region,Downtown Core,1.27392,103.84481,Private room,320,1,2,2025-08-22,0.13,15,357,1,L0031
1021016532753376517,Premier Twin bed room in city centre,545750991,1470442977327484277,M Hotel Singapore City Centre,Central Region,Downtown Core,1.27392,103.84481,Private room,320,1,1,2024-11-28,0.05,15,357,0,L0031
1021016542430364492,Luxury Suite room with King Bed in city centre,545750991,1470442977327484277,M Hotel Singapore City Centre,Central Region,Downtown Core,1.27392,103.84481,Private room,635,1,0,,,15,364,0,L0031
1021023258297618133,Well-appointed with 40-in TV and free WiFi,545752783,1470442985158880691,Orchard Hotel Singapore,Central Region,Orchard,1.3075322,103.8286,Private room,300,1,0,,,10,361,0,L0016
1021024204303173232,"Signature Queen Room in Havelock, 10 mins to train",545753012,1470442985908432931,Copthorne King's Hotel,Central Region,Singapore River,1.28829,103.83662,Private room,135,1,10,2025-09-29,0.41,5,335,2,L0015
1021695586762269747,King or Twin Guest Room Near CBD,535899829,1470404553250400714,Kam Leng Hotel,Central Region,Kallang,1.3131906,103.8596966,Private room,108,1,5,2025-02-28,0.16,4,358,0,S0562
1023867600592669423,Modern spacious bedroom,38934778,1465581670060999387,Ian,Central Region,Bishan,1.35258,103.83484,Private room,20,92,0,,,2,268,0,
1025026081961403901,Room for rent near NTU Singapore.3,507286696,1470280332554692925,Lok,West Region,Jurong West,1.35254,103.69624,Private room,,92,0,,,3,28,0,
1025281098926073017,Room for rent near NTU Singapore. 2,507286696,1470280332554692925,Lok,West Region,Western Water Catchment,1.35311,103.6963,Private room,,92,0,,,3,90,0,
1025588886070864385,Two-Bedroom Executive Pan Pacific Serviced Suites,225641992,1469199234382758341,David,Central Region,Orchard,1.3008948,103.837887,Entire home/apt,,6,8,2025-07-01,0.29,6,0,0,Authorised Serviced Apartment
1026566692577227079,Home sweet home @Cuppa St.Nicks,22629601,1462621986753149068,Lawrence,North-East Region,Ang Mo Kio,1.37443,103.83239,Private room,,92,0,,,1,269,0,Exempt
1028010248386268173,Beautiful Brand New Condo,7636297,1462561774127196089,Vincent,Central Region,Queenstown,1.2871398305879562,103.79248436137695,Entire home/apt,103,92,0,,,1,269,0,
1028259379953152956,Serviced Apartment in Singapore,111265991,1467345071288911512,Andy,North-East Region,Hougang,1.3612727258676356,103.88686912278442,Entire home/apt,101,92,0,,,1,269,0,Authorised Serviced Apartment
1028657682241218368,"Heritage Vibes in 2BR, River Valley, Singapore",138649185,1462958959957533044,Sidharth,Central Region,River Valley,1.29276,103.83909,Entire home/apt,112,90,1,2024-02-13,0.03,215,363,0,Authorised Serviced Apartment
1028744175173907229,"Luxury & Newly-built 2BR@Westside, Singapore",138649185,1462958959957533044,Sidharth,Central Region,Queenstown,1.2888,103.79124,Entire home/apt,112,92,0,,,215,362,0,
1029639025854534584,Family suite with King and Twin bed in city centre,545750991,1470442977327484277,M Hotel Singapore City Centre,Central Region,Downtown Core,1.27392,103.84481,Private room,825,1,0,,,15,348,0,L0031
1032561593915196286,Cozy Flat 2 @ Jurong West Near NTU,252091822,1469335778921546015,Liu,West Region,Jurong West,1.3381306500852665,103.69306828826666,Private room,,96,4,2024-03-11,0.13,5,269,0,Exempt
1033745170137385524,NEW City Cozy Loft Studio Apt-Somerset/OrchardArea,109333133,1467323641148121220,Pat,Central Region,River Valley,1.2967611103209047,103.84020811187469,Entire home/apt,335,1,30,2026-02-14,0.97,73,237,5,Exempt
1034830511655003002,Peaceful home in the city,65541338,1466810456997282934,Yeo,Central Region,Museum,1.2993974049457393,103.84903996044598,Private room,40,92,0,,,1,178,0,
1036002951580641037,Standard Queen Studio,101145755,1462873233039789306,Yulie,Central Region,Marine Parade,1.300762,103.901126,Private room,250,1,6,2026-05-02,0.23,19,176,1,S0554
1036006273523988553,Tranquil Residence| The Mayfair Condo| Jurong East,300765938,1463413945351002296,Xacco,West Region,Jurong East,1.345919501218741,103.73192976673593,Entire home/apt,99,92,0,,,52,269,0,
1037562150704397889,2 bedroom Bugis/Cityhall/Suntec,549099499,1470456238257764081,Ji,Central Region,Downtown Core,1.2976644769640346,103.85638531297445,Entire home/apt,117,92,0,,,1,263,0,
1039628026138598190,New Deluxe Cozy Loft Studio -Somerset/Orchard Area,46685310,1465699258666896822,Yyin,Central Region,River Valley,1.2950809879647507,103.84004551481395,Entire home/apt,306,1,24,2026-03-28,0.98,71,318,15,Exempt
1040949271672193125,"1-4pax Entire Apt 7mins MRT,  Airport, Jewel & MBS",461973800,1463759986136024491,Ruth Mandy,East Region,Bedok,1.31827,103.91118,Entire home/apt,39,92,2,2026-06-07,0.08,2,360,1,
1041089083978668521,New Comfy Room Suite/ WIFI @ Orchard/Somerset Area,61619807,1466758242935516070,Ong,Central Region,River Valley,1.2965804998911405,103.83927502348844,Private room,141,6,6,2025-02-02,0.20,60,334,0,Authorised Serviced Apartment
1043856635673230660,City Cozy Studio Apt/WIFI-Somerset/OrchardArea,46685310,1465699258666896822,Yyin,Central Region,River Valley,1.2963054186917324,103.83984629517012,Entire home/apt,292,1,3,2026-05-28,0.59,71,341,3,Exempt
1045254053769028094,"Chinatown: Room with 4 beds, 1 min walk to MRT",337002461,1469653973995689403,Rucksack Inn SG,Central Region,Outram,1.28231,103.84474,Private room,169,1,48,2026-06-04,1.87,18,347,25,S0506
1045315723123738903,"Chinatown: Room with 6 beds, 1 min walk to MRT",337002461,1469653973995689403,Rucksack Inn SG,Central Region,Outram,1.2824130306618797,103.84301517945542,Private room,223,1,69,2026-05-23,2.87,18,349,36,S0506
1045618595860407671,Premier Club King Waterfront Room In River Valley,524793962,1470360730769815633,Grand Copthorne Waterfront,Central Region,Singapore River,1.2900873,103.8353025,Private room,545,1,0,,,14,364,0,L0051
1045810568104700436,Casablanca Condo Studio Room,33399249,1465488777632867064,Lestario,North Region,Woodlands,1.4300408,103.7855397,Private room,30,92,0,,,4,364,0,Authorised Serviced Apartment
1045810854593854682,Casablanca Condo Common Room,33399249,1465488777632867064,Lestario,North Region,Woodlands,1.4300408,103.7855397,Private room,21,92,0,,,4,364,0,Authorised Serviced Apartment
1046085493906355076,Modern Loft-Style Living,33399249,1465488777632867064,Lestario,Central Region,Newton,1.3104941771279073,103.83339792431593,Entire home/apt,87,92,0,,,4,364,0,Authorised Serviced Apartment
1047435412003416811,JJH Serviced Apartments,551176650,1470464463196618295,Louis,North-East Region,Serangoon,1.3475764658613485,103.87196796882372,Private room,354,6,1,2025-10-08,0.11,2,270,1,Authorised Serviced Apartment
1049770102565848612,KK Home - Bugis Service Apartment Suite,551640139,1470466197246781557,Jun,Central Region,Downtown Core,1.2973228073370933,103.85640786818229,Entire home/apt,90,92,1,2024-10-17,0.05,3,270,0,Exempt
1050224923872590371,The Crest Condo,551753961,1470466688581633530,Zhenzhu,Central Region,Bukit Merah,1.29207,103.82003,Private room,11,180,0,,,1,269,0,
1050384755676077507,Deluxe Queen - Pet Friendly,101145755,1462873233039789306,Yulie,Central Region,Marine Parade,1.3010118811174416,103.90000361772353,Private room,200,6,3,2026-02-13,0.10,19,184,2,S0554
1050388321010357150,Standard King Studio,101145755,1462873233039789306,Yulie,Central Region,Marine Parade,1.3016421628375798,103.8999375221194,Private room,280,1,6,2025-04-21,0.21,19,184,0,S0554
1051126791807999318,Private Studio Space Near The East Coast,138649185,1462958959957533044,Sidharth,Central Region,Marine Parade,1.300288637153759,103.90210042687508,Entire home/apt,77,92,0,,,215,269,0,Exempt
1051170933407727632,King Studio In Marina Parade,138649185,1462958959957533044,Sidharth,Central Region,Marine Parade,1.3017586809467396,103.90148788714569,Entire home/apt,73,92,0,,,215,269,0,Exempt
1051186690382873378,Studio King Apartment In Vibrant Marina Parade,138649185,1462958959957533044,Sidharth,Central Region,Marine Parade,1.29966,103.90133,Entire home/apt,82,92,0,,,215,269,0,Exempt
1051205953953722762,Combined Dual Studios In East Coast,138649185,1462958959957533044,Sidharth,Central Region,Marine Parade,1.3010443979643558,103.90200716035903,Entire home/apt,110,92,0,,,215,269,0,Exempt
1051844503970967768,Homely Studio Near River Valley & Orchard,138649185,1462958959957533044,Sidharth,Central Region,River Valley,1.297013695408688,103.83636414611237,Entire home/apt,284,6,0,,,215,269,0,Exempt
1051874859376252326,Devonshire Studio Apartment With Balcony,138649185,1462958959957533044,Sidharth,Central Region,River Valley,1.299105445436715,103.83707116229903,Entire home/apt,313,6,0,,,215,269,0,Exempt
1051894013258541747,Hassle Free Stay In This One Bedroom Near Orchard,138649185,1462958959957533044,Sidharth,Central Region,River Valley,1.2970973989932302,103.8371368710243,Entire home/apt,365,6,0,,,215,269,0,Exempt
1051912453094168650,One Bed With Spacious Balcony On Devonshire Road,138649185,1462958959957533044,Sidharth,Central Region,River Valley,1.29926,103.83686,Entire home/apt,422,6,0,,,215,269,0,Exempt
1051926816739724054,Super Studio Apartment With Gym,138649185,1462958959957533044,Sidharth,Central Region,River Valley,1.2974533181859411,103.83840969667055,Entire home/apt,341,6,0,,,215,269,0,Exempt
1052505901191091205,Room4B (S) Thomson Terrace House,25375339,1465341321925717069,シン,Central Region,Bishan,1.3530164133119484,103.83355893245461,Private room,21,92,0,,,12,364,0,S1234
1056991156987830405,大阳台一室整租Bugis市中心武吉士,551640139,1470466197246781557,Jun,Central Region,Downtown Core,1.2981508384272622,103.85690499097109,Entire home/apt,,92,1,2024-04-13,0.04,3,0,0,Exempt
1057135157487651057,KK Home - Bugis Service Apartment Suite（Balcony）,551640139,1470466197246781557,Jun,Central Region,Downtown Core,1.2970220590752173,103.85809209901609,Entire home/apt,,92,0,,,3,0,0,Exempt
1058437876099408422,Master Room with private bath at Newton 21,5426937,1462680555181485453,Linnike,Central Region,Novena,1.3152312198950984,103.84145919396236,Private room,31,92,0,,,1,231,0,
1061349306448633698,A perfect place for your stay,38402401,1465574525074743913,Sam,Central Region,Kallang,1.29467,103.8665,Private room,38,92,0,,,1,269,0,
1063475665593160339,Central Room with Landmark Views,554979747,1470478149370312115,Mary,Central Region,Downtown Core,1.28963,103.8494,Private room,,92,0,,,1,0,0,
1066283876987607462,Spacious Room 1 @ Jurong West Near NTU,252091822,1469335778921546015,Liu,West Region,Jurong West,1.33835,103.69199,Private room,36,96,0,,,5,269,0,Authorised Serviced Apartment
1066313517033859330,Spacious Room  2 @ Jurong West Near NTU,252091822,1469335778921546015,Liu,West Region,Jurong West,1.33886,103.69416,Private room,33,92,0,,,5,363,0,
1068419620186966968,"Private Rm 2 in Chinatown, 1 min from MRT",323810058,1469614883108112837,D,Central Region,Outram,1.28096,103.84595,Private room,85,1,75,2026-06-09,2.54,2,26,38,S0496
1068813918482991779,Cozy Flat 3  @ Jurong West Near NTU,252091822,1469335778921546015,Liu,West Region,Jurong West,1.33733,103.69251,Private room,32,93,0,,,5,269,0,Authorised Serviced Apartment
1069978242571647934,NEW Cozy Studio/ Balcony-Somerset/Orchard Area,109333133,1467323641148121220,Pat,Central Region,River Valley,1.29626,103.84011,Entire home/apt,238,1,2,2026-05-24,0.07,73,264,1,Exempt
1070081552859391917,Newly Renovated Service Apt - Penhas Luxe Rm,544525434,1470438560161729721,Hou,Central Region,Kallang,1.3106877764813576,103.8634439947776,Private room,169,6,0,,,5,267,0,Authorised Serviced Apartment
1070092240469943101,Newly Renovated Service Apt - Penhas Std Rm,544525434,1470438560161729721,Hou,Central Region,Kallang,1.3107815776827225,103.86334243529504,Private room,119,6,3,2024-03-17,0.10,5,87,0,Authorised Serviced Apartment
1070100450728059767,Newly Renovated Service Apt - Tank Rd Studio,544525434,1470438560161729721,Hou,Central Region,Museum,1.2939312,103.8429251,Entire home/apt,210,6,0,,,5,246,0,Authorised Serviced Apartment
1070106377457021814,Newly Renovated Service Apt - Tank Road Luxe+ Rm,544525434,1470438560161729721,Hou,Central Region,Museum,1.293279694777432,103.84400752952335,Private room,176,6,0,,,5,261,0,Authorised Serviced Apartment
1070110927076925837,Newly Renovated Service Apt - Tank Rd Luxe Rm,544525434,1470438560161729721,Hou,Central Region,Museum,1.2939312,103.8429251,Private room,153,6,0,,,5,267,0,Authorised Serviced Apartment
1071539334294170511,Cozy and Convenient Geylang Flat,557204240,1470490114568232607,David,Central Region,Geylang,1.3174647516184965,103.89765948057175,Private room,38,92,0,,,1,364,0,
1072006172877875466,1 Bedroom with en-suite bath,557338546,1470491089273820296,Raj,Central Region,Tanglin,1.314409741553002,103.82837790185386,Private room,44,92,0,,,1,178,0,
1072103225928678611,Cozy & Elegant Private Studio Apartment Unit,193819283,1469009059431589959,Leon,Central Region,Kallang,1.3169361604013874,103.8531555980444,Entire home/apt,168,6,20,2026-05-09,0.71,7,109,3,Authorised Serviced Apartment
1072406494380722661,Furnished 2 bed 2 bath apartment,2911362,1462612240123542470,Jean,West Region,Bukit Panjang,1.3708659,103.7769568,Entire home/apt,66,92,0,,,1,269,0,
1072976465653153715,Cozy & Elegant Private Studio Apartment Unit 3,193819283,1469009059431589959,Leon,Central Region,Kallang,1.315829666787469,103.85404831076474,Entire home/apt,149,6,18,2026-05-24,0.63,7,188,7,Authorised Serviced Apartment
1074445824379877735,Luxury 2 Bedroom Apartment In Orchard,138649185,1462958959957533044,Sidharth,Central Region,Orchard,1.3038844292951943,103.83362640832097,Entire home/apt,768,6,0,,,215,363,0,Exempt
1076009520742021280,Standard 2 Bed-Room Near CBD,535899829,1470404553250400714,Kam Leng Hotel,Central Region,Kallang,1.3131906,103.8596966,Private room,91,1,8,2025-04-13,0.28,4,358,0,S0562
1077066160280158672,Your Capsule Pod in Singapore (FP-API-401),50158481,1465766722666010133,Dream Lodge,Central Region,Kallang,1.3101192560636532,103.85814105211489,Shared room,35,1,670,2026-06-14,23.10,5,347,216,S0581
1078065199981407191,Spacious master room in CBD area,108476315,1467314229704867172,Jane,Central Region,River Valley,1.2983871,103.8397303,Private room,,92,0,,,3,0,0,
1079631978496385968,rate negotiations.Hourly/daily,394083981,1469818891481996958,Cosmina,West Region,Clementi,1.31159,103.75237,Entire home/apt,21,92,0,,,1,269,0,
1080251577819735170,"Duplex 1 bed in Clark Quay, Singapore",138649185,1462958959957533044,Sidharth,Central Region,Singapore River,1.29296,103.84359,Entire home/apt,94,92,0,,,215,363,0,Exempt
1080252514972352578,Premier Room in Rochester Singapore,138649185,1462958959957533044,Sidharth,Central Region,Queenstown,1.3056424884989881,103.78843775089358,Entire home/apt,181,92,0,,,215,363,0,Exempt
1081406657498050218,"Private Rm 1  in Chinatown, 1 min from MRT",323810058,1469614883108112837,D,Central Region,Downtown Core,1.2804587201274609,103.84591750281758,Private room,80,1,95,2026-06-06,3.31,2,18,25,S0496
1081488862927378833,Eco Standard Queen (No Cleaning),494593479,1470226417500299011,Kelvin,Central Region,Outram,1.2842078,103.8443301,Private room,221,1,0,,,7,230,0,M0056
1081595576755594103,Luxury Private Condo in Katong!,459658024,1470069635674319645,Nic,Central Region,Marine Parade,1.30241,103.89797,Private room,85,92,0,,,1,180,0,Authorised Serviced Apartment
1081613865922147868,Perfect Private Stay,193819283,1469009059431589959,Leon,Central Region,Kallang,1.3165442146833362,103.85196673165588,Entire home/apt,179,6,8,2026-02-22,0.28,7,234,2,Authorised Serviced Apartment
1085329954814098268,"Penthouse@NUS & Insead, Private Bath, Park Access",14772745,1462946535300491634,⁨Lí (Dawn)⁩,Central Region,Queenstown,1.2811659,103.789735,Private room,37,92,2,2025-05-05,0.10,1,212,0,
1085886931988562621,Aesthetic 1 bed in Science Park Singapore,138649185,1462958959957533044,Sidharth,Central Region,Queenstown,1.2904849,103.7886239,Entire home/apt,157,92,0,,,215,363,0,Exempt
1086056218918063408,Mayfair Marvel: Master Suite,300765938,1463413945351002296,Xacco,West Region,Jurong East,1.3462838667483732,103.73263743612581,Private room,,92,0,,,52,269,0,Exempt
1086646221902770506,Queen's Quarters: Peaceful Haven | Mayfair Condo,300765938,1463413945351002296,Xacco,West Region,Jurong East,1.34639,103.73225,Private room,,92,0,,,52,269,0,
1087226058736958732,New City Compact Loft Studio-Somerset/Orch. Area,10248444,1462835470954501673,Recr,Central Region,River Valley,1.294903823195066,103.83949771837698,Entire home/apt,181,1,25,2026-05-22,0.87,64,356,4,Exempt
1087355182967803186,Twin Delight: Two Beds in Stylish Mayfair Condo,300765938,1463413945351002296,Xacco,West Region,Jurong East,1.34458,103.73395,Private room,,92,0,,,52,269,0,
1087399824733854992,NEW Compact Studio Apt/WIFi @Somerset/Orchard Area,10248444,1462835470954501673,Recr,Central Region,River Valley,1.29495,103.83798,Entire home/apt,185,6,13,2026-05-01,0.50,64,321,6,Authorised Serviced Apartment
1087695893758398925,Parc Riviera Perfection| Master Suite| West Coast,300765938,1463413945351002296,Xacco,West Region,Clementi,1.32125,103.75425,Private room,45,92,0,,,52,269,0,
1087712071172259549,Chic Comfort: Queen Room in Parc Riviera Condo,300765938,1463413945351002296,Xacco,West Region,Clementi,1.31953,103.75288,Private room,30,92,0,,,52,269,0,
1087721017567715315,Tranquility Base: Queen Suite| Parc Riviera Haven,300765938,1463413945351002296,Xacco,West Region,Clementi,1.3197825770283131,103.75414448886897,Private room,30,92,0,,,52,269,0,
1090844127265331476,Comfy Room Suitew WIFI @ Somerset/Orchard Area,10248444,1462835470954501673,Recr,Central Region,River Valley,1.2964956177798124,103.83882865955113,Private room,178,6,13,2025-12-17,0.56,64,314,4,Authorised Serviced Apartment
1090879887751460581,New Easy Access Room Suite -Orchard/Somerset Area,10248444,1462835470954501673,Recr,Central Region,River Valley,1.29457,103.8391,Private room,148,6,0,,,64,329,0,Authorised Serviced Apartment
1090941645170098677,"Premium Studio Apartment, near MRT",238891646,1463258524593591157,Neha,Central Region,Bukit Merah,1.290196081911203,103.83028309215531,Entire home/apt,331,6,0,,,131,269,0,Exempt
1090956211361932959,Easy Access Cozy Room /Wi-Fi @ City/Somerset Area,10248444,1462835470954501673,Recr,Central Region,River Valley,1.2949441182522352,103.8402929364583,Private room,142,6,19,2025-11-05,0.81,64,331,3,Authorised Serviced Apartment
1092355175257121879,City Compact Loft Studio-Somerset/Orchard Area,61619807,1466758242935516070,Ong,Central Region,River Valley,1.29674,103.8381,Entire home/apt,172,1,12,2026-04-15,0.55,60,352,9,Exempt
1092420222696104820,New Comfy Room Suite /Wifi @ Orchard/Somerset Area,109333133,1467323641148121220,Pat,Central Region,River Valley,1.2954572113430904,103.84055078168556,Private room,148,6,2,2024-09-16,0.07,73,235,0,Authorised Serviced Apartment
1093034320018826313,Cozy Deluxe Studio w Balcony-Somerset/Orchard Area,61619807,1466758242935516070,Ong,Central Region,River Valley,1.29515,103.83819,Entire home/apt,210,1,0,,,60,354,0,Exempt
1093106707528615883,"Master Room, The Sail Marina Bay",17252899,1463005757290373204,Daniel,Central Region,Downtown Core,1.2809250268517594,103.8526151329279,Private room,37,92,0,,,1,360,0,
1093201345960372692,(2 mins to MRT) RM 2: 8-Bed Family Room,313008662,1469588415021320106,Derrick,Central Region,Geylang,1.31708,103.88263,Private room,306,1,8,2025-12-12,0.29,4,229,1,S0249
1094643941670619897,New condo master room in 2ND CBD,124827904,1468259384765992888,Lucy,West Region,Jurong East,1.3354802815739673,103.74234492327884,Private room,42,92,0,,,2,364,0,
1095915705707549520,Staycation @ My Queen (III) with Photoshoot,38753656,1465579297508860274,Mary,Central Region,Southern Islands,1.2538359662412726,103.82061718533467,Private room,87,92,6,2024-11-04,0.21,2,270,0,Authorised Serviced Apartment
1096415550767937134,Tropical Bungalow Escape,74054288,1466912209450982593,Sam,North-East Region,Punggol,1.4163108748569482,103.90584021806717,Private room,65,92,0,,,1,267,0,Exempt
1096779373050532049,1 Bedroom apartment near MRT for long stays,238891646,1463258524593591157,Neha,Central Region,Queenstown,1.2972547997732948,103.80441226873768,Entire home/apt,95,90,0,,,131,363,0,Authorised Serviced Apartment
1098162437587327203,New Charming 2QB Cozy Studio @ City/Somerset Area,10248444,1462835470954501673,Recr,Central Region,River Valley,1.29685,103.83834,Entire home/apt,262,6,5,2026-01-09,0.24,64,337,1,Authorised Serviced Apartment
1098225296145900661,Ann Siang Studio,23336011,1465271884616547411,Heritage,Central Region,Outram,1.2809318,103.8457579,Private room,194,6,0,,,71,264,0,Authorised Serviced Apartment
1098242809370122967,Ann Siang Two Bedroom,23336011,1465271884616547411,Heritage,Central Region,Outram,1.2809318,103.8457579,Private room,263,6,52,2026-05-03,1.90,71,324,31,Authorised Serviced Apartment
1098253414973472403,Ann Siang Studio (Skylight),23336011,1465271884616547411,Heritage,Central Region,Outram,1.2809318,103.8457579,Private room,168,6,7,2026-03-30,0.25,71,316,3,Authorised Serviced Apartment
1098269698956537803,1 New Charming 2QB Cozy Studio@ City/Somerset Area,109333133,1467323641148121220,Pat,Central Region,River Valley,1.2966314777758041,103.83828354765933,Entire home/apt,297,1,18,2026-06-12,0.67,73,323,12,Exempt
1098296033118804249,Ann Siang Two Bedroom Deluxe,23336011,1465271884616547411,Heritage,Central Region,Outram,1.2809318,103.8457579,Private room,328,6,5,2026-05-25,0.22,71,297,2,Authorised Serviced Apartment
1106126075328872479,"2 bedroom apartment in Eunos, Singapore w balcony",47355824,1465713969024619926,Rolf,East Region,Bedok,1.3183584,103.9060988,Entire home/apt,,92,0,,,2,37,0,
1107011362652698703,Spacious Private Studio Unit,193819283,1469009059431589959,Leon,Central Region,Kallang,1.3166755212971926,103.85213047701501,Entire home/apt,179,6,10,2026-02-23,0.38,7,166,3,Authorised Serviced Apartment
1107018143815630482,Budget-friendly Private Unit,193819283,1469009059431589959,Leon,Central Region,Kallang,1.3169362,103.8531556,Entire home/apt,141,6,24,2026-03-14,0.89,7,241,5,Authorised Serviced Apartment
1107038712991316166,Spacious Studio Apartment,193819283,1469009059431589959,Leon,Central Region,Kallang,1.3169362,103.8531556,Entire home/apt,183,6,41,2026-06-02,1.74,7,167,23,Authorised Serviced Apartment
1107041089260455714,Holland Escape,552370998,1470468968403820605,Daryl,Central Region,Queenstown,1.3130593688427985,103.79346806555986,Entire home/apt,55,92,0,,,1,269,0,Exempt
1108311518263138063,Cozy Japandi Studio Near Nature,25850084,1462635139834552316,Lyra,Central Region,Bukit Merah,1.2791972696141167,103.81878359724253,Entire home/apt,18,183,0,,,1,364,0,
1109204923733549481,2 mins to lakeside MRT,37964493,1462676943496689143,Kingsley,West Region,Jurong West,1.3447307629612595,103.71846579015255,Private room,19,92,1,2024-11-17,0.05,6,270,0,
1110520851167104665,1 bedroom apartment near Queenstown MRT,238891646,1463258524593591157,Neha,Central Region,Queenstown,1.2966654811217802,103.80443554721529,Entire home/apt,91,92,1,2024-12-15,0.05,131,269,0,Authorised Serviced Apartment
1111968577417203132,"Cozy Room, Great Location | 20 mins to City Centre",21395306,1463154154065237502,Garedine,North-East Region,Punggol,1.4035682827419995,103.90390547301635,Private room,,92,0,,,1,178,0,
1115458557750785878,Sky world common room,17364350,1462602143872985711,Soon,Central Region,Downtown Core,1.2742751369103977,103.84470798075199,Private room,35,92,0,,,2,269,0,
1115481363250202384,Skyworld master room,17364350,1462602143872985711,Soon,Central Region,Downtown Core,1.2748853274826195,103.84557617299319,Private room,,100,0,,,2,363,0,
1115798287631925053,Shophouse loft near the center,10713442,1462847848293819969,Michal,Central Region,Kallang,1.3159562,103.8541931,Entire home/apt,81,92,0,,,1,269,0,
1116249575868557122,1. Cozy 2QB Studio Apt @ Somerset/Orchard Area,46685310,1465699258666896822,Yyin,Central Region,River Valley,1.29611,103.83964,Entire home/apt,146,29,2,2024-04-30,0.07,71,326,0,Exempt
1116355253405282454,Studio,489662839,1463824448925924586,Yc,Central Region,Geylang,1.31557,103.88839,Entire home/apt,,365,0,,,3,0,0,
1116460949024167664,The Aberdeen,300765938,1463413945351002296,Xacco,Central Region,Kallang,1.3245686461283557,103.86624306578531,Entire home/apt,132,92,0,,,52,269,0,
1117257165555960868,"City views 2BR in District 9, Orchard Singapore",138649185,1462958959957533044,Sidharth,Central Region,Newton,1.30873,103.83047,Entire home/apt,174,92,2,2024-08-17,0.08,215,363,0,Exempt
1120764409959358945,Easy Access 2 Beds Studio Apt-Somerset/OrchardArea,10248444,1462835470954501673,Recr,Central Region,River Valley,1.2967725233505862,103.83919799082362,Entire home/apt,261,6,5,2026-05-30,0.21,64,349,2,Authorised Serviced Apartment
1120855427780055433,NEW Downtown Cozy Studio Apt-Somerset/Orchard Area,10248444,1462835470954501673,Recr,Central Region,River Valley,1.29681,103.84012,Entire home/apt,205,1,11,2025-09-24,0.46,64,326,2,Exempt
1120883289538559724,Sentosa 5 star hotel ORA,538385739,1470414311414366544,Steven,Central Region,Southern Islands,1.256380452114998,103.82120881562146,Private room,417,1,26,2026-02-26,1.10,2,180,15,S3688
1122389407600886722,New Premium Comfy Studio Apt-Somerset/Orchard Area,109333133,1467323641148121220,Pat,Central Region,River Valley,1.2961027502742635,103.8382303152839,Entire home/apt,226,6,5,2025-12-05,0.21,73,253,2,Authorised Serviced Apartment
1122405444122215497,New Cozy Deluxe Studio/Balcony-Somerset/City Area,109333133,1467323641148121220,Pat,Central Region,River Valley,1.2945790789703664,103.84020231064855,Entire home/apt,220,1,7,2024-11-22,0.30,73,261,0,Exempt
1125003659029367061,"2 bedroom apartment in Eunos, Singapore, pool view",47355824,1465713969024619926,Rolf,East Region,Bedok,1.3183584,103.9060988,Entire home/apt,50,92,0,,,2,360,0,
1125061311682323382,(2 mins to MRT) RM 1: 6-Bed Family Room,313008662,1469588415021320106,Derrick,Central Region,Geylang,1.3173,103.88331,Private room,247,1,42,2026-06-05,1.58,4,231,20,S0249
1125882563677665360,One-Bedroom in Singapore,291243757,1463395960793883175,JJH Serviced Apartment,North-East Region,Serangoon,1.34737,103.87078,Private room,180,1,0,,,4,22,0,S0532
1126421826112076000,"Downtown: 1 Bed in 10 Mix Dorm, 5 min walk to MRT",337002461,1469653973995689403,Rucksack Inn SG,Central Region,Kallang,1.31177,103.86107,Shared room,29,1,97,2026-06-05,3.68,18,355,50,S0485
1126432655750314919,"Downtown: 1 Bed in 4 Mix Dorm, 5 mins walk to MRT",337002461,1469653973995689403,Rucksack Inn SG,Central Region,Kallang,1.31329,103.85929,Shared room,52,1,13,2026-03-16,0.49,18,352,5,S0485
1126441295278848052,"Downtown: 1 Bed in 6 Mix Dorm, 5 mins walk to MRT",337002461,1469653973995689403,Rucksack Inn SG,Central Region,Kallang,1.31361,103.85924,Shared room,36,1,24,2026-06-25,0.90,18,363,15,S0485
1126447135198317376,"Downtown: Bed in 6 Female Dorm, 5 mins walk to MRT",337002461,1469653973995689403,Rucksack Inn SG,Central Region,Kallang,1.3136897037195547,103.8612571656448,Shared room,40,1,23,2026-04-24,0.88,18,362,11,S0485
1126559763253932251,"Chinatown: 1 Bed in 4 Mix Dorm, 1 min walk to MRT",337002461,1469653973995689403,Rucksack Inn SG,Central Region,Outram,1.2827,103.84441,Shared room,40,1,30,2025-11-19,1.12,18,348,2,S0506
1126795875691814261,Hillview MRT Condo 1 bedroom,50612894,1465775878025284823,Charles,West Region,Bukit Batok,1.35875,103.76555,Private room,41,92,0,,,1,363,0,
1127120740050488165,"Chinatown: 1 Bed in 6 Mix Dorm, 1 min walk to MRT",337002461,1469653973995689403,Rucksack Inn SG,Central Region,Outram,1.2836421112611602,103.84264611075069,Shared room,33,1,128,2026-06-17,4.79,18,358,35,S0506
1127125314999238003,"Chinatown: 1 Bed in 8 Mix Dorm, 1 min walk to MRT",337002461,1469653973995689403,Rucksack Inn SG,Central Region,Outram,1.2843616723940978,103.84333434536616,Shared room,29,1,16,2026-05-27,0.59,18,328,5,S0506
1127129255987380110,"Chinatown: 1 Bed in 10 Mix Dorm, 1 min walk to MRT",337002461,1469653973995689403,Rucksack Inn SG,Central Region,Outram,1.2842433466963188,103.84327304253706,Shared room,35,1,33,2026-01-22,1.24,18,333,6,S0506
1127134859913654007,"Chinatown: 1 in 6 Female Dorm, 1 min walk to MRT",337002461,1469653973995689403,Rucksack Inn SG,Central Region,Outram,1.2843,103.84391,Shared room,29,1,15,2026-05-06,0.57,18,350,3,S0506
1128102942748486025,The Plaza Unit With Great View,21391334,1463154024775484817,Joseph,Central Region,Kallang,1.29898,103.86166,Private room,,92,0,,,1,91,0,
1128801796780562038,Big Ensuite Room in Landed Area,7620983,1462736837914668414,"Gesan, Sharm & Gautham",East Region,Bedok,1.3145912,103.9182451,Private room,24,92,0,,,1,361,0,
1128950382253404567,2 Bedrooms~Close to 4 MRT Stations~Lovely Pool,57612875,1462737753920001790,Ray,Central Region,Rochor,1.2993873541395093,103.85131202996887,Entire home/apt,102,92,16,2024-07-21,0.61,1,364,0,Authorised Serviced Apartment
1129474068512383673,Apartment at central,89725954,1467086784966652876,Eeling,Central Region,Tanglin,1.2934162980453194,103.826388845926,Private room,59,92,0,,,1,269,0,
1130188549747669861,Luxurious Queen Sized Room with ensuite toilet,8978331,1462791804092201741,Jane,East Region,Bedok,1.31986,103.92701,Private room,25,92,0,,,11,305,0,
1130403897914167448,(2 mins to MRT) RM 2: 6-Bed Family Room,313008662,1469588415021320106,Derrick,Central Region,Geylang,1.31536,103.88256,Private room,247,1,24,2026-06-01,0.96,4,228,15,S0249
1132723839482169367,"Private, Quiet, 0 sharing room",5685222,1462686848620427755,Shao Xun,West Region,Choa Chu Kang,1.39188,103.75188,Private room,22,92,0,,,1,269,0,
1132956624704206292,2 bedroom spacious unit,238891646,1463258524593591157,Neha,Central Region,Bukit Timah,1.3327654480054667,103.78781013661025,Entire home/apt,140,92,0,,,131,269,0,Exempt
1133126746608552480,Cozy & Elegant Private Studio Apartment Unit 5,193819283,1469009059431589959,Leon,Central Region,Kallang,1.3169362,103.8531556,Entire home/apt,149,6,14,2026-06-13,0.55,7,168,7,Authorised Serviced Apartment
1133915070063689817,New Cental Cozy 2 Beds Studio-Somerset/City Area,61619807,1466758242935516070,Ong,Central Region,River Valley,1.296760856154592,103.8396715284038,Entire home/apt,286,6,10,2025-10-17,0.50,60,342,4,Authorised Serviced Apartment
1138036706054523548,Restful room on heritage street,4725831,1462664225403501873,Adeline,Central Region,Marine Parade,1.307552540733721,103.90570959465273,Private room,60,92,1,2024-09-23,0.05,2,269,0,Exempt
1138151240438377785,New City Cozy Studio/Balcony@ Somerset/OrchardArea,61619807,1466758242935516070,Ong,Central Region,River Valley,1.2959,103.84004,Entire home/apt,213,1,1,2026-05-24,0.81,60,352,1,Exempt
1141680436397532183,Modern central subway apartment,573953309,1470567180201081977,Jan,Central Region,Bukit Merah,1.29104,103.81705,Private room,46,92,0,,,2,363,0,
1141730617803722380,Downtown Core Room MRT at doorstep,573953309,1470567180201081977,Jan,Central Region,Bukit Merah,1.28946,103.81885,Private room,48,92,0,,,2,362,0,
1141836308969291531,Comfortable apartment near town,121666882,1468235311478096274,W.J,Central Region,Novena,1.31957,103.83567,Entire home/apt,53,92,1,2025-01-27,0.06,4,231,0,
1142759783174433363,3 Bedroom Penthouse in Orchard,462493313,1470083706821714841,Zz,Central Region,Museum,1.2966063133609766,103.84411347233356,Entire home/apt,118,92,0,,,2,357,0,
1143921972375198193,Ensuite Studio · Art Deco Shophouse · Joo Chiat,29032695,1465427953998073858,Frank,Central Region,Marine Parade,1.30673,103.90424,Private room,127,7,2,2025-11-29,0.19,12,134,2,Authorised Serviced Apartment
1143925942738013965,"Private Room in Art Deco Shophouse, Joo Chiat",29032695,1465427953998073858,Frank,Central Region,Marine Parade,1.30766,103.90361,Private room,106,7,5,2025-02-25,0.20,12,224,0,Authorised Serviced Apartment
1143929133718457590,"Heritage Shophouse Room · Katong, East Coast",29032695,1465427953998073858,Frank,Central Region,Marine Parade,1.30731,103.90342,Private room,106,7,2,2024-10-30,0.09,12,214,0,Authorised Serviced Apartment
1143931262251071945,Snug Room in 1939 Heritage Shophouse · Katong,29032695,1465427953998073858,Frank,Central Region,Marine Parade,1.307725234446346,103.90335793037156,Private room,106,7,0,,,12,227,0,Authorised Serviced Apartment
1145378870944166294,2-story loft with massive windows & private garden,545752502,1470442984136031310,M Social Singapore,Central Region,Singapore River,1.291,103.8376,Private room,305,1,1,2024-05-09,0.04,7,185,0,M0079
1147038927980632245,City Deluxe Studio Apt/Balcony-Somerset/Orch. Area,404487343,1469852328498308929,OngRR,Central Region,River Valley,1.29645,103.83995,Entire home/apt,214,1,0,,,43,349,0,Exempt
1147423722643637720,New City Cozy 2-Room Studio @Somerset/Orchard Area,109333133,1467323641148121220,Pat,Central Region,River Valley,1.2947629952936754,103.83832702315605,Entire home/apt,373,1,1,2024-05-08,0.04,73,322,0,Exempt
1147625544649497971,New City Family 2QB Studio Apt-Somerset/Orch. Area,404487343,1469852328498308929,OngRR,Central Region,River Valley,1.29529,103.83814,Entire home/apt,291,1,0,,,43,346,0,Exempt
1148171142986946123,New Deluxe Cozy 2 BR Apt @ Somerset/Orchard Area,61619807,1466758242935516070,Ong,Central Region,River Valley,1.29518,103.83814,Entire home/apt,385,1,2,2025-01-11,0.08,60,312,0,Exempt
1148289733044253588,Andrew’s Apartment,87864383,1467055608748199198,Ruxin,North-East Region,Hougang,1.37412,103.90324,Private room,17,92,0,,,1,269,0,
1148292370921424427,"Trendy estate, Holland Village - Private Room",575534036,1470572094969851590,Karen,Central Region,Queenstown,1.311364,103.7935268,Private room,345,6,0,,,12,364,0,Authorised Serviced Apartment
1148305387098585341,"Comfy Holland Village, 1 Bedroom",575534036,1470572094969851590,Karen,Central Region,Queenstown,1.311364,103.7935268,Private room,679,6,0,,,12,320,0,Authorised Serviced Apartment
1148310726128055404,Stylish 2BR Superior in Trendy Holland Village,575534036,1470572094969851590,Karen,Central Region,Queenstown,1.311364,103.7935268,Entire home/apt,684,6,0,,,12,326,0,Authorised Serviced Apartment
1149191758469030076,Brand new private Condo Room,25401069,1465341895009367160,Ashutosh,East Region,Changi,1.3580182543976576,103.96962295176336,Private room,11,92,0,,,1,364,0,
1150726261186875946,SINGAPORE落地全景泳池大床房,142217058,1462966592834163433,漫步,Central Region,Outram,1.2775242537624916,103.8422623905589,Private room,405,1,11,2026-05-08,0.64,2,254,8,S0899
1151098118841583406,Friendly family hosting in West.,88877163,1467078218285407597,Sindhu,West Region,Choa Chu Kang,1.3836841961653161,103.74113686830184,Private room,,92,0,,,1,269,0,Authorised Serviced Apartment
1151921017042310050,Snooze Deluxe Twin - 2 minutes away from BUGIS MRT,576414012,1470574796857934932,The Snooze Hotel,Central Region,Downtown Core,1.29725,103.85642,Private room,93,1,42,2026-05-13,1.63,2,242,21,S0570
1153541429873321651,Tanjong Pagar CBD Loft Apartment for rent,30613375,1462652191619180776,Qing,Central Region,Downtown Core,1.2754081,103.8445014,Entire home/apt,70,92,0,,,2,294,0,
1154113358017640397,8@woodleigh公寓,24320254,1465286503701715808,Saifang,Central Region,Toa Payoh,1.3356747507450728,103.86934105306864,Entire home/apt,50,92,0,,,1,360,0,
1155424527809347474,3BR Normanton Park at Kent Ridge,101145755,1462873233039789306,Yulie,Central Region,Queenstown,1.28882,103.79173,Entire home/apt,107,92,0,,,19,179,0,Exempt
1155541275662895455,VicHaus | Twin Suite | 30 SQM | Kitchenette | East,149374360,1468460798438804733,Melanie,Central Region,Marine Parade,1.304818,103.905902,Entire home/apt,324,6,3,2025-07-07,0.13,1,187,1,Authorised Serviced Apartment
1156055242666803330,VicHaus | Suite | 30 SQM | Kitchenette | East,528168810,1470374525416227553,Pauline,Central Region,Marine Parade,1.304818,103.905902,Entire home/apt,336,6,14,2026-03-25,0.63,4,196,8,Authorised Serviced Apartment
1156194445863734469,Snooze Exec Queen - 2 minutes away from BUGIS MRT,576414012,1470574796857934932,The Snooze Hotel,Central Region,Downtown Core,1.297891,103.85708,Private room,106,1,20,2026-01-30,0.87,2,244,5,S0570
1156770859883263200,Studio in convenient Novena / central Singapore,109043317,1467320613323702278,Charmaine,Central Region,Novena,1.3183251772906885,103.84663481265306,Entire home/apt,103,6,2,2024-06-12,0.08,1,90,0,Authorised Serviced Apartment
1159877277633034540,Superior Twin Room,578365972,1470580732349306711,The Snooze Hotel Marine Parade,East Region,Bedok,1.3087218,103.9119842,Private room,71,1,46,2026-05-05,1.85,2,184,11,S0492
1160439074732955633,Blue Horizon - Gorgeous Apartment in the West!,578517188,1470581190524736271,Dillon Augustine Kevin,West Region,Clementi,1.2977714027603615,103.76515701413155,Entire home/apt,88,92,0,,,1,267,0,
1162222516503661569,Indian friend home preferred only Indian,578604921,1470581447020194460,Pughal,North-East Region,Hougang,1.3787361636520281,103.88899681952003,Private room,30,92,0,,,1,269,0,Exempt
1163425774429238249,Skylight Standard Double Room - No Window,578365972,1470580732349306711,The Snooze Hotel Marine Parade,East Region,Bedok,1.3087218,103.9119842,Private room,,1,14,2026-01-22,0.56,2,0,3,S0492
1163456834536895777,New City 2-beds Loft-Studio @Somerset/Orchard Area,109333133,1467323641148121220,Pat,Central Region,River Valley,1.296323823813492,103.83809617155494,Entire home/apt,314,1,2,2026-05-25,0.21,73,248,2,Exempt
1164079483534405707,"Private Room · Heritage Katong Shophouse, SG",29032695,1465427953998073858,Frank,Central Region,Marine Parade,1.3067633,103.9042185,Private room,106,7,7,2026-03-05,0.30,12,234,4,Authorised Serviced Apartment
1164084983276437556,Bright Room in Art Deco Shophouse · Joo Chiat,29032695,1465427953998073858,Frank,Central Region,Marine Parade,1.3067633,103.9042185,Private room,107,7,2,2026-05-24,0.09,12,238,1,Authorised Serviced Apartment
1164088481511487446,Top-Floor Room · Heritage Shophouse · Katong,29032695,1465427953998073858,Frank,Central Region,Marine Parade,1.3067633,103.9042185,Private room,106,7,8,2025-10-18,0.35,12,225,4,Authorised Serviced Apartment
1164192407853655725,Green & Luxury 3 Bed Apartment,28816757,1462645974537247376,Marek,Central Region,Tanglin,1.30122,103.81831,Entire home/apt,91,92,1,2025-01-04,0.06,1,210,0,Exempt
1166368730221769094,Penthouse at Novena near MRT 30 nights,238891646,1463258524593591157,Neha,Central Region,Novena,1.3216631428822005,103.84250898195921,Entire home/apt,129,92,0,,,131,269,0,Authorised Serviced Apartment
1167164655251198517,Two-Bedroom Standard Apartment,544341239,1470437801499051757,Cove,Central Region,Outram,1.2824539,103.8472139,Private room,430,6,0,,,5,14,0,Authorised Serviced Apartment
1167188051993601760,Two-Bedroom Loft Apartment,544341239,1470437801499051757,Cove,Central Region,Outram,1.2824539,103.8472139,Private room,,6,0,,,5,0,0,Authorised Serviced Apartment
1167820849430768085,Calm 2BR Apartment for 4 at Novena,108946090,1467319463423996453,Jc,Central Region,Novena,1.3257587979455268,103.84554434867327,Entire home/apt,,6,20,2025-06-25,0.82,17,0,0,Authorised Serviced Apartment
1167867333891082690,Studio Apartment with Queen Bed,544341239,1470437801499051757,Cove,Central Region,Outram,1.2824539,103.8472139,Private room,330,6,0,,,5,14,0,Authorised Serviced Apartment
1167873997533155815,Studio Apartment with King Bed,544341239,1470437801499051757,Cove,Central Region,Outram,1.28245,103.84721,Private room,,6,0,,,5,0,0,Authorised Serviced Apartment
1168481015025943519,Top-Floor Ensuite Studio · Heritage Katong,29032695,1465427953998073858,Frank,Central Region,Marine Parade,1.3067633,103.9042185,Private room,196,7,1,2024-08-10,0.04,12,270,0,Authorised Serviced Apartment
1170771336878595122,Vivid House for 4 People at Novena.,108946090,1467319463423996453,Jc,Central Region,Novena,1.3260591255922125,103.84616531093711,Entire home/apt,,6,16,2025-06-02,0.64,17,0,0,Authorised Serviced Apartment
1172167222883065630,You are most welcome,92189808,1467113505049331231,Darius,East Region,Tampines,1.34025,103.95873,Private room,22,92,1,2024-11-03,0.05,1,179,0,
1172176919388341284,Family Home for 3 Pax at Novena (2BR),108946090,1467319463423996453,Jc,Central Region,Novena,1.32395,103.84608,Entire home/apt,,6,11,2025-05-06,0.46,17,0,0,Authorised Serviced Apartment
1172256190630797104,2 Storey Loft @ Attractions Packed Beach Resort.,2676835,1462604586705061088,Hsoloscargo Residentcubes,East Region,Pasir Ris,1.3797322276535784,103.9547437621521,Private room,433,1,3,2025-10-02,0.13,35,82,1,M8271
1172874108701526629,Cozy Getaway | Parc Rivieria,300765938,1463413945351002296,Xacco,West Region,Clementi,1.3214,103.75376,Entire home/apt,126,92,0,,,52,269,0,
1173055961605983055,c. Cozy room @ Aljunied/ Geylang,581868519,1470590864703920254,Nanda,Central Region,Geylang,1.3115279774486546,103.88224634625503,Private room,,92,2,2025-06-04,0.10,6,117,0,
1173787944851792627,Beach Tree Room @ Attractions Packed Beach Resort.,2676835,1462604586705061088,Hsoloscargo Residentcubes,East Region,Pasir Ris,1.3790545688467077,103.95400832297369,Private room,410,1,2,2025-08-21,0.19,35,45,2,M8271
1173854653125953472,Central home / River Valley,464852765,1470095077598091481,Rumyana,Central Region,River Valley,1.29846,103.83321,Private room,38,92,0,,,1,270,0,
1175759511919555690,d. Cozy Room @ Aljunied /Geylang,581868519,1470590864703920254,Nanda,Central Region,Geylang,1.3118494509015663,103.8827507656067,Private room,13,92,1,2025-11-11,0.13,6,175,1,
1177157378172268071,Beach Tree Room@Attractions Packed Beach Resort 1.,2676835,1462604586705061088,Hsoloscargo Residentcubes,East Region,Pasir Ris,1.3797,103.95604,Private room,427,1,1,2024-09-26,0.05,35,45,0,M8271
1177266586048046335,Premium 1 bedroom apartment near Orchard,238891646,1463258524593591157,Neha,Central Region,River Valley,1.29676,103.84146,Entire home/apt,445,6,1,2024-11-15,0.05,131,363,0,Authorised Serviced Apartment
1178156015574107047,Tropical Rm twin @Attractions Packed Beach Resort.,2676835,1462604586705061088,Hsoloscargo Residentcubes,East Region,Pasir Ris,1.37996,103.9543,Private room,399,1,0,,,35,46,0,M8271
1180143851693999293,"\ 13 mins to Singapore,
 KSL, Paradigm, La Stella",568615220,1470529101015582349,Yen,North Region,Woodlands,1.4451307456411957,103.76793772600051,Private room,,92,0,,,1,89,0,Exempt
1180758818625255257,"New Coliving Studio 
Joo Chiat",539758925,1470419589041097215,Foresta,Central Region,Geylang,1.3119886115314692,103.89988059947513,Entire home/apt,30,92,0,,,1,269,0,
1180906224303660510,Habyt Cantonment - Medium Twin,287240181,1469498945672599172,Habyt Cantonment,Central Region,Bukit Merah,1.2737913,103.8406014,Private room,177,6,2,2025-10-16,0.14,5,345,1,Authorised Serviced Apartment
1183872124315091222,Short Term 1 BR at Newton Raod,238891646,1463258524593591157,Neha,Central Region,Novena,1.31658,103.84233,Entire home/apt,93,92,0,,,131,364,0,Authorised Serviced Apartment
1183906150836023782,Orchard/ Balmoral Rd/ CommonRoom,69005937,1466853091069687752,Keith Lau,Central Region,Newton,1.3142503014623041,103.83168149739504,Private room,19,92,0,,,2,363,0,
1185197681072791802,Studio in condo next to MRT.,48816092,1465741361674532714,Han Wei,Central Region,Kallang,1.297508278498237,103.87043438851833,Entire home/apt,,92,0,,,1,90,0,
1185915191423357388,2BR Deluxe in Upbeat Holland Village,575534036,1470572094969851590,Karen,Central Region,Queenstown,1.3125153939125236,103.7929725268906,Entire home/apt,841,6,0,,,12,354,0,Authorised Serviced Apartment
1185943171595849585,"2BR Superior in Trendy Holland Village,",575534036,1470572094969851590,Karen,Central Region,Queenstown,1.31021,103.79247,Entire home/apt,616,6,0,,,12,353,0,Authorised Serviced Apartment
1185947576358641538,2BR Superior Apartment in Upbeat Holland Village,575534036,1470572094969851590,Karen,Central Region,Queenstown,1.3107,103.79441,Entire home/apt,582,6,0,,,12,353,0,Authorised Serviced Apartment
1185960624679186691,Explore Holland Village - Private Room,575534036,1470572094969851590,Karen,Central Region,Queenstown,1.31097,103.7927,Private room,293,6,0,,,12,364,0,Authorised Serviced Apartment
1185980898795655861,"Upbeat district, 1BR in Holland Village",575534036,1470572094969851590,Karen,Central Region,Queenstown,1.3104981193596525,103.79269164422783,Private room,523,6,0,,,12,346,0,Authorised Serviced Apartment
1185980922666295692,"1 Bedroom in Holland Village, Vibrant District",575534036,1470572094969851590,Karen,Central Region,Queenstown,1.3106,103.79283,Private room,554,6,0,,,12,345,0,Authorised Serviced Apartment
1185996420473299630,"Vibrant district in Holland Village, Private Room",575534036,1470572094969851590,Karen,Central Region,Queenstown,1.31246,103.79255,Private room,305,6,0,,,12,361,0,Authorised Serviced Apartment
1186017127022771892,"Vibrant district in Holland Village, 2BR Deluxe",575534036,1470572094969851590,Karen,Central Region,Bukit Timah,1.312498570029813,103.7941168184405,Entire home/apt,890,6,3,2025-10-13,0.22,12,353,2,Authorised Serviced Apartment
1186066289562000666,Condo Common Room- Avail Now,48437716,1465733155459032768,Tracey,West Region,Bukit Panjang,1.34829671038227,103.77262292454854,Private room,18,92,0,,,2,364,0,
1186549961463342281,2BR Deluxe in Upscale Holland Village,575534036,1470572094969851590,Karen,Central Region,Queenstown,1.3103835308488885,103.79303300020231,Private room,1024,6,0,,,12,356,0,Authorised Serviced Apartment
1186868541390529861,Peaceful One Bedroom Apartment,16120125,1462978929866475410,Nelson,East Region,Tampines,1.3529253,103.9291632,Entire home/apt,63,92,0,,,1,364,0,
1188009951382171280,"landed house, multiple rooms",585983839,1470602324792532207,Dandan,Central Region,Geylang,1.30961,103.8936,Private room,32,92,0,,,1,361,0,
1189547322218087029,Condo Common Room for rent,48437716,1465733155459032768,Tracey,West Region,Bukit Panjang,1.34854,103.77092,Private room,18,92,1,2025-07-13,0.08,2,364,1,
1195250012341744827,Family Jungle room@Attractions Packed BeachResort.,2676835,1462604586705061088,Hsoloscargo Residentcubes,East Region,Pasir Ris,1.3754,103.95682,Private room,394,1,0,,,35,75,0,M8271
1195960444826776780,Private Room in Spacious Home,588240481,1470608105600219048,Alpheson,Central Region,Bukit Timah,1.3163491487470051,103.77909730822297,Private room,,92,0,,,1,90,0,
1195978643273072905,Beach Bay@ Attractions Packed Beach Resort 4 beds.,2676835,1462604586705061088,Hsoloscargo Residentcubes,East Region,Pasir Ris,1.3760840718442016,103.95532261092099,Private room,477,1,2,2026-05-05,0.23,35,39,2,M8271
1196695636110912931,Two cozy & full equipped bedroom,60202360,1466740110217881332,MaMa,North-East Region,Punggol,1.40648,103.90125,Private room,19,183,0,,,1,362,0,Exempt
1196827296326616861,Lavish 3 BR central apartment,238891646,1463258524593591157,Neha,Central Region,Singapore River,1.29322,103.83242,Entire home/apt,221,92,0,,,131,364,0,Authorised Serviced Apartment
1197600134466660700,#f. Cozy Private Room @ Farrer Park,581244198,1470589027763783099,Nanda,Central Region,Kallang,1.31299,103.8575,Private room,14,92,0,,,1,212,0,
1197767433809719883,e. Cozy room @ Aljunied/ Geylang,581868519,1470590864703920254,Nanda,Central Region,Geylang,1.3130237486515166,103.88412273807783,Private room,14,92,3,2025-08-12,0.16,6,364,1,
1198444671916609250,"With skyline views@ Bugis Rd, High floor 2BR",138649185,1462958959957533044,Sidharth,Central Region,Kallang,1.3000202177015847,103.86186411995189,Entire home/apt,218,92,0,,,215,268,0,Authorised Serviced Apartment
1201120607194274523,Cosy Punggol house room stay,589906744,1470611733591265909,Roger,North-East Region,Punggol,1.4027941636650276,103.9130692994751,Private room,,92,0,,,1,87,0,
1201866992155885536,Bartley Residences (Studio),192856795,1469003185721880689,Zi Xiang,North-East Region,Serangoon,1.3429598,103.881214,Entire home/apt,,92,0,,,1,293,0,
1201971237883159675,Instant Double Capsule In Mix Dorm(Price for 2Pax),46545593,1465697152635626988,Meadows,Central Region,Kallang,1.3113038561588022,103.86073693068846,Shared room,71,1,5,2025-09-24,0.23,5,271,2,S0340
1203539699255761646,Luxury  condo in orchard road,43780531,1465650284995953236,Susan,Central Region,Newton,1.3099741,103.8353518,Entire home/apt,,92,1,2024-08-14,0.04,1,212,0,Authorised Serviced Apartment
1203586062379106402,Luxury Room ~Steps away from the MRT,131052744,1462941904469565464,George,Central Region,Marine Parade,1.29884,103.88989,Private room,191,2,22,2026-06-26,4.55,1,222,22,Exempt
1207318281263563928,New 2 BR Apartment /WIFI @ Somerset/Orchard Area,61619807,1466758242935516070,Ong,Central Region,River Valley,1.296,103.84003,Entire home/apt,361,6,7,2026-02-16,0.35,60,169,2,Authorised Serviced Apartment
1207844551442217013,Cozy nest in the City,9985120,1462828730741951069,B,Central Region,Bukit Merah,1.27257,103.81013,Private room,28,92,0,,,2,362,0,
1208976108760291000,New Double Bed Capsule Bed Price for 2pax,46545593,1465697152635626988,Meadows,Central Region,Kallang,1.31124,103.86065,Shared room,71,1,3,2025-02-01,0.13,5,271,0,S0340
1209115483295579932,"cosy room in private estate,Bukit Timah",91224988,1467102729690558647,Hibiscus,Central Region,Bukit Timah,1.34408,103.7726,Private room,20,92,1,2026-04-01,0.32,1,364,1,
1209750007577598619,starlight,528203435,1470374733776941646,Qingxia,West Region,Choa Chu Kang,1.3863396400867785,103.74291495173426,Private room,23,92,1,2024-11-28,0.05,4,364,0,Exempt
1211541109420739270,Masteroom with private bath (S),25375339,1465341321925717069,シン,Central Region,Geylang,1.31298,103.87823,Private room,93,28,0,,,12,364,0,S8543
1212778208974906213,"Cosy Peaceful Private Bedroom -KTPH , ADMC",24476285,1465304670498528996,Ck,North Region,Sembawang,1.4459504835246109,103.81432333056426,Private room,,30,5,2026-04-05,0.31,2,209,4,Exempt
1213308678304633864,Beautiful & clean 1BR furnished flat | Beside MRT,58541664,1466701507480042995,Lixian Ashley,East Region,Bedok,1.3271637180693365,103.9477862790227,Entire home/apt,41,92,0,,,1,357,0,
1213692178756023876,Instant Single capsule mix Dorm,46545593,1465697152635626988,Meadows,Central Region,Kallang,1.3113288,103.8607382,Shared room,38,1,101,2026-06-07,4.37,5,347,43,S0340
1214386044475516046,Common room (S),25375339,1465341321925717069,シン,Central Region,Geylang,1.3133366304956346,103.87994717970548,Private room,61,28,2,2024-12-10,0.09,12,364,0,S8551
1214989558350921428,Instant Single Capsule Mix Dorm,46545593,1465697152635626988,Meadows,Central Region,Kallang,1.312108887654713,103.86150177567987,Shared room,38,1,11,2026-05-07,0.48,5,347,7,S0340
1215310989306586316,Rare Room at The Sail!,122468322,1468241505175336139,Misheel,Central Region,Downtown Core,1.281253179536786,103.85283038020134,Private room,23,92,0,,,1,357,0,
1215647072509016582,"Modern, cosy and convenient!",3926646,1462642783643087797,Paul,Central Region,Downtown Core,1.2741406609920327,103.84172923449908,Entire home/apt,38,180,0,,,4,364,0,
1217007724712172781,Great room @Tampinese,592836807,1470619109970229004,Poonsuk,East Region,Tampines,1.3527567260259163,103.93057353794575,Private room,38,92,0,,,1,362,0,
1217612248414968885,Vacanza@East - Resort Style Co-Living Cozy Room 03,594643865,1470623530410509150,Alfred,East Region,Bedok,1.3279977991164742,103.91432438131697,Private room,28,92,1,2025-01-19,0.06,3,364,0,
1218463134801542210,Cosy studio apartment.,135147630,1468347210173175374,Wee,Central Region,Outram,1.2842259989245548,103.84269531816244,Entire home/apt,,92,0,,,1,173,0,
1220080250159546479,Hive 2 Basement,126446203,1468272827184283296,Goh,West Region,Clementi,1.2932182,103.7668098,Private room,18,92,0,,,1,364,0,Exempt
1221533983278407899,h. Cozy room @ Aljunied/ Geylang,581868519,1470590864703920254,Nanda,Central Region,Geylang,1.31274,103.88223,Private room,13,92,0,,,6,364,0,
1221558086815918253,vi. Private room at City Center,592601437,1470618528350351450,Nanda,Central Region,Kallang,1.3134641028518352,103.85346842952625,Private room,,92,0,,,1,274,0,
1222360436810497593,"Riverfront, spacious flat nr bus",586544331,1470603874776335408,Katharine,Central Region,Bukit Merah,1.291779872189269,103.82556740194559,Entire home/apt,106,92,0,,,1,361,0,
1222735570077900345,Singapore Chinatown PoolViewRoom,142217058,1462966592834163433,漫步,Central Region,Outram,1.2851323652937146,103.84602435845056,Private room,390,1,0,,,2,264,0,S0587
1223459678555999524,Quietness Home for 3 Pax at Novena (2BR),108946090,1467319463423996453,Jc,Central Region,Novena,1.3242435245643553,103.8453612739879,Entire home/apt,,6,6,2025-05-01,0.28,17,0,0,Authorised Serviced Apartment
1225352616556540568,Riverside Deluxe King/Twin Room.,2676835,1462604586705061088,Hsoloscargo Residentcubes,Central Region,Singapore River,1.2883284261127435,103.83535857368119,Private room,438,1,0,,,35,145,0,S8275
1225438079664618315,Riverside Hotel Singapore Family Room 2 Queen.,2676835,1462604586705061088,Hsoloscargo Residentcubes,Central Region,Singapore River,1.2894087287641935,103.83684136929189,Private room,528,1,0,,,35,75,0,S8275
1225906045023625223,Riverside Hotel Singapore Premier Family Room,2676835,1462604586705061088,Hsoloscargo Residentcubes,Central Region,Singapore River,1.28994,103.83545,Private room,505,1,0,,,35,58,0,S8275
1225972660254798233,Riverside Hotel Singapore Connecting Suite,2676835,1462604586705061088,Hsoloscargo Residentcubes,Central Region,Singapore River,1.28796,103.83671,Private room,898,3,1,2025-05-21,0.07,35,359,0,S8275
1226856435663364449,New Comfy 2 Bedroom Apt @ Somerset/ Orchard Area,109333133,1467323641148121220,Pat,Central Region,River Valley,1.2953943014854101,103.83993652391926,Entire home/apt,469,1,27,2026-05-23,1.26,73,291,18,Exempt
1226856585106284966,New Comfy 2QB-Studio @ Somerset/Orchard Area,46685310,1465699258666896822,Yyin,Central Region,River Valley,1.29651,103.83797,Entire home/apt,258,6,6,2026-05-06,0.30,71,335,3,Authorised Serviced Apartment
1226856613274248660,New City Cozy Studio APT- Somerset/ Orchard Area,46685310,1465699258666896822,Yyin,Central Region,River Valley,1.29513,103.83799,Entire home/apt,223,6,3,2025-12-04,0.15,71,322,1,Authorised Serviced Apartment
1227154676044915085,Fabulous 3 br apt at Orchard,238891646,1463258524593591157,Neha,Central Region,Newton,1.3073826833180804,103.8309497045193,Entire home/apt,1370,6,0,,,131,363,0,Exempt
1227302530704862749,Riverside Hotel Theme Room Sg,2676835,1462604586705061088,Hsoloscargo Residentcubes,Central Region,Singapore River,1.289947551507555,103.83547119837071,Private room,641,1,0,,,35,88,0,S8275
1227318472840875048,Riverside Hotel Theme Suite Sg,2676835,1462604586705061088,Hsoloscargo Residentcubes,Central Region,Singapore River,1.28807,103.83716,Private room,754,1,0,,,35,87,0,S8275
1227374221257274983,City Center Deluxe King/Twin Room Chinatown Sg,2676835,1462604586705061088,Hsoloscargo Residentcubes,Central Region,Singapore River,1.28765,103.84388,Private room,354,3,0,,,35,91,0,S8275
1227387149074092124,Triple Private Room in Hostel,521372493,1470346046708083555,Radzone Hostel,Central Region,Singapore River,1.2870313,103.8489388,Private room,121,1,15,2026-06-05,0.78,4,310,9,Exempt
1227822272006685625,My Own Studio with Balcony with View (Novena),108946090,1467319463423996453,Jc,Central Region,Novena,1.323878373345581,103.84726588017597,Entire home/apt,,6,2,2025-05-10,0.13,17,0,0,Authorised Serviced Apartment
1228330371205511016,City Center Family Kids Rm Chinatown Sg.,2676835,1462604586705061088,Hsoloscargo Residentcubes,Central Region,Singapore River,1.2871,103.84529,Private room,520,1,1,2025-02-24,0.06,35,61,0,S8275
1228800942317269763,Cosy & Relaxing Stay R1 @ Bugis/Orchard/Dhoby,55844797,1465914312460343704,Steph,Central Region,Rochor,1.3012128188364118,103.8523666129855,Private room,32,92,0,,,12,199,0,
1229021715252281264,New Deluxe Family 2QB Studio-Somerset/Orchard Area,61619807,1466758242935516070,Ong,Central Region,River Valley,1.2947628506401874,103.83955972894942,Entire home/apt,318,1,3,2025-08-06,0.15,60,349,1,Exempt
1229028998701679313,New City Cozy en-Suite Room -Somerset/Orchard Area,46685310,1465699258666896822,Yyin,Central Region,River Valley,1.29663,103.84019,Private room,148,6,7,2025-02-26,0.32,71,331,0,Authorised Serviced Apartment
1231005395139604028,Peaceful Joo Chiat House,2319599,1462523501366849867,Yolanda,East Region,Bedok,1.31459,103.91126,Private room,34,92,0,,,1,364,0,
1231531802719583902,Vacanza@East - Resort Style Co-Living Cozy Room 01,594643865,1470623530410509150,Alfred,East Region,Bedok,1.3300194586097642,103.91379383014304,Private room,20,92,1,2024-12-31,0.05,3,214,0,
1231551276817126657,Cosy & Relaxing Stay L2 @ Bugis/Orchard/Dhoby,55844797,1465914312460343704,Steph,Central Region,Rochor,1.30067,103.8512,Private room,30,92,0,,,12,168,0,
1231566982294212720,Vacanza@East - Resort Style Co-Living Cozy Room 02,594643865,1470623530410509150,Alfred,East Region,Bedok,1.32966,103.91407,Private room,22,92,1,2025-12-14,0.15,3,303,1,
1231711853789900461,2 bedroom apt at Clementi,238891646,1463258524593591157,Neha,West Region,Clementi,1.3173562671259176,103.76543904160552,Entire home/apt,150,92,0,,,131,363,0,Exempt
1231908534008916973,New Deluxe Family 2QB Studio-Somerset/Orchard Area,61619807,1466758242935516070,Ong,Central Region,River Valley,1.29665,103.83791,Entire home/apt,315,1,11,2026-03-01,0.51,60,338,8,Exempt
1234127594707611730,NEW Cozy Family 2QB StudioApt-Somerset/OrchardArea,46685310,1465699258666896822,Yyin,Central Region,River Valley,1.2949842119067396,103.83983867183397,Entire home/apt,258,6,1,2024-10-13,0.05,71,335,0,Authorised Serviced Apartment
1234127745004933134,NEW Comfy Family 2-QB Studio-Orchard/Somerset Area,10248444,1462835470954501673,Recr,Central Region,River Valley,1.2945639118000258,103.83852151175418,Entire home/apt,323,1,12,2026-04-10,0.67,64,344,5,Exempt
1234127940569953580,New City Cozy Studio/Balcony-Somerset/Orchard Area,109333133,1467323641148121220,Pat,Central Region,River Valley,1.2961609915020615,103.83797361029522,Entire home/apt,260,1,1,2024-11-11,0.05,73,264,0,Exempt
1234127971959328439,New Cozy Luxe Studio/Balcony-Orchard/Somerset Area,109333133,1467323641148121220,Pat,Central Region,River Valley,1.29536,103.83786,Entire home/apt,254,6,0,,,73,163,0,Authorised Serviced Apartment
1237528895641202332,Service Terrace Room Tanah Merah,34707342,1465511656857720670,Chloe,East Region,Bedok,1.3316204960503824,103.945952392854,Private room,24,92,0,,,3,364,0,
1237545402386389392,Service Terrace Shared Room Tanah Merah,34707342,1465511656857720670,Chloe,East Region,Bedok,1.33078,103.94573,Private room,30,92,0,,,3,364,0,
1238656994190513553,Master room at Eunos MRT,265191783,1463337536981933098,Sally,Central Region,Geylang,1.31625,103.90545,Private room,21,92,0,,,3,364,0,
1239879728744216302,CBD Hotel Singapore Deluxe King Room w Breakfast,2676835,1462604586705061088,Hsoloscargo Residentcubes,Central Region,Outram,1.27629,103.84385,Private room,410,2,1,2024-12-29,0.05,35,88,0,S8275
1239985171891429870,CBD Hotel Singapore Deluxe Twin Room wth Breakfast,2676835,1462604586705061088,Hsoloscargo Residentcubes,Central Region,Downtown Core,1.2951641331923127,103.85263606817041,Private room,410,3,0,,,35,88,0,S8275
1241238978192145855,新加坡的公寓式酒店内的房间,285197596,1469491999087761674,雪锋,Central Region,Singapore River,1.2884549694527636,103.84885805195472,Entire home/apt,424,92,0,,,1,364,0,Exempt
1241947087107704109,Comfortable 2 Bedroom Apartment near MRT,238891646,1463258524593591157,Neha,Central Region,Bukit Merah,1.2892001547939989,103.83218205942731,Entire home/apt,685,6,0,,,131,363,0,Authorised Serviced Apartment
1243199194517432903,"450sq.ft. Central 1BR @Orchard, Singapore",138649185,1462958959957533044,Sidharth,Central Region,Tanglin,1.31421,103.82474,Entire home/apt,424,6,0,,,215,364,0,Exempt
1243831644267807183,"Chinatown: Room with 10 beds, 1 min walk to MRT",337002461,1469653973995689403,Rucksack Inn SG,Central Region,Outram,1.2833664,103.843579,Private room,338,1,2,2026-06-14,0.33,18,311,2,S0506
1243860150618704413,1BR Serviced Apartment - 350M Serangoon MRT,651579232,1470639078560832371,Claudia,North-East Region,Serangoon,1.34542,103.87248,Entire home/apt,355,6,3,2025-06-03,0.14,4,364,0,Authorised Serviced Apartment
1243882041882079966,"Chinatown: Room with 8 beds, 1 min walk to MRT",337002461,1469653973995689403,Rucksack Inn SG,Central Region,Outram,1.2833664,103.843579,Private room,261,1,8,2026-05-14,0.45,18,326,5,S0506
1243968935509780473,"Downtown: Room with 10 beds, 5 min walk to MRT",337002461,1469653973995689403,Rucksack Inn SG,Central Region,Kallang,1.3118223,103.8601729,Private room,262,1,20,2026-06-02,1.08,18,354,17,S0485
1243982290262063870,"Downtown: Room with 6 beds, 5 mins walk to MRT",337002461,1469653973995689403,Rucksack Inn SG,Central Region,Kallang,1.3118223,103.8601729,Private room,177,1,36,2026-04-27,1.76,18,355,20,S0485
1244751405963770819,Studio Serviced Apartment 350M from Serangoon MRT,651579232,1470639078560832371,Claudia,North-East Region,Serangoon,1.3461,103.87045,Entire home/apt,337,6,1,2025-10-04,0.11,4,364,1,Authorised Serviced Apartment
1244760151070150179,Studio Apartment Near Nex Serangoon Shopping mall,651579232,1470639078560832371,Claudia,North-East Region,Serangoon,1.347033240206104,103.87208653068535,Entire home/apt,355,6,1,2024-10-27,0.05,4,364,0,Authorised Serviced Apartment
1245008565055001529,Deluxe Room with Queen bed & Balcony in Havelock,545753012,1470442985908432931,Copthorne King's Hotel,Central Region,Singapore River,1.2882914,103.8366161,Private room,247,1,0,,,5,354,0,L0015
1245008922960180463,Deluxe Room with Twin beds & Balcony in Havelock,545753012,1470442985908432931,Copthorne King's Hotel,Central Region,Singapore River,1.2882914,103.8366161,Private room,240,1,2,2025-09-12,0.20,5,315,2,L0015
1245009421467255295,"Signature Studio in Havelock, 10 mins to train",545753012,1470442985908432931,Copthorne King's Hotel,Central Region,Singapore River,1.2882914,103.8366161,Private room,205,1,2,2025-01-01,0.10,5,308,0,L0015
1245009727166972007,Deluxe Family room with Balcony in Havelock,545753012,1470442985908432931,Copthorne King's Hotel,Central Region,Singapore River,1.2882914,103.8366161,Private room,195,1,0,,,5,239,0,L0015
1245035143461768096,High ceiling Studio Loft & sleek amenities,545752892,1470442985629897500,Studio M Hotel,Central Region,Singapore River,1.29061,103.83922,Private room,210,1,0,,,3,352,0,L0057
1245035329117568652,Newly renovated loft with breakfast included,545752892,1470442985629897500,Studio M Hotel,Central Region,Singapore River,1.29061,103.83922,Private room,195,1,1,2026-03-06,0.26,3,228,1,L0057
1245035329137671409,Two-level stylish loft with study area,545752892,1470442985629897500,Studio M Hotel,Central Region,Singapore River,1.29061,103.83922,Private room,230,1,0,,,3,361,0,L0057
1245036227533995479,Popular choice with rainfall shower & free WiFi,545752783,1470442985158880691,Orchard Hotel Singapore,Central Region,Orchard,1.3075322,103.8286,Private room,200,1,3,2025-09-18,0.17,10,312,2,L0016
1245036465374172592,In-room coffee for a mid-shopping-spree pick-me-up,545752783,1470442985158880691,Orchard Hotel Singapore,Central Region,Orchard,1.3075322,103.8286,Private room,200,1,2,2025-09-09,0.10,10,343,1,L0016
1245036504532859018,Premier Lounge access & breakfast included,545752783,1470442985158880691,Orchard Hotel Singapore,Central Region,Orchard,1.3075322,103.8286,Private room,425,1,0,,,10,364,0,L0016
1245036577479981093,Swing by the Premier Lounge for drinks and bites,545752783,1470442985158880691,Orchard Hotel Singapore,Central Region,Orchard,1.3075322,103.8286,Private room,510,1,0,,,10,353,0,L0016
1245038698926911796,Additional sofa bed and bathtub/shower combo,545752783,1470442985158880691,Orchard Hotel Singapore,Central Region,Orchard,1.3075322,103.8286,Private room,350,1,0,,,10,362,0,L0016
1245038735494024880,All the essentials like in-room coffee & free WiFi,545752783,1470442985158880691,Orchard Hotel Singapore,Central Region,Orchard,1.3075322,103.8286,Private room,375,1,0,,,10,364,0,L0016
1245038806356626105,Restful and serene with an Asian flair,545752783,1470442985158880691,Orchard Hotel Singapore,Central Region,Orchard,1.3075322,103.8286,Private room,190,1,0,,,10,341,0,L0016
1245039292085214029,Pierre Yves Rochon designed haven near the shops,545752783,1470442985158880691,Orchard Hotel Singapore,Central Region,Orchard,1.3075322,103.8286,Private room,290,1,0,,,10,347,0,L0016
1245039301875922656,"Top-booked suite, plus 24/7 Premier Lounge access",545752783,1470442985158880691,Orchard Hotel Singapore,Central Region,Orchard,1.3075322,103.8286,Private room,424,1,0,,,10,358,0,L0016
1245040592865068919,Inviting escape with queen bed and alcove ceiling,545752502,1470442984136031310,M Social Singapore,Central Region,Singapore River,1.291,103.8376,Private room,165,1,1,2024-11-12,0.05,7,361,0,M0079
1245040697036756481,Ground-floor living space and mezzanine bed,545752502,1470442984136031310,M Social Singapore,Central Region,Singapore River,1.291,103.8376,Private room,205,1,0,,,7,215,0,M0079
1245040811276713618,"Signature alcove ceiling, rain shower & free WiFi",545752502,1470442984136031310,M Social Singapore,Central Region,Singapore River,1.291,103.8376,Private room,170,1,5,2026-04-07,0.23,7,364,4,M0079
1245041425164865094,"Chic neutrals, alcove ceiling and two twin beds",545752502,1470442984136031310,M Social Singapore,Central Region,Singapore River,1.291,103.8376,Private room,165,1,5,2026-02-25,0.43,7,222,5,M0079
1245041457283215245,Chapel-inspired ceiling and furnished terrace,545752502,1470442984136031310,M Social Singapore,Central Region,Singapore River,1.291,103.8376,Private room,175,1,0,,,7,200,0,M0079
1245041559512155990,Duplex-style setup with sofa on mezzanine level,545752502,1470442984136031310,M Social Singapore,Central Region,Singapore River,1.291,103.8376,Private room,185,1,2,2026-02-08,0.12,7,221,1,M0079
1245042094840209743,Classy Queen room in city centre with breakfast,545750991,1470442977327484277,M Hotel Singapore City Centre,Central Region,Downtown Core,1.27392,103.84481,Private room,330,1,2,2026-06-10,0.16,15,364,1,L0031
1245042368693738144,Chic suite with room with King Bed in city centre,545750991,1470442977327484277,M Hotel Singapore City Centre,Central Region,Downtown Core,1.27392,103.84481,Private room,575,1,0,,,15,363,0,L0031
1245043284927406360,Club King Bed Room with Breakfast in River Valley,524793962,1470360730769815633,Grand Copthorne Waterfront,Central Region,Singapore River,1.2900873,103.8353025,Private room,370,1,0,,,14,364,0,L0051
1245043805117116935,Grand Club Room in River Valley with Lounge Access,524793962,1470360730769815633,Grand Copthorne Waterfront,Central Region,Singapore River,1.2900873,103.8353025,Private room,468,1,0,,,14,364,0,L0051
1245043836725601611,Grand Deluxe room with King bed in River Valley,524793962,1470360730769815633,Grand Copthorne Waterfront,Central Region,Singapore River,1.2900873,103.8353025,Private room,230,1,2,2025-08-14,0.14,14,359,1,L0051
1245044201507770270,Grand Deluxe room with Twin bed in River Valley,524793962,1470360730769815633,Grand Copthorne Waterfront,Central Region,Singapore River,1.2900873,103.8353025,Private room,300,1,2,2026-04-21,0.11,14,279,1,L0051
1245044231618369774,Grand Deluxe King Waterfront room in River Valley,524793962,1470360730769815633,Grand Copthorne Waterfront,Central Region,Singapore River,1.2900873,103.8353025,Private room,320,1,45,2026-06-15,2.66,14,364,41,L0051
1245044348549678171,Grand Deluxe Twin Waterfront room in River Valley,524793962,1470360730769815633,Grand Copthorne Waterfront,Central Region,Singapore River,1.2900873,103.8353025,Private room,320,1,4,2026-06-13,0.32,14,364,3,L0051
1245044712267075004,Luxurious Grand Executive Suite in River Valley,524793962,1470360730769815633,Grand Copthorne Waterfront,Central Region,Singapore River,1.2900873,103.8353025,Private room,635,1,0,,,14,364,0,L0051
1245044712674227081,One Bedroom Serviced Apartment in River Valley,524793962,1470360730769815633,Grand Copthorne Waterfront,Central Region,Singapore River,1.2900873,103.8353025,Private room,500,1,0,,,14,364,0,L0051
1245044844648218308,Premier Club King Room in River Valley,524793962,1470360730769815633,Grand Copthorne Waterfront,Central Region,Singapore River,1.2900873,103.8353025,Private room,525,1,0,,,14,364,0,L0051
1245045754334948868,Premier Room in River Valley with King Bed,524793962,1470360730769815633,Grand Copthorne Waterfront,Central Region,Singapore River,1.2900873,103.8353025,Private room,350,1,1,2025-11-20,0.14,14,364,1,L0051
1245045759996750155,Premier Room in River Valley with Twin Beds,524793962,1470360730769815633,Grand Copthorne Waterfront,Central Region,Singapore River,1.2900873,103.8353025,Private room,350,1,0,,,14,358,0,L0051
1245045896133419487,Premier Room with waterfront views in River Valley,524793962,1470360730769815633,Grand Copthorne Waterfront,Central Region,Singapore River,1.2900873,103.8353025,Private room,370,1,0,,,14,335,0,L0051
1245045900148258901,Premier Room with riverfront views in River Valley,524793962,1470360730769815633,Grand Copthorne Waterfront,Central Region,Singapore River,1.2900873,103.8353025,Private room,370,1,0,,,14,358,0,L0051
1247631280875913742,Club premier room with king bed and one sofa bed,545750991,1470442977327484277,M Hotel Singapore City Centre,Central Region,Downtown Core,1.27392,103.84481,Private room,545,1,0,,,15,364,0,L0031
1247631300344863691,Classy Premier King Room in city centre,545750991,1470442977327484277,M Hotel Singapore City Centre,Central Region,Downtown Core,1.27392,103.84481,Private room,425,1,2,2025-08-15,0.19,15,364,2,L0031
1248122162330316547,Aranda Country Club Executive Suite (Ground floor),651570560,1470639067572730845,Aranda Country Club,East Region,Pasir Ris,1.3761439,103.9536304,Entire home/apt,330,1,7,2026-02-25,0.62,4,138,7,S0598
1249599562146029286,Beach Bay@Attractions Packed Beach Resort 4 beds2.,2676835,1462604586705061088,Hsoloscargo Residentcubes,East Region,Pasir Ris,1.3755842726729717,103.95669166830866,Private room,359,1,0,,,35,40,0,M3696
1249621253662167153,2 Storey Loft @ Attractions Packed Beach Resort2.,2676835,1462604586705061088,Hsoloscargo Residentcubes,East Region,Pasir Ris,1.3753817715998635,103.9570061977571,Private room,433,1,0,,,35,82,0,M3696
1250664127604301004,Fabulous 2 br at Orchard,238891646,1463258524593591157,Neha,Central Region,Orchard,1.307512568588401,103.83294828598642,Entire home/apt,890,6,0,,,131,363,0,Authorised Serviced Apartment
1252083926209830706,Fabulous studio at Orchard,238891646,1463258524593591157,Neha,Central Region,Orchard,1.3066998393560094,103.83093445419735,Entire home/apt,457,6,0,,,131,363,0,Authorised Serviced Apartment
1253314317325403345,"Alma House, One Bedroom Suite",653907958,1470643894442466617,Alma House,Central Region,River Valley,1.2929272,103.8386723,Private room,242,6,89,2026-05-24,4.35,5,362,49,Authorised Serviced Apartment
1253974800414317414,Common Room rental for ladies,247587163,1469313231634574518,Asfia,West Region,Jurong West,1.3361907,103.7225665,Private room,221,92,0,,,1,364,0,Exempt
1254061358660243009,"Alma House, Studio",653907958,1470643894442466617,Alma House,Central Region,River Valley,1.2929272,103.8386723,Private room,214,6,50,2026-01-18,2.62,5,364,19,Authorised Serviced Apartment
1364979098729611742,Double Room with Window– 5 Min to Farrer Park MRT,680876971,1470702206141498630,Chris,Central Region,Rochor,1.3082960417658347,103.85451160754958,Private room,95,1,1,2025-03-02,0.06,11,364,0,S0521
1254334294650326595,Clean,527665623,1470372480472380055,Bryan,West Region,Bukit Panjang,1.37434,103.76612,Entire home/apt,4720,92,0,,,1,364,0,
1255359550720504351,Cozy room in big house with pool,384593620,1469789444746519151,Josephine,North-East Region,Hougang,1.3673877405960786,103.87585580348969,Private room,,92,0,,,1,90,0,Exempt
1257066182152340231,Centrally Located Room Suite-Somerset/Orchard Area,10248444,1462835470954501673,Recr,Central Region,River Valley,1.2968179361103696,103.83998401723001,Private room,138,6,3,2024-12-14,0.15,64,335,0,Authorised Serviced Apartment
1257671065223860808,A Chill Family Home for 4 Pax,108946090,1467319463423996453,Jc,Central Region,Novena,1.32413,103.84601,Entire home/apt,,6,10,2025-06-26,0.51,17,0,0,Authorised Serviced Apartment
1257883903839485305,"Cozy stay @ beautiful place near NUS, SIM, NUH",74792612,1466920275275610885,Susie,West Region,Clementi,1.3157014457070357,103.76186242979979,Private room,,100,2,2025-12-31,0.14,1,127,1,
1262373708236458790,New Cozy Room Suite /WIFI @ Somerset/city Area,109333133,1467323641148121220,Pat,Central Region,River Valley,1.29675,103.83976,Private room,148,6,9,2026-02-19,0.45,73,237,5,Authorised Serviced Apartment
1262373719670688199,Easy Access Room Suite /WIFI @ Somerset/city Area,109333133,1467323641148121220,Pat,Central Region,River Valley,1.294937713771801,103.83890858412389,Private room,148,6,9,2025-06-14,0.44,73,326,0,Authorised Serviced Apartment
1262373732305054823,New City Cosy 2 Rooms Studio-Somerset/Orchard Area,109333133,1467323641148121220,Pat,Central Region,River Valley,1.2965595833214665,103.8395737562943,Entire home/apt,435,1,2,2026-04-05,0.45,73,320,2,Exempt
1262373745988496937,1 New City Family Loft Studio-Somerset/OrchardArea,109333133,1467323641148121220,Pat,Central Region,River Valley,1.296479820700578,103.83825081193484,Entire home/apt,320,1,10,2026-04-14,0.53,73,236,8,Exempt
1263071652141265178,350M to Serangoon MRT Studio,651579232,1470639078560832371,Claudia,North-East Region,Serangoon,1.3456685600241276,103.87223727067949,Entire home/apt,355,6,0,,,4,364,0,Authorised Serviced Apartment
1265288847858303408,New City Cozy 2Room Studio-Somerset/Orchard Area,61619807,1466758242935516070,Ong,Central Region,River Valley,1.2961790776877489,103.83821848123324,Entire home/apt,434,1,2,2026-06-10,1.58,60,312,2,Exempt
1265288878454238159,New City 2 Bedroom Apt/WIFI -Somerset/Orchard Area,61619807,1466758242935516070,Ong,Central Region,River Valley,1.2946854773703351,103.83834084367375,Entire home/apt,428,1,2,2026-05-13,0.20,60,215,2,Exempt
1265288892759176989,New City Cozy 2-QB Studio Apt-Somerset/OrchardArea,61619807,1466758242935516070,Ong,Central Region,River Valley,1.296756147037139,103.83817061748668,Entire home/apt,323,1,0,,,60,255,0,Exempt
1265288907387767945,New Comfy Studio w Balcony -Somerset/Orchard Area,61619807,1466758242935516070,Ong,Central Region,River Valley,1.29672,103.83823,Entire home/apt,211,1,3,2025-06-17,0.15,60,354,0,Exempt
1265289253814478892,New Easy Access 2 Bedroom Apt-Somerset/OrchardArea,46685310,1465699258666896822,Yyin,Central Region,River Valley,1.29465,103.84016,Entire home/apt,438,6,1,2025-07-25,0.09,71,304,1,Authorised Serviced Apartment
1265289501797725426,NEW Cozy Family 2 Beds Studio-Somerset/OrchardArea,46685310,1465699258666896822,Yyin,Central Region,River Valley,1.2952708705603968,103.84016715534722,Entire home/apt,277,6,20,2026-02-06,0.99,71,233,5,Authorised Serviced Apartment
1267274248707779718,Spacious 120 sqm 2-Bedroom Suite in Singapore,800558,1462514318016420422,⁨Kim (金)⁩,Central Region,Downtown Core,1.2823674,103.851679,Entire home/apt,1278,4,0,,,10,361,0,M0042
1269863028905697608,Studio Unit - Service Apartment,501291108,1470254226398727351,The Assembly Place,Central Region,Tanglin,1.3163713,103.8271781,Entire home/apt,270,6,2,2026-01-27,0.22,5,363,2,Authorised Serviced Apartment
1270088900132297049,New City Cozy 2-Rooms Studio -Somerset/OrchardArea,61619807,1466758242935516070,Ong,Central Region,River Valley,1.29662,103.83796,Entire home/apt,573,6,1,2024-10-23,0.05,60,329,0,Authorised Serviced Apartment
1270629576397461583,Spacious Dual Key 1 Bedroom Unit,657864050,1470652474747252749,Singapore,Central Region,Kallang,1.32803,103.86527,Entire home/apt,34,93,0,,,8,364,0,
1270631361821065268,Penthouse,438521604,1469981233237012045,Marie,West Region,Bukit Panjang,1.3785644,103.7625986,Entire home/apt,129,92,0,,,1,362,0,Exempt
1270739188048773184,Two bedroom @ Orchard Road,657879804,1463908509548679530,W,Central Region,Orchard,1.30117,103.84056,Entire home/apt,74,92,0,,,2,363,0,Exempt
1270750916788857193,One bedroom @ Orchard Road,657879804,1463908509548679530,W,Central Region,Orchard,1.30117,103.84056,Entire home/apt,55,92,0,,,2,179,0,Exempt
1273146445598729319,New Familyt Loft Studio Apt @Somerset/Orchard Area,10248444,1462835470954501673,Recr,Central Region,River Valley,1.295990270538114,103.8382157048029,Entire home/apt,291,1,2,2026-05-22,0.11,64,235,1,Exempt
1273146505287037021,New City Cozy 2 BR Apartment @Orchard/SomersetArea,10248444,1462835470954501673,Recr,Central Region,River Valley,1.29485,103.83958,Entire home/apt,382,1,16,2026-06-06,0.88,64,212,12,Exempt
1273146892193924433,NEW City Comfy en-Suite Room-Somerset/Orchard Area,109333133,1467323641148121220,Pat,Central Region,River Valley,1.296175235271062,103.83811073337014,Private room,152,6,4,2025-10-19,0.21,73,237,1,Authorised Serviced Apartment
1273146910324214626,NEW Cozy Family 2QB Studio Apt-Somerset/Orch. Area,109333133,1467323641148121220,Pat,Central Region,River Valley,1.296031146693516,103.84019171922867,Entire home/apt,335,1,11,2026-01-04,0.85,73,257,10,Exempt
1273146922438941203,NEW DeluxeCozy Loft Studio Apt-Somerset/Orch. Area,109333133,1467323641148121220,Pat,Central Region,River Valley,1.29603,103.83803,Entire home/apt,319,1,0,,,73,233,0,Exempt
1273146967432465760,New Cozy Loft Studio @ Somerset/Orchard Area,109333133,1467323641148121220,Pat,Central Region,River Valley,1.29486,103.838,Entire home/apt,325,1,5,2026-06-01,0.26,73,334,4,Exempt
1273147089681029084,Cozy City Room Suite /WIFI @Somerset /Orchard Area,46685310,1465699258666896822,Yyin,Central Region,River Valley,1.29664,103.83903,Private room,147,6,17,2025-11-19,1.00,71,222,9,Authorised Serviced Apartment
1273147103665538835,New City Cozy Room Suite/WIFI-Somerset/OrchardArea,46685310,1465699258666896822,Yyin,Central Region,River Valley,1.2949591308227473,103.8397731836411,Private room,149,1,2,2025-11-28,0.20,71,260,2,Exempt
1273147512621212350,City Minimalist Studio/WIFI-Somerset/Orchard Area,61619807,1466758242935516070,Ong,Central Region,River Valley,1.29542,103.83844,Entire home/apt,221,6,1,2025-03-04,0.06,60,253,0,Authorised Serviced Apartment
1273147526072083803,New City Compact Studio/WIFI-Somerset/Orchard Area,61619807,1466758242935516070,Ong,Central Region,River Valley,1.2952241361374641,103.83790102504972,Entire home/apt,221,6,0,,,60,242,0,Authorised Serviced Apartment
1273147568804170130,New Comfy Room Suite w WIFI-Somerset/Orchard Area,61619807,1466758242935516070,Ong,Central Region,River Valley,1.29517,103.84017,Private room,151,6,0,,,60,238,0,Authorised Serviced Apartment
1273148228502796094,New City Cozy Room Suite/WIFI-Somerset/OrchardArea,10248444,1462835470954501673,Recr,Central Region,River Valley,1.2944241789338784,103.84009123984386,Private room,164,6,0,,,64,255,0,Authorised Serviced Apartment
1277122968554379586,Close to NUS Botannia 单人公寓,52494253,1462723147514673538,Liu,West Region,Clementi,1.3181921079365013,103.75433161854744,Private room,22,92,0,,,2,350,0,
1278638563004389479,Single Comfort Cabin Room (111) near NUS,1439258,1462518083181087528,K2Guesthouse,Central Region,Queenstown,1.27986,103.7875,Private room,85,1,1,2025-10-13,0.12,44,130,1,S0399
1280054485181233706,2 Bedroom Superior Apt at Newton Food Centre,525002801,1470361685802143782,Randell,Central Region,Newton,1.3106962606934347,103.83980147346233,Entire home/apt,121,92,0,,,2,361,0,
1281561275248057517,Peaceful serene room shared bath,112817803,1467361443942420628,Danielle,North-East Region,Ang Mo Kio,1.375569657234405,103.8309617114427,Private room,20,92,0,,,1,268,0,
1284446834628989282,Master Bedroom by the MRT,8984867,1462791958110029776,Julian,East Region,Tampines,1.33661,103.95892,Private room,,92,0,,,1,90,0,
1289024343920493450,Standard Double Hotel Room in Little India,554949756,1470478055609062261,Front,Central Region,Rochor,1.3092046,103.85317,Private room,122,1,6,2026-01-24,0.52,6,341,6,M1234
1289599933265613292,Superior Double Hotel Room in Little India,554949756,1470478055609062261,Front,Central Region,Rochor,1.3092046,103.85317,Private room,131,1,7,2026-06-12,1.07,6,359,7,M1234
1289634609448372677,Habyt Kada - Deluxe Queen Room,,,,Central Region,Downtown Core,1.2805585,103.8451894,Private room,168,1,1,2025-03-27,0.06,,252,0,
1289634609559578669,Habyt Kada - Studio Room,,,,Central Region,Downtown Core,1.2805585,103.8451894,Private room,168,1,0,,,,132,0,
1289634700587731508,Habyt Kada - Studio Deluxe Room,662109622,,,Central Region,Downtown Core,1.2805585,103.8451894,Private room,,1,0,,,3,0,0,
1289634704575357709,"Two Bedroom suite, minimalist design and spacious",662109622,,,Central Region,Downtown Core,1.2805585,103.8451894,Private room,137,1,0,,,3,223,0,
1289634785191542896,"Three Bedroom suite , luxurious and elegant decor",662109622,1470662049186997951,,Central Region,Downtown Core,1.2805585,103.8451894,Private room,136,1,0,,,3,218,0,
1289719008815143656,Triple Bed Room in Little India Hotel,554949756,1470478055609062261,Front,Central Region,Rochor,1.3092046,103.85317,Private room,168,1,16,2026-03-30,1.29,6,350,15,M1234
1290347038313595595,Studio with Balcony near Novena MRT,108946090,1467319463423996453,Jc,Central Region,Novena,1.3248702118650033,103.84790326650048,Entire home/apt,,6,0,,,17,0,0,Authorised Serviced Apartment
1290947334777048082,Embrace Tranquility. Zen Living.,658005868,1470652920205125430,Sakura,North Region,Sungei Kadut,1.4173508812364704,103.75982996262036,Private room,14,92,1,2025-07-06,0.08,1,364,1,
1291267976099099893,Stylish & Cozy Co-living space,122243761,1468239792040954584,Shans Coliving,Central Region,Rochor,1.3050943,103.8532522,Private room,33,92,0,,,7,179,0,Exempt
1291926881199645857,Stylish & Cozy co-living space,122243761,1468239792040954584,Shans Coliving,Central Region,Rochor,1.3043772509940383,103.85425243250161,Private room,33,92,0,,,7,363,0,Exempt
1291961811088348666,Stylish & Cozy Co-living space,122243761,1468239792040954584,Shans Coliving,Central Region,Rochor,1.30564,103.85411,Private room,22,92,0,,,7,364,0,Exempt
1291975938986668058,Stylish & Cozy Co-living space,122243761,1468239792040954584,Shans Coliving,Central Region,Rochor,1.3050943,103.8532522,Private room,33,92,0,,,7,363,0,Exempt
1291976420482563454,Stylish & Cozy Co-living space,122243761,1468239792040954584,Shans Coliving,Central Region,Rochor,1.3050943,103.8532522,Private room,17,92,0,,,7,363,0,Exempt
1291993758503637592,Stylish & Cozy Co-living space,122243761,1468239792040954584,Shans Coliving,Central Region,Rochor,1.3050943,103.8532522,Private room,21,92,0,,,7,363,0,Exempt
1292000714964253527,Stylish & Cozy Co-living space,122243761,1468239792040954584,Shans Coliving,Central Region,Rochor,1.3050943,103.8532522,Private room,22,92,0,,,7,363,0,Exempt
1294098476942265354,Private Double with Shared Bath,521372493,1470346046708083555,Radzone Hostel,Central Region,Singapore River,1.2870313,103.8489388,Shared room,121,1,0,,,4,342,0,Exempt
1294643455196374244,2BR Superior Apt near West Coast Plaza,376693750,1469768126115895721,Randell,West Region,Clementi,1.3037119,103.766029,Entire home/apt,100,92,0,,,2,364,0,
1295238447814060622,Affordable Single Cabin Room @Nus and Mrt (112),1439258,1462518083181087528,K2Guesthouse,Central Region,Queenstown,1.2803,103.78727,Private room,99,1,0,,,44,126,0,S0399
1295474357603673048,Space UPlift L3F,8067685,1462748308005303242,Fiona,North-East Region,Ang Mo Kio,1.3876688550732517,103.83737340188502,Private room,37,92,0,,,1,311,0,
1297609663625645209,New Deluxe 2-QB Studio Apt- Somerset/ Orchard Area,10248444,1462835470954501673,Recr,Central Region,River Valley,1.2947,103.84008,Entire home/apt,338,6,0,,,64,341,0,Authorised Serviced Apartment
1298240569886538203,New City Family 2 Rm Studio-Somerset/Orchard Area,10248444,1462835470954501673,Recr,Central Region,River Valley,1.29477,103.84001,Entire home/apt,413,6,6,2025-12-27,0.35,64,330,4,Authorised Serviced Apartment
1298279713280635359,New City Cozy Room Suite/WIFI-Somerset/OrchardArea,10248444,1462835470954501673,Recr,Central Region,River Valley,1.29683,103.83982,Private room,158,1,0,,,64,334,0,Exempt
1298280168073199401,New Comfy City Room Suite @ Somerset/Orchard Area,46685310,1465699258666896822,Yyin,Central Region,River Valley,1.29494,103.83831,Private room,154,6,7,2025-09-21,0.41,71,327,1,Authorised Serviced Apartment
1298304693095813522,New Deluxe Studio Apt/WIFI @Somerset/ Orchard Area,10248444,1462835470954501673,Recr,Central Region,River Valley,1.2965779719974666,103.83791188658516,Entire home/apt,220,1,0,,,64,341,0,Exempt
1298306276925215082,New City Compact Studio Apt @Somerset/Orchard Area,46685310,1465699258666896822,Yyin,Central Region,River Valley,1.2961066641607741,103.84017729127153,Entire home/apt,196,1,9,2026-02-14,0.49,71,352,2,Exempt
1298306821436355793,New Deluxe Studio Apt/WIFI @Somerset/ Orchard Area,109333133,1467323641148121220,Pat,Central Region,River Valley,1.29653,103.83824,Entire home/apt,249,6,0,,,73,242,0,Authorised Serviced Apartment
1298350621345394366,New Deluxe City Loft Studio-Somerset/ Orchard Area,46685310,1465699258666896822,Yyin,Central Region,River Valley,1.2950704484713516,103.83799691119908,Entire home/apt,329,6,4,2025-11-18,0.24,71,325,2,Authorised Serviced Apartment
1298367055912625397,新加坡东海岸 豪华禅意双床,652674004,1463901110150780336,Mira,East Region,Bedok,1.3156852,103.9422477,Private room,,365,0,,,2,284,0,
1298394088890426354,New Luxe Balcony Studio Apt@ Somerset/Orchard Area,109333133,1467323641148121220,Pat,Central Region,River Valley,1.296380404691252,103.83804601064038,Entire home/apt,230,6,1,2025-08-26,0.10,73,163,1,Authorised Serviced Apartment
1298401999313639862,New Cozy Family Studio Apt@ Somerset/ Orchard Area,109333133,1467323641148121220,Pat,Central Region,River Valley,1.2965075612544144,103.83819094208489,Entire home/apt,252,6,0,,,73,247,0,Authorised Serviced Apartment
1298486869378455777,Fabulous 2 Bedroom Apartment at Havelock road,238891646,1463258524593591157,Neha,Central Region,Bukit Merah,1.28882,103.83184,Entire home/apt,685,6,1,2025-07-25,0.09,131,363,1,Authorised Serviced Apartment
1298499011850976732,"Spacious 3 Bedroom Apartment, near MRT",238891646,1463258524593591157,Neha,Central Region,Bukit Merah,1.29072,103.83207,Entire home/apt,909,6,1,2025-08-14,0.09,131,357,1,Authorised Serviced Apartment
1299877828985823706,Novena Serviced Apartment- Deluxe One bedroom 9,24496358,1465305327734698378,Katherine,Central Region,Novena,1.3185311,103.8474873,Entire home/apt,275,6,2,2026-02-21,0.14,53,313,1,Authorised Serviced Apartment
1299892458693777502,Stunning Seaview in the CBD!,78727517,1466963558934292836,Scott,Central Region,Downtown Core,1.2739636088482553,103.84705359862059,Entire home/apt,,92,3,2025-01-18,0.16,1,50,0,Exempt
1299928827892640344,Novena Serviced Apartment-Deluxe One bedroom,68059127,1466841137906743877,Wei,Central Region,Novena,1.3185311,103.8474873,Entire home/apt,240,6,3,2026-03-07,0.20,50,316,2,Authorised Serviced Apartment
1300432887991713647,December only master and common bedroom NUS,949264,1462534066107623166,Amigo,Central Region,Queenstown,1.3123444,103.7883742,Private room,,92,0,,,1,0,0,
1303955219727272437,New Comfy Family-Loft Studio-Somerset/Orchard Area,46685310,1465699258666896822,Yyin,Central Region,River Valley,1.29653,103.83944,Entire home/apt,328,6,0,,,71,324,0,Authorised Serviced Apartment
1304066465447656325,City Cozy Loft Studio Apt -Somerset/Orchard Area,10248444,1462835470954501673,Recr,Central Region,River Valley,1.29477,103.83858,Entire home/apt,318,1,8,2026-06-14,1.83,64,331,8,Exempt
1304068562876015691,New Cozy Studio Apt/WIFI @Somerset/ Orchard Area,46685310,1465699258666896822,Yyin,Central Region,River Valley,1.2967926820989226,103.83849127237606,Entire home/apt,267,6,12,2026-01-25,0.69,71,331,7,Authorised Serviced Apartment
1304069572049684905,New City Cozy 2QB Studio Apt-Somerset/Orchard Area,61619807,1466758242935516070,Ong,Central Region,River Valley,1.29461,103.83934,Entire home/apt,296,1,17,2026-06-13,0.97,60,317,14,Exempt
1304074944274836942,New Cozy 2QB Family Studio @ Somerset/Orchard Area,109333133,1467323641148121220,Pat,Central Region,River Valley,1.29635,103.83971,Entire home/apt,303,6,2,2025-12-11,0.18,73,151,2,Authorised Serviced Apartment
1304245612864353032,New Cozy 2 Rooms Family Studio-Somerset/City Area,109333133,1467323641148121220,Pat,Central Region,River Valley,1.29453,103.83925,Entire home/apt,404,6,0,,,73,232,0,Authorised Serviced Apartment
1305015830508327690,New Comfy Family Loft Studio-Somerset/Orchard Area,10248444,1462835470954501673,Recr,Central Region,River Valley,1.2963806110243716,103.83836677538146,Entire home/apt,296,1,11,2026-03-07,0.79,64,306,10,Exempt
1305455432315941045,best room in orchard shopping st,30240261,1465445145089329129,Leon,Central Region,River Valley,1.2975665,103.8359868,Private room,,92,0,,,1,90,0,
1305708479714004669,New Comfy Studio Apt/Balcony-Somerset/OrchardArea,10248444,1462835470954501673,Recr,Central Region,River Valley,1.296441744024934,103.83829955343862,Entire home/apt,224,1,0,,,64,345,0,Exempt
1305712363471731665,New Cozy Studio/Balcony Apt-Somerset/Orchard Area,109333133,1467323641148121220,Pat,Central Region,River Valley,1.2944976143514184,103.83795433219034,Entire home/apt,249,6,0,,,73,253,0,Authorised Serviced Apartment
1305762870197957367,1New Cosy Studio Apt/Balcony @Somerset/OrchardArea,10248444,1462835470954501673,Recr,Central Region,River Valley,1.2964,103.8398,Entire home/apt,220,1,2,2026-03-30,0.44,64,353,2,Exempt
1305764194609352155,New Deluxe Balcony Studio Apt-Somerset/OrchardArea,46685310,1465699258666896822,Yyin,Central Region,River Valley,1.2965515099574147,103.84020658701792,Entire home/apt,225,6,3,2025-10-06,0.18,71,343,1,Authorised Serviced Apartment
1306041215051067535,New Comfy Room Suite /WIFI @ Somerset/Orchard Area,109333133,1467323641148121220,Pat,Central Region,River Valley,1.2965858773037648,103.83947736883576,Private room,163,6,0,,,73,147,0,Authorised Serviced Apartment
1306041233447821840,New Comfy Family Loft Studio Orchard/Somerset Area,109333133,1467323641148121220,Pat,Central Region,River Valley,1.2963001758257315,103.8381474398415,Entire home/apt,335,1,1,2026-04-08,0.36,73,228,1,Exempt
1306048811341918233,New Luxe Family 2QB Loft Studio-Somerset/City Area,404487343,1469852328498308929,OngRR,Central Region,River Valley,1.2959282878068796,103.83801127871152,Entire home/apt,340,6,4,2025-09-26,0.27,43,326,2,Authorised Serviced Apartment
1306243357788054049,New Compact Loft Studio/WIFI-Somerset/Orchard Area,10248444,1462835470954501673,Recr,Central Region,River Valley,1.2952994973110992,103.83994937331816,Entire home/apt,,6,2,2025-11-01,0.24,64,343,2,Authorised Serviced Apartment
1306249380244056095,New City Compact Loft Studio-Somerset/Orchard Area,46685310,1465699258666896822,Yyin,Central Region,River Valley,1.296042023453744,103.8398875000293,Entire home/apt,187,6,0,,,71,343,0,Authorised Serviced Apartment
1306274138096981390,New Cozy Loft Studio Apt@ Somerset/ Orchard Area,404487343,1469852328498308929,OngRR,Central Region,River Valley,1.29453,103.83947,Entire home/apt,180,6,4,2025-07-21,0.22,43,344,1,Authorised Serviced Apartment
1306370957563529743,New Comfy en-Suite Room/WIFI-Somerset/Orchard Area,46685310,1465699258666896822,Yyin,Central Region,River Valley,1.29459,103.83832,Private room,152,1,1,2026-05-17,0.68,71,334,1,Exempt
1306372338389015777,New City Cozy Room Suite @ Somerset/ Orchard Area,61619807,1466758242935516070,Ong,Central Region,River Valley,1.2966,103.83942,Private room,142,6,6,2025-09-12,0.34,60,307,3,Authorised Serviced Apartment
1306389617315785047,New Cozy Room Suite/WIFI-Somerset/OrchardArea,404487343,1469852328498308929,OngRR,Central Region,River Valley,1.29672,103.83808,Private room,145,6,0,,,43,238,0,Authorised Serviced Apartment
1306458252774828087,Comfy City Room Suite/ WIFI -Somerset/Orchard Area,109333133,1467323641148121220,Pat,Central Region,River Valley,1.2946,103.84061,Private room,150,6,0,,,73,239,0,Authorised Serviced Apartment
1306574239207960251,1Central Located Studio Apt @Somerset/Orchard Area,10248444,1462835470954501673,Recr,Central Region,River Valley,1.29675,103.84064,Entire home/apt,210,1,4,2026-04-12,1.00,64,262,4,Exempt
1306750404800476311,Central located Cozy Studio @ Somerse/Orchard Area,109333133,1467323641148121220,Pat,Central Region,River Valley,1.29454,103.84055,Entire home/apt,203,1,0,,,73,262,0,Exempt
1306854554543308924,Cozy Compact Studio Apt/WIFI-Somerset/Orchard Area,61619807,1466758242935516070,Ong,Central Region,River Valley,1.29646,103.83895,Entire home/apt,183,6,4,2026-03-21,0.24,60,253,3,Authorised Serviced Apartment
1306859544303077350,City Cozy Studio Apt /WIFI @ Somerset/Orchard Area,109333133,1467323641148121220,Pat,Central Region,River Valley,1.2965011125578594,103.8406988848697,Entire home/apt,212,6,4,2025-10-20,0.22,73,163,3,Authorised Serviced Apartment
1306860255150533715,Central Cozy Studio Apt/WIFI-Somerset/OrchardArea,404487343,1469852328498308929,OngRR,Central Region,River Valley,1.296691399420612,103.83889144673239,Entire home/apt,176,6,1,2025-02-09,0.06,43,240,0,Authorised Serviced Apartment
1309312515411968346,Family Room (2 queen beds and 1 single bed),554949756,1470478055609062261,Front,Central Region,Rochor,1.3092046,103.85317,Private room,220,1,8,2026-05-20,0.77,6,163,8,M1234
1309428590557640347,Spacious Attic Studio Near Town,657864050,1470652474747252749,Singapore,Central Region,Kallang,1.31612,103.85831,Entire home/apt,45,92,0,,,8,364,0,
1309466989404771093,Spacious Studio Unit In Town,657864050,1470652474747252749,Singapore,Central Region,Kallang,1.31599,103.85688,Entire home/apt,44,92,0,,,8,364,0,
1309472050479764448,Cosy 1 bedroom unit in town,657864050,1470652474747252749,Singapore,Central Region,Kallang,1.3141117267160858,103.85765353625283,Entire home/apt,44,92,0,,,8,364,0,
1311046284925535987,Organized Home for 4 at Novena,108946090,1467319463423996453,Jc,Central Region,Novena,1.3260759436525231,103.8461587705711,Entire home/apt,,6,4,2025-06-14,0.24,17,0,0,Authorised Serviced Apartment
1312255601257594103,Cozy loft unit in town,657864050,1470652474747252749,Singapore,Central Region,Geylang,1.3152881974107717,103.89897063606804,Entire home/apt,37,92,0,,,8,266,0,
1312812567245126469,NEW Central Cozy 2 BR Apt -Somerset/OrchardArea,404487343,1469852328498308929,OngRR,Central Region,River Valley,1.29448,103.84013,Entire home/apt,340,6,5,2026-06-06,0.30,43,211,3,Authorised Serviced Apartment
1312932716021699125,NEW City Cozy 2 Rooms Studio-Somerset/Orchard Area,404487343,1469852328498308929,OngRR,Central Region,River Valley,1.296584496017215,103.83941866555907,Entire home/apt,440,1,0,,,43,236,0,Exempt
1314437239671960203,"Beautiful and Cosy, Near MRT!",519208906,1470336249672270726,Yumi,Central Region,Marine Parade,1.302319799761309,103.89890414309538,Entire home/apt,81,92,0,,,1,364,0,Exempt
1314483372159402069,City-fringe studio apartment,657864050,1470652474747252749,Singapore,Central Region,Geylang,1.31608,103.89861,Entire home/apt,41,92,0,,,8,364,0,
1315651915525125863,"Superior Single room, comfortable and well lit",667873160,,,Central Region,Kallang,1.3110586,103.8737653,Private room,,1,0,,,4,0,0,
1315651916134063029,Superior Queen @ Habyt Studios Kallang,667873160,1470675699421602276,,Central Region,Kallang,1.3110586,103.8737653,Private room,135,1,0,,,4,325,0,
1315652008053341890,Deluxe Studio no window @ Habyt Studios Kallang,,,,Central Region,Kallang,1.3110586,103.8737653,Private room,187,1,0,,,,345,0,
1315652015159181079,Thoughtfully designed Deluxe Queen Studio,667873160,,,Central Region,Kallang,1.3110586,103.8737653,Private room,177,1,2,2025-04-21,0.12,4,326,0,
1315652091047185933,Premier Studio Queen @ Habyt Studios Kallang,667873160,,,Central Region,Kallang,1.3110586,103.8737653,Private room,177,1,1,2025-09-28,0.11,4,321,1,
1315652094356442416,"Studio Loft, spacious and comfortable",,,,Central Region,Kallang,1.3110586,103.8737653,Private room,187,1,2,2025-08-14,0.15,,305,1,
1315652514612739647,Superior studio single,,,,Central Region,Novena,1.3263412,103.8477399,Private room,145,1,2,2025-04-03,0.12,,348,0,
1315652515073850821,Superior studio queen (no window),,,,Central Region,Novena,1.3263412,103.8477399,Private room,155,1,2,2025-10-22,0.13,,351,1,
1315652604740497202,Superior studio queen,667873257,1470675699690787493,Habyt Novena,Central Region,Novena,1.3263412,103.8477399,Private room,135,1,1,2025-03-11,0.06,2,348,0,
1315652610472728110,Deluxe studio queen,667873257,,Habyt Novena,Central Region,Novena,1.3263412,103.8477399,Private room,155,1,2,2026-06-11,0.13,2,339,1,
1315652688630554864,Premier studio queen,,,,Central Region,Novena,1.3263412,103.8477399,Private room,135,1,2,2026-03-03,0.17,,349,2,
1315672031100794571,"2 Bedroom apartment near MRT, Havelock Road",238891646,1463258524593591157,Neha,Central Region,Bukit Merah,1.2893,103.83213,Entire home/apt,669,6,1,2025-08-19,0.10,131,357,1,M3213
1315672094739536482,Centrally located 2 Bedroom Apartment,238891646,1463258524593591157,Neha,Central Region,Rochor,1.3001050771904958,103.85269158085337,Entire home/apt,120,92,0,,,131,363,0,Authorised Serviced Apartment
1316065943885927362,Single Room/Hillview/Near MRT,63180047,1466779861175302824,Janet,West Region,Bukit Batok,1.3570496,103.7598731,Private room,21,92,0,,,1,364,0,
1317634105948886927,City Fringe Condo Common Room,47928660,1462708179256080236,Anna Kexin,Central Region,Geylang,1.31169,103.88993,Private room,21,92,0,,,2,364,0,
1317636920061244332,The sunny spring guest room,47928660,1462708179256080236,Anna Kexin,Central Region,Geylang,1.3096327478679655,103.8908738270402,Private room,,92,0,,,2,90,0,
1320848285122971172,Modern Apartment near Orchard Rd with Pool & Gym!,2358002,1462592939748634015,Leslie,Central Region,River Valley,1.2964,103.83803,Private room,20,92,0,,,1,151,0,
1321362964936643732,"Central, 5 minutes from Orchard",17354380,1463008178709985452,Pooja,Central Region,River Valley,1.29955,103.83224,Private room,,92,0,,,2,362,0,
1321722084789469932,Sentosa island ORA hotel,538385739,1470414311414366544,Steven,Central Region,Southern Islands,1.25695,103.82029,Private room,411,1,5,2026-05-12,0.28,2,357,3,S9530
1322758420420779598,Rent out entire living space,224816054,1469193932368247097,E,North Region,Sembawang,1.44822,103.83235,Entire home/apt,15,190,0,,,2,364,0,
1322768108718953327,rent out entire living space hdb,224816054,1469193932368247097,E,North Region,Sembawang,1.44822,103.83235,Entire home/apt,15,192,0,,,2,364,0,
1322947614503168163,Cozy vibes,590785847,1470614155917148316,Chng,North-East Region,Hougang,1.36786,103.88828,Private room,,92,0,,,1,90,0,Authorised Serviced Apartment
1325672655801870215,River Valley Room for rent!,6675090,1462712462082703370,Evelyn,Central Region,Bukit Merah,1.29323,103.81922,Private room,18,92,0,,,3,364,0,
1326582346195667345,Spacious 3 BR near Botanic Gardens MRT and cafes,2329770,1462592180830802719,Ashley,Central Region,Bukit Timah,1.32662,103.8127,Entire home/apt,,92,0,,,1,87,0,
1327474735092440170,Executive Suite in Coliving Home,670920744,1470681699522317211,Hei Homes,Central Region,Novena,1.322,103.84278,Private room,33,92,0,,,1,364,0,
1331208941160275555,Pearl's Hill Terrace 1 bedroom Singapore,456752357,1463747398998581197,Matavee,Central Region,Outram,1.2844623086185145,103.8409636169672,Private room,297,6,0,,,2,357,0,Exempt
1331223971253499843,gemmil lane 1 bedroom Singapore,456752357,1463747398998581197,Matavee,Central Region,Outram,1.2824535034156392,103.84728658944367,Private room,492,6,0,,,2,361,0,Exempt
1333081876466895737,Comfy 1 Bedroom Apt for 1 Pax,108946090,1467319463423996453,Jc,Central Region,Novena,1.3240309040043363,103.84564064902524,Entire home/apt,,6,0,,,17,0,0,Authorised Serviced Apartment
1333360144259034736,Beautiful Clean Cozy Room!,37646474,1465563597071485672,Nancy,West Region,Choa Chu Kang,1.397537,103.7510112,Private room,25,92,0,,,1,361,0,
1333775744789750642,Affordable Double Room NEAR NUS & HawPar MRT (6),1439258,1462518083181087528,K2Guesthouse,Central Region,Queenstown,1.2812816479091031,103.78714499012716,Private room,77,30,1,2026-03-31,0.33,44,99,1,S0399
1335335017353294696,City Center Hotel Connecting Room Chinatown Sg,2676835,1462604586705061088,Hsoloscargo Residentcubes,Central Region,Outram,1.2861754741253355,103.84568218025447,Private room,722,1,0,,,35,90,0,S8275
1335851191064677766,Guilin View Apt Central,65893484,1466814726235115042,Metilda,West Region,Bukit Batok,1.35708,103.75186,Entire home/apt,24,180,0,,,1,364,0,
1335973675275281074,Cute 1 Bedroom Apt at Novena,108946090,1467319463423996453,Jc,Central Region,Novena,1.3246460305728682,103.84543110718377,Entire home/apt,,6,0,,,17,0,0,Exempt
1336351356101307394,Designer Home Rare Edition,5092893,1462538891963540173,Sam,North-East Region,Ang Mo Kio,1.3753816921067183,103.83060795909383,Entire home/apt,354,92,0,,,3,364,0,
1336767663147239829,Cosy One Bedroom,673690444,1470687471241819909,Jade Chen,Central Region,Geylang,1.3176568140461524,103.88485696166754,Private room,19,92,0,,,1,364,0,
1337620154431778248,Spacious 1-Bedder Apt at Marina Bay w Garden View,4189855,1462649893007104009,Thiam Khai,Central Region,Downtown Core,1.27615,103.85261,Entire home/apt,59,92,0,,,1,177,0,
1338131598150897404,Your Female Pod In SG(FP-A-301B),50158481,1465766722666010133,Dream Lodge,Central Region,Kallang,1.3101886382817542,103.85826952698366,Shared room,35,1,222,2026-06-01,12.81,5,357,136,S0581
1339444586883104498,Aranda Country Club Executive Suite (2nd floor),651570560,1470639067572730845,Aranda Country Club,East Region,Pasir Ris,1.37578,103.95463,Entire home/apt,295,1,11,2026-03-14,0.79,4,143,9,S0598
1340117225750178279,"Mich&Stevens,Room w/sharedBathrm",20872645,1463140805410076297,Michelle,West Region,Bukit Batok,1.3568189947111537,103.75956196375425,Private room,10,92,0,,,1,278,0,
1340139141658285718,lily,528203435,1470374733776941646,Qingxia,West Region,Choa Chu Kang,1.3873530278952906,103.7437841668725,Private room,80,15,3,2025-11-04,0.20,4,352,1,Exempt
1340929750803163262,Singapore Robertson Quay unit,67860905,1466838653455266498,Jeffery,Central Region,Singapore River,1.2914059,103.8377933,Entire home/apt,63,92,0,,,1,192,0,
1341701597256289125,Cozy 2 Queen beds Studio @Somerset/Orchard Area,61619807,1466758242935516070,Ong,Central Region,River Valley,1.2947280578139413,103.83865785390262,Entire home/apt,293,6,2,2025-08-13,0.17,60,253,2,Authorised Serviced Apartment
1343180658186138318,New Cozy Family2QB Studio Apt-Somerset/OrchardArea,404487343,1469852328498308929,OngRR,Central Region,River Valley,1.2966274141755936,103.83987919605535,Entire home/apt,270,6,2,2025-10-07,0.12,43,338,1,Authorised Serviced Apartment
1343201042844114892,Double Bed in Shared Hostel,521372493,1470346046708083555,Radzone Hostel,Central Region,Singapore River,1.2870312180351968,103.84893883019686,Shared room,56,1,68,2026-06-21,4.11,4,362,56,Exempt
1343206443923719513,Single Bed in Shared Hostel,521372493,1470346046708083555,Radzone Hostel,Central Region,Singapore River,1.2870312180351968,103.84893883019686,Shared room,44,1,31,2026-06-21,1.84,4,361,24,Exempt
1343279650923634953,New Comfy Studio Apt/Balcony-Somerset/Orchard Area,46685310,1465699258666896822,Yyin,Central Region,River Valley,1.29644662167139,103.84011238020834,Entire home/apt,220,1,0,,,71,347,0,Exempt
1343419833722782300,NEW City Cozy 2 Bedroom Apt @Somerset/Orchard Area,404487343,1469852328498308929,OngRR,Central Region,River Valley,1.29481,103.83939,Entire home/apt,440,1,4,2026-06-09,0.24,43,302,2,Exempt
1343446362439764941,1 City Comfy Studio Apt/WIFI-Somerset/Orchard Area,46685310,1465699258666896822,Yyin,Central Region,River Valley,1.2969242779827834,103.84037085414685,Entire home/apt,220,1,0,,,71,350,0,Exempt
1343570517071036051,City Studio Apt/WIFI @ Somerset/Orchard Area,404487343,1469852328498308929,OngRR,Central Region,River Valley,1.2965609447745934,103.84062387807268,Entire home/apt,194,6,0,,,43,254,0,Authorised Serviced Apartment
1343974752354429672,New City Cozy Studio Apt/WIFI-Somerset/OrchardArea,10248444,1462835470954501673,Recr,Central Region,River Valley,1.2965733863197066,103.83813651504958,Entire home/apt,217,6,3,2025-06-03,0.19,64,343,0,Authorised Serviced Apartment
1344014131118367064,1 New Comfy 2 Rooms Studio @ Somerset/Orchard Area,61619807,1466758242935516070,Ong,Central Region,River Valley,1.29444,103.83843,Entire home/apt,441,1,1,2026-05-15,0.65,60,318,1,Exempt
1344111998892645325,New Comfy 2 Bedrooms Apt @ Somerset/Orchard Area,10248444,1462835470954501673,Recr,Central Region,River Valley,1.29635,103.83969,Entire home/apt,440,1,0,,,64,308,0,Exempt
1344547688385162840,New Easy Access Room Suite @ Somerset/Orchard,46685310,1465699258666896822,Yyin,Central Region,River Valley,1.2967672549006886,103.83919362309815,Private room,152,6,0,,,71,325,0,Authorised Serviced Apartment
1344575891027257713,Cozy BR Suite/WIFI/Easy Access-Somerset/Orch Area,61619807,1466758242935516070,Ong,Central Region,River Valley,1.29637,103.84042,Private room,159,6,0,,,60,325,0,Authorised Serviced Apartment
1344809682698712822,New Family Cozy 2QB Studio Apt Somerset/Orch. Area,404487343,1469852328498308929,OngRR,Central Region,River Valley,1.29606,103.83782,Entire home/apt,290,1,0,,,43,256,0,Exempt
1344849433741431046,New Comfy Studio Apt/Balcony @Somerset/OrchardArea,404487343,1469852328498308929,OngRR,Central Region,River Valley,1.2953,103.83991,Entire home/apt,200,1,0,,,43,351,0,Exempt
1344894591929119544,New Deluxe Studio Apt/WIFI @ Somerset/Orchard Area,404487343,1469852328498308929,OngRR,Central Region,River Valley,1.29506,103.84018,Entire home/apt,249,6,2,2025-04-15,0.13,43,333,0,Authorised Serviced Apartment
1345203308848553425,1 Comfy 2QB Studio Apt/WIFI @Somerset/Orchard Area,46685310,1465699258666896822,Yyin,Central Region,River Valley,1.2960832460845786,103.84058933131368,Entire home/apt,291,1,1,2026-03-26,0.31,71,350,1,Exempt
1345216532468535369,Cozy Studio Apt /WIFI @Somerset/Orchard Area,46685310,1465699258666896822,Yyin,Central Region,River Valley,1.2966290192040328,103.83923993190854,Entire home/apt,215,6,1,2025-12-01,0.14,71,343,1,Authorised Serviced Apartment
1345891939259136012,New Cosy Studio Apt/Balcony-Somerset/Orchard Area,10248444,1462835470954501673,Recr,Central Region,River Valley,1.29665,103.83939,Entire home/apt,197,1,0,,,64,351,0,Exempt
1346027236788079433,6 bed mixed dorm (1) in Hostel,474773234,1470140749364838732,River City,Central Region,Singapore River,1.28655,103.8476,Shared room,43,1,9,2026-06-14,0.56,14,339,7,S0301
1346039598045648279,6 Bed Mixed Dorm (2) in Hostel,474773234,1470140749364838732,River City,Central Region,Singapore River,1.28646,103.84833,Shared room,43,1,2,2025-05-07,0.12,14,357,0,S0301
1346354420159732076,6 Bed Mixed Dorm (3) in Hostel,474773234,1470140749364838732,River City,Central Region,Singapore River,1.28836,103.84636,Shared room,39,1,1,2025-02-25,0.06,14,183,0,S0301
1346363354944047426,9 Bed Mixed Dorm (2) in Hostel,474773234,1470140749364838732,River City,Central Region,Singapore River,1.2874616,103.8471597,Shared room,41,1,0,,,14,187,0,S0301
1346639446239789585,Cosy room near East Coast Park,6315161,1462703308429812663,Tara,East Region,Bedok,1.3134335342276047,103.93711030885929,Private room,,92,0,,,1,233,0,
1348198066277353354,Fully furnished 2 Bedroom Condo,657864050,1470652474747252749,Singapore,Central Region,Novena,1.3254179,103.8531355,Entire home/apt,51,92,0,,,8,364,0,
1348268344518940558,Cosy Bunk Room for Budget Stays Near Kallang MRT,676710654,1470693427268215553,Kah Shiong,Central Region,Geylang,1.3132574,103.8758863,Private room,78,1,3,2025-03-16,0.19,6,364,0,S0510
1348338466507742115,"Deluxe, Window",676710654,1470693427268215553,Kah Shiong,Central Region,Geylang,1.3144035833010177,103.87526717990879,Private room,84,1,3,2025-08-15,0.18,6,364,1,S0510
1348340856696751817,Deluxe twin room with View near Kallang MRT,676710654,1470693427268215553,Kah Shiong,Central Region,Geylang,1.3129,103.87683,Private room,105,1,1,2025-02-28,0.06,6,361,0,S0510
1348343822357935398,Premier Room for Relaxing Stays Near Kallang MRT,676710654,1470693427268215553,Kah Shiong,Central Region,Geylang,1.31208,103.87542,Private room,105,1,0,,,6,364,0,S0510
1348345238423635867,Family room,676710654,1470693427268215553,Kah Shiong,Central Region,Geylang,1.3139601316741192,103.8767903710122,Private room,170,1,0,,,6,361,0,S0510
1348819398026386604,Comfy 2Beds2Baths Apt for 4 at Novena,108946090,1467319463423996453,Jc,Central Region,Novena,1.3261742166472892,103.84516733397935,Entire home/apt,,6,1,2025-04-27,0.07,17,0,0,Authorised Serviced Apartment
1351210783305842043,Superior Double Room close to Downtown,674516503,1470688930892924887,Hotel Traveltine,Central Region,Kallang,1.3025087,103.8642451,Private room,133,1,0,,,4,92,0,L0081
1352873550327051901,6 bed mixed dorm (4) in Hostel,474773234,1470140749364838732,River City,Central Region,Singapore River,1.2874161,103.8472705,Shared room,39,1,7,2025-07-01,0.42,14,349,1,S0301
1352885337891104870,新加坡山禾悦别墅禅意房,652674004,1463901110150780336,Mira,East Region,Bedok,1.3156852,103.9422477,Private room,39,92,0,,,2,364,0,
1353337130843954987,Jolly Home for 4 Pax at Novena,108946090,1467319463423996453,Jc,Central Region,Novena,1.3259027521425386,103.84576761261182,Entire home/apt,,6,2,2025-03-28,0.12,17,0,0,Authorised Serviced Apartment
1354005223820273636,Double room without window near Kallang MRT,676710654,1470693427268215553,Kah Shiong,Central Region,Kallang,1.3127872721879394,103.87499196849807,Private room,84,1,2,2025-02-21,0.12,6,354,0,S0510
1354847783084731374,Rustic House for 3 Pax at Novena (2BR),108946090,1467319463423996453,Jc,Central Region,Novena,1.32448,103.84546,Entire home/apt,,6,3,2025-05-27,0.18,17,0,0,Authorised Serviced Apartment
1354883996744969920,Fort780 Private Studio with WiFi near NEX Mall/MRT,159031223,1468548547772751285,Stay With Fort,North-East Region,Hougang,1.3545603,103.8792847,Private room,143,6,26,2026-06-11,1.70,8,337,20,Authorised Serviced Apartment
1355386557880114266,Fort780 Cozy 1-BR with Wi-Fi near NEX Mall/MRT,159031223,1468548547772751285,Stay With Fort,North-East Region,Hougang,1.3545603,103.8792847,Entire home/apt,198,6,3,2025-10-08,0.23,8,348,2,Authorised Serviced Apartment
1355419869118053243,Fort780 Spacious Deluxe 1BR with Wifi near NEX/MRT,159031223,1468548547772751285,Stay With Fort,North-East Region,Hougang,1.3545603,103.8792847,Entire home/apt,223,6,6,2026-04-01,0.38,8,344,4,Authorised Serviced Apartment
1357229015696955203,6 Bed Mixed Dorm (5) in a Hostel,474773234,1470140749364838732,River City,Central Region,Singapore River,1.2874161,103.8472705,Shared room,40,1,0,,,14,355,0,S0301
1357233633468835603,6 Bed Mixed Dorm (6) in a Hostel,474773234,1470140749364838732,River City,Central Region,Singapore River,1.2874161,103.8472705,Shared room,43,1,0,,,14,358,0,S0301
1357259875101674536,9 Bed Mixed Dorm (3) in Hostel,474773234,1470140749364838732,River City,Central Region,Singapore River,1.2874161,103.8472705,Shared room,41,1,0,,,14,187,0,S0301
1357264239347023858,9 Bed Mixed Dorm (4) in Hostel,474773234,1470140749364838732,River City,Central Region,Singapore River,1.2874161,103.8472705,Shared room,41,1,0,,,14,361,0,S0301
1358405543973452486,Caspian Condo ~ Ensuite,228867,1462513235739967781,Champ,West Region,Jurong West,1.3439317264879944,103.71852952656756,Private room,,92,0,,,2,364,0,
1358432959206853778,A Lively Home at Novena for 4Pax,108946090,1467319463423996453,Jc,Central Region,Novena,1.3259637697680504,103.84680984012309,Entire home/apt,,6,2,2025-04-11,0.13,17,0,0,Authorised Serviced Apartment
1358433264523928724,One Bedroom Apartment at ST Residences Balestier,463308915,1470087551731760941,ST Residences Balestier,Central Region,Novena,1.3239575,103.8528243,Entire home/apt,,90,0,,,1,340,0,Authorised Serviced Apartment
1359148134280726663,New Luxe Family Loft Studio-Somerset/Orchard Area,10248444,1462835470954501673,Recr,Central Region,River Valley,1.29507,103.84013,Entire home/apt,354,1,1,2025-10-13,0.12,64,327,1,Exempt
1359270466450018804,New Easy Access Cozy BR Suite-Somerset/OrchardArea,10248444,1462835470954501673,Recr,Central Region,River Valley,1.2952918058282115,103.83812433595614,Private room,151,6,1,2025-04-01,0.07,64,343,0,Authorised Serviced Apartment
1359446999908619845,薰衣草,125437217,1462929185386139432,Yiqi,West Region,Choa Chu Kang,1.38557,103.74354,Private room,82,15,3,2026-01-24,0.23,4,227,2,Exempt
1359514609732043693,New City Cozy Balcony Studio-Somerset/Orchard Area,46685310,1465699258666896822,Yyin,Central Region,River Valley,1.2947,103.83879,Entire home/apt,221,6,1,2025-04-27,0.07,71,343,0,Authorised Serviced Apartment
1359768974639975588,New Family Cozy 2 Rm Studio-Somerset/Orchard Area,46685310,1465699258666896822,Yyin,Central Region,River Valley,1.29656,103.84007,Entire home/apt,419,1,0,,,71,321,0,Exempt
1359786154595419891,New Cozy 2 Rooms Studio APT-Somerset/OrchardArea,46685310,1465699258666896822,Yyin,Central Region,River Valley,1.29455533959425,103.8396511815875,Entire home/apt,450,1,3,2026-02-19,0.27,71,328,3,Exempt
1359864223207987060,Cozy Family 2 Rooms Studio Somerset/Orchard Area,46685310,1465699258666896822,Yyin,Central Region,River Valley,1.2959789404361333,103.83807771726774,Entire home/apt,428,1,1,2026-05-26,0.86,71,316,1,Exempt
1359885009093105801,New Cozy Family 2BR Apartment-Somerset/OrchardArea,46685310,1465699258666896822,Yyin,Central Region,River Valley,1.2949079126548448,103.83968426075161,Entire home/apt,430,1,3,2026-01-24,0.19,71,301,2,Exempt
1359978368464044529,1 NEW Comfy Studio/Balcony @ Somerset/Orchard Area,61619807,1466758242935516070,Ong,Central Region,River Valley,1.2968,103.84009,Entire home/apt,252,1,1,2026-02-15,0.22,60,350,1,Exempt
1360002782987306879,New City Cozy 2 Beds Studio @Somerset/Orchard Area,61619807,1466758242935516070,Ong,Central Region,River Valley,1.29633,103.83828,Entire home/apt,283,6,8,2026-02-17,0.57,60,337,7,Authorised Serviced Apartment
1360441929513870368,Comfort Deluxe Family Room with Street View,674507123,,,Central Region,Rochor,1.30493,103.85365,Private room,170,1,5,2025-09-05,0.34,1,351,2,
1360442149406882719,Comfort Deluxe Queen Room with Street View,,,,Central Region,Rochor,1.30493,103.85365,Private room,170,1,2,2025-05-20,0.13,,361,0,
1360443252300949053,Comfort Deluxe Twin Room with Street View,,,,Central Region,Rochor,1.30493,103.85365,Private room,170,1,1,2025-03-29,0.07,,362,0,
1360520155928927546,New City-Cozy Room Suite/WIFI-Somerset/OrchardArea,61619807,1466758242935516070,Ong,Central Region,River Valley,1.2951875687661085,103.84012347534149,Private room,149,6,6,2026-01-12,0.50,60,344,6,Authorised Serviced Apartment
1360701017259711319,New City Comfy Rooms Suite @ Somerset/Orchard Area,61619807,1466758242935516070,Ong,Central Region,River Valley,1.2947475475183006,103.83836867527812,Private room,169,6,1,2025-08-26,0.10,60,328,1,Authorised Serviced Apartment
1361073234550030022,New City 2 Rooms Studio Apt @Somerset/Orchard Area,404487343,1469852328498308929,OngRR,Central Region,River Valley,1.2951163131329335,103.83824009759168,Entire home/apt,410,1,0,,,43,319,0,Exempt
1361497917977363587,New Cozy 2 Rooms Apartment @ Somerset/Orchard Area,404487343,1469852328498308929,OngRR,Central Region,River Valley,1.2962624973160999,103.83805524104781,Entire home/apt,404,6,1,2025-07-12,0.08,43,215,1,Authorised Serviced Apartment
1361524661283778455,New Accessible Cozy BR Suite-Somerset/OrchardArea,404487343,1469852328498308929,OngRR,Central Region,River Valley,1.2948736768396476,103.8397395720656,Private room,157,6,0,,,43,342,0,Authorised Serviced Apartment
1361534795336469399,NEW City Cozy Room Suite/WIFI-Somerset/OrchardArea,404487343,1469852328498308929,OngRR,Central Region,River Valley,1.2944856280257886,103.83992326133213,Private room,157,6,0,,,43,328,0,Authorised Serviced Apartment
1361555189244649341,Cosy bedroom with private bath,333322723,1463468996299033285,Daniel,Central Region,Newton,1.3043965343526531,103.8399131310924,Private room,,92,0,,,3,90,0,Exempt
1361575186810254505,Comfy City Studio APT/Balcony-Somerset/OrchardArea,404487343,1469852328498308929,OngRR,Central Region,River Valley,1.2963325764986882,103.84077941700704,Entire home/apt,236,6,0,,,43,259,0,Authorised Serviced Apartment
1361584911889184757,City Cozy Room Suite/WIFI @ Somerset/Orchard Area,404487343,1469852328498308929,OngRR,Central Region,River Valley,1.29662,103.83895,Private room,148,6,0,,,43,326,0,Authorised Serviced Apartment
1361595974009298578,Easy Access Room Suite/WIFI @Somerset/Orchard Area,404487343,1469852328498308929,OngRR,Central Region,River Valley,1.2965876607195927,103.84050268090252,Private room,141,6,1,2025-04-21,0.07,43,330,0,Authorised Serviced Apartment
1362163898873586933,Charming villa in the East,15663330,1462967641394232173,Vivek,Central Region,Marine Parade,1.2982390536522372,103.88886825889212,Private room,35,92,0,,,1,364,0,
1364292763458645376,"Single Room with Window, 5 mins to Farrer Park MRT",680876971,1470702206141498630,Chris,Central Region,Rochor,1.30972,103.8542,Private room,88,1,0,,,11,359,0,S0521
1364944427931632293,Cozy Twin Room – 5 Min Walk to Farrer Park MRT,680876971,1470702206141498630,Chris,Central Region,Rochor,1.3089,103.85635,Private room,84,1,2,2025-11-26,0.13,11,363,1,S0521
1364955339908594565,Snug Double Room – 5 Min Walk to Farrer Park MRT,680876971,1470702206141498630,Chris,Central Region,Rochor,1.3083438086189807,103.85471582714986,Private room,91,1,0,,,11,364,0,S0521
1364961403416718483,Spacious Triple Room –No Window,680876971,1470702206141498630,Chris,Central Region,Rochor,1.30794,103.85467,Private room,110,1,0,,,11,364,0,S0521
1364968016141187945,Quadruple for 4 Pax - 5 Min to Farrer Park,680876971,1470702206141498630,Chris,Central Region,Rochor,1.3084572895473876,103.85443595744802,Private room,170,1,1,2025-03-28,0.07,11,364,0,S0521
1365009690444478851,Deluxe twin with Window- 5 mins to Farrer Park MRT,680876971,1470702206141498630,Chris,Central Region,Rochor,1.3101233454038772,103.85456765578174,Private room,102,1,0,,,11,364,0,S0521
1365016793430726651,"Deluxe Triple Room, 5 min walk to Farrer Park MRT",680876971,1470702206141498630,Chris,Central Region,Rochor,1.3101905704936707,103.85420078535407,Private room,117,1,0,,,11,364,0,S0521
1365607146278165007,"Connecting room, window,  near Farrer Park MRT",680876971,1470702206141498630,Chris,Central Region,Rochor,1.3080895854584167,103.85548756385256,Private room,221,1,11,2026-01-28,0.83,11,358,6,S0521
1365693872009063552,Galaxy Pods Chinatown Single Capsule,681289641,1470703067361625359,Richard,Central Region,Outram,1.2834693000000048,103.84547096931152,Shared room,46,1,84,2026-06-13,5.36,2,182,62,S0589
1366350685509540470,Triple Room close to Downtown,674516503,1470688930892924887,Hotel Traveltine,Central Region,Kallang,1.3025087,103.8642451,Private room,272,1,0,,,4,90,0,L0081
1366350937888032120,Deluxe Double Room close to Downtown,674516503,1470688930892924887,Hotel Traveltine,Central Region,Kallang,1.3025087,103.8642451,Private room,160,1,0,,,4,173,0,L0081
1366351018779965888,Family Room close to Downtown,674516503,1470688930892924887,Hotel Traveltine,Central Region,Kallang,1.3025087,103.8642451,Private room,248,1,0,,,4,89,0,L0081
1367128624122045875,Galaxy Pods Chinatown Double Capsule,681289641,1470703067361625359,Richard,Central Region,Outram,1.2834644,103.8455527,Shared room,58,1,30,2026-04-26,1.91,2,184,17,S0589
1367258114838231197,New City Family 2-Room Studio-Somerset/OrchardArea,46685310,1465699258666896822,Yyin,Central Region,River Valley,1.296363723042919,103.8382596894857,Entire home/apt,402,1,2,2025-11-27,0.13,71,309,1,Exempt
1367280084661745973,1 NEW City Cozy Loft Studio@ Somerset/Orchard Area,61619807,1466758242935516070,Ong,Central Region,River Valley,1.29624,103.84019,Entire home/apt,296,1,0,,,60,345,0,Exempt
1367352350623885320,New City Family 2Rooms Studio-Somerset/OrchardArea,46685310,1465699258666896822,Yyin,Central Region,River Valley,1.2961904533849546,103.83818721689657,Entire home/apt,405,6,0,,,71,321,0,Authorised Serviced Apartment
1367385386918852056,NEW Compact Cozy 2 Rooms Studio-Somerset/City Area,404487343,1469852328498308929,OngRR,Central Region,River Valley,1.29667,103.83803,Entire home/apt,443,1,0,,,43,318,0,Exempt
1367696801318491983,1 NEW City Cozy Studio Apt @ Somerset/Orchard Area,61619807,1466758242935516070,Ong,Central Region,River Valley,1.2960426604636135,103.83986539229063,Entire home/apt,322,1,0,,,60,338,0,Exempt
1368429074505250934,Victoria Studio Queen,23336011,1465271884616547411,Heritage,Central Region,Rochor,1.3044357087035376,103.85880666842627,Private room,141,1,6,2026-01-24,0.48,71,362,5,S0595
1368450537387221528,Victoria Studio Double (No Window),23336011,1465271884616547411,Heritage,Central Region,Rochor,1.3039078812988525,103.86038670418466,Private room,123,1,29,2026-04-27,2.03,71,349,25,S0595
1368477588279837868,Nifty 2Bed 2Bath at Novena 4Pax,108946090,1467319463423996453,Jc,Central Region,Novena,1.3259501280390875,103.84743875613778,Entire home/apt,,6,2,2025-06-02,0.15,17,0,0,Authorised Serviced Apartment
1368584855731737819,"Hotel Classic by Venue, Standard twin (no windo...",682068197,1470704508365049000,Hotel Classic By Venue,Central Region,Geylang,1.3157202,103.8977056,Private room,121,1,68,2026-06-18,6.04,2,337,68,
1368584855837908377,"Hotel Classic by Venue, Standard queen (no wind...",,,,Central Region,Geylang,1.3157202,103.8977056,Private room,121,1,55,2026-06-14,4.17,,336,52,
1368584935520545050,"Hotel Classic by Venue, Superior queen room",,,,Central Region,Geylang,1.3157202,103.8977056,Private room,121,1,16,2026-06-28,1.76,,326,16,
1368585784734865728,Standard queen,,,,Central Region,Marine Parade,1.3095663,103.9023934,Private room,77,1,39,2026-06-11,2.81,,340,22,
1368585867047228190,Superior queen,,,,Central Region,Marine Parade,1.3095663,103.9023934,Private room,96,1,39,2026-03-27,2.71,,344,35,
1368585875892463786,Superior twin,682068491,1470704508831297711,The Venue Hotel,Central Region,Marine Parade,1.3095663,103.9023934,Private room,77,1,4,2026-06-02,0.37,1,336,4,
1368587172062489095,Standard queen (no window) room,,,,Central Region,Geylang,1.3115803,103.9007281,Private room,104,1,15,2026-06-22,1.08,,345,14,
1368587172214912254,Standard twin (no window) room,682068756,,,Central Region,Geylang,1.3115803,103.9007281,Private room,125,1,5,2026-05-28,0.36,2,332,4,
1368587250975162113,Superior queen room,,,,Central Region,Geylang,1.3115803,103.9007281,Private room,104,1,4,2026-06-15,0.36,,346,4,
1368587269176073347,Superior twin room,682068756,,,Central Region,Geylang,1.3115803,103.9007281,Private room,140,1,24,2026-05-31,1.79,2,346,22,
1368825575095003869,Cosy Modern 1 Bedroom Home,10939535,1462576523213806780,Janelle,North-East Region,Serangoon,1.3548553,103.8656265,Entire home/apt,62,92,0,,,1,357,0,
1369311964362394287,Victoria Loft (No Window),23336011,1465271884616547411,Heritage,Central Region,Rochor,1.3043282437836896,103.85895887010214,Private room,118,1,3,2025-08-25,0.21,71,352,1,S0595
1370114888753604618,Private landed property w Pool,117401338,1468201544857174857,Pare,North-East Region,Serangoon,1.3449348898471973,103.86299930512905,Private room,20,120,0,,,1,364,0,
1370784245919443629,Bilik Queen Room near the beach,679890583,1470700273850241452,ISA Hotel & Apartment Hotel,Central Region,Marine Parade,1.3000032,103.9000674,Private room,161,1,0,,,8,359,0,S0554
1370784279981960498,Deluxe Queen Room,679890583,1470700273850241452,ISA Hotel & Apartment Hotel,Central Region,Marine Parade,1.3000032,103.9000674,Private room,198,1,0,,,8,358,0,S0553
1370784368317080436,Deluxe King Room,679890583,1470700273850241452,ISA Hotel & Apartment Hotel,Central Region,Marine Parade,1.3000032,103.9000674,Private room,198,1,0,,,8,357,0,S0553
1370784451327994444,Premium Queen Room,679890583,1470700273850241452,ISA Hotel & Apartment Hotel,Central Region,Marine Parade,1.3000032,103.9000674,Private room,298,1,0,,,8,325,0,S0553
1370784492261658990,Premium King Room,679890583,1470700273850241452,ISA Hotel & Apartment Hotel,Central Region,Marine Parade,1.3000032,103.9000674,Private room,260,1,0,,,8,356,0,S0553
1370784560296587005,Supreme King Room,679890583,1470700273850241452,ISA Hotel & Apartment Hotel,Central Region,Marine Parade,1.3000032,103.9000674,Private room,260,1,0,,,8,343,0,S0553
1370784601548532684,Standard Duo Room in a trendy neighborhood,679890583,1470700273850241452,ISA Hotel & Apartment Hotel,Central Region,Marine Parade,1.3000032,103.9000674,Private room,,1,0,,,8,336,0,S0553
1370784715989062175,Deluxe Duo Room,679890583,1470700273850241452,ISA Hotel & Apartment Hotel,Central Region,Marine Parade,1.3000032,103.9000674,Private room,397,1,0,,,8,350,0,S0553
1370846997595359402,Cosy homestay - interns/students most welcome,126899795,1462932440137944600,⁨Grace43⁩,East Region,Bedok,1.3114033034432906,103.9308213246829,Private room,13,92,0,,,1,364,0,
1371343684203608067,"Hotel NuVe Bugis, NuVe basic (no window) room",,,,Central Region,Rochor,1.302674,103.8584579,Private room,240,1,3,2025-08-14,0.21,,212,1,
1371343684266810540,"Hotel NuVe Bugis, Connecting room (no window)",,,,Central Region,Rochor,1.302674,103.8584579,Private room,180,1,5,2026-06-25,1.90,,208,5,
1371350738767848404,Premier King Room in 7-storey heritage building,677634500,1470695555138395372,Hotel NuVe Elements,Central Region,Singapore River,1.2873696,103.847522,Private room,,1,1,2025-11-21,0.13,2,0,1,S0440
1371350853718455843,Superior Twin Room along lively Clarke Quay,677634500,1470695555138395372,Hotel NuVe Elements,Central Region,Singapore River,1.2873696,103.847522,Private room,,1,2,2025-12-03,0.13,2,0,1,S0440
1371361251068733907,Deluxe queen with pool access,681047152,,,Central Region,Kallang,1.307308,103.858887,Private room,200,1,2,2025-10-09,0.22,1,184,2,
1371361587094194873,Deluxe queen,,,,Central Region,Kallang,1.307308,103.858887,Private room,200,1,10,2026-06-16,0.65,,184,8,
1371379675379704767,"Hotel NuVe Heritage City Hall, Quaint queen",,,,Central Region,Downtown Core,1.2966103,103.855366,Private room,240,1,1,2025-04-02,0.07,,85,0,
1371380025584025715,Deluxe king,,,,Central Region,Downtown Core,1.2966103,103.855366,Private room,230,1,1,2025-07-07,0.08,,85,1,
1371457308995357360,Deluxe Queen Room close to Chinatown,681048765,1470702631528511325,"Harbour Ville Hotel, Hamilton",Central Region,Kallang,1.311631,103.86151,Private room,,1,1,2025-03-30,0.07,2,0,0,S0403
1371457309165282073,Loft Room close to chinatown,681048765,1470702631528511325,"Harbour Ville Hotel, Hamilton",Central Region,Kallang,1.311631,103.86151,Private room,,1,1,2025-04-07,0.07,2,0,0,S0403
1371468663052929115,Quad room with a skylight & bathtub,681052352,1470702636192577376,"Santa Grand Hotel, A NuVe Group Collection",Central Region,Marine Parade,1.3067682,103.9058348,Private room,195,1,3,2026-05-30,0.26,1,301,3,
1371469321518028551,Deluxe king,,,,Central Region,Marine Parade,1.3067682,103.9058348,Private room,195,1,7,2026-04-28,0.50,,333,6,
1371473123354393557,"Harbour Ville Hotel, Premier queen",,,,Central Region,Bukit Merah,1.2726373,103.8277622,Private room,150,1,0,,,,183,0,
1371473502703506427,"Harbour Ville Hotel, Standard queen",,,,Central Region,Bukit Merah,1.2726373,103.8277622,Private room,150,1,11,2026-06-20,0.73,,180,10,
1371477489399280410,"Victoria Hotel, a NuVe Group Collection, Superi...",,,,Central Region,Rochor,1.2971551,103.8524666,Private room,180,1,0,,,,183,0,
1371477870694124720,Superior king,,,,Central Region,Rochor,1.2971551,103.8524666,Private room,180,1,0,,,,181,0,
1371483156073782484,3 Bedroom apartment with laundry room,681052960,1470702636845207374,,Central Region,Bukit Merah,1.2899162,103.8314523,Private room,464,1,2,2025-09-27,0.13,2,205,1,
1371483525810976309,1 Bedroom apartment,,,,Central Region,Bukit Merah,1.2899162,103.8314523,Private room,398,1,1,2025-04-19,0.07,,211,0,
1371483576343592465,2 Bedroom apartment,681052960,,,Central Region,Bukit Merah,1.2899162,103.8314523,Private room,592,1,2,2025-10-03,0.13,2,213,1,
1371702584351367780,Common Room in Cosy Condominium,16878734,1462997110077561088,David,North-East Region,Hougang,1.3752645,103.9041005,Private room,24,92,0,,,2,364,0,
1372020136988890198,Common Room in Cosy Condominium,16878734,1462997110077561088,David,North-East Region,Hougang,1.3752645,103.9041005,Private room,17,92,0,,,2,263,0,
1372333760095576456,Tranquil room in a cosy house,8337751,1462765915004164276,Veronica,North-East Region,Serangoon,1.36713,103.86514,Private room,30,92,0,,,1,173,0,
1374544766177339821,Peaceful Private Room,24476285,1465304670498528996,Ck,North Region,Yishun,1.4312792667026486,103.82725265450355,Private room,15,60,7,2026-05-05,0.47,2,130,5,Exempt
1380884400304985962,Accessible Comfy Room Suite@ Somerset/Orchard Area,46685310,1465699258666896822,Yyin,Central Region,River Valley,1.2948433952817475,103.83840528943222,Private room,160,6,0,,,71,329,0,Authorised Serviced Apartment
1380884417723370929,Easy Access Comfy BR Suite @ Somerset/Orchard Area,46685310,1465699258666896822,Yyin,Central Region,River Valley,1.29508,103.84064,Private room,159,6,0,,,71,333,0,Authorised Serviced Apartment
1380884455747956673,New Comfy Family Studio Apt@ Somerset/Orchard Area,46685310,1465699258666896822,Yyin,Central Region,River Valley,1.29481,103.8401,Entire home/apt,215,6,0,,,71,337,0,Authorised Serviced Apartment
1380884472560143790,NewCozy Family 2QB Studio Apt-Somerset/OrchardArea,46685310,1465699258666896822,Yyin,Central Region,River Valley,1.29659,103.838,Entire home/apt,323,6,0,,,71,337,0,Authorised Serviced Apartment
1380884526925505437,City Comfy Room Suite/WIFI @ Somerset/Orchard Area,109333133,1467323641148121220,Pat,Central Region,River Valley,1.294546414054025,103.83988915932257,Private room,159,6,0,,,73,333,0,Authorised Serviced Apartment
1380884556282673361,New City Cozy Studio Apt/WIFI-Somerset/OrchardArea,109333133,1467323641148121220,Pat,Central Region,River Valley,1.29665,103.83845,Entire home/apt,236,1,1,2025-08-18,0.09,73,341,1,Exempt
1381310380520420427,New Comfy 2 Beds Studio Apt@ Somerset/Orchard Area,109333133,1467323641148121220,Pat,Central Region,River Valley,1.296548801016776,103.83782925878901,Entire home/apt,323,1,0,,,73,346,0,Exempt
1381891002702649907,e# Cozy Private Room @ Farrer Park,685536791,1470711594902076739,Nanda,Central Region,Kallang,1.3114072214053984,103.85806215645674,Private room,14,92,0,,,2,364,0,
1382311297245411252,Galaxy Pods Boat Quay Single,685640177,1470711778330156569,Richard,Central Region,Singapore River,1.287657,103.8489571,Shared room,32,1,27,2026-06-05,2.02,2,169,25,Exempt
1382376411379566157,Galaxy Pods Boat Quay Double,685640177,1470711778330156569,Richard,Central Region,Singapore River,1.287657,103.8489571,Shared room,58,1,3,2026-03-20,0.20,2,181,2,Exempt
1383253400357101331,Fully furnished independent bungalow.,5092893,1462538891963540173,Sam,North-East Region,Ang Mo Kio,1.3757011765931118,103.82911423119825,Entire home/apt,261,92,0,,,3,364,0,
1383662753417352734,f# Cozy Private Room @ Farrer Park,685536791,1470711594902076739,Nanda,Central Region,Kallang,1.31094,103.85634,Private room,13,92,0,,,2,262,0,
1383835231312995022,Colonial beachfront home with sea views,681544907,1470703629035427496,House Of Melissa Boutique Farmstay,East Region,Changi,1.3910832,103.9851761,Private room,600,1,0,,,1,79,0,Authorised Serviced Apartment
1384018651538872739,Luxurious three br apartment,238891646,1463258524593591157,Neha,Central Region,Queenstown,1.28803,103.79385,Entire home/apt,150,92,0,,,131,363,0,Authorised Serviced Apartment
1384517015736114901,Small double,686218657,,,Central Region,Outram,1.2837871,103.8445143,Private room,270,1,4,2026-04-30,0.67,6,213,4,
1384517103479715521,Standard double,,,,Central Region,Outram,1.2837871,103.8445143,Private room,270,1,3,2026-03-20,0.53,,236,3,
1384517120290936732,Twin room,686218657,,,Central Region,Outram,1.2837871,103.8445143,Private room,270,1,7,2026-05-13,0.59,6,217,7,
1384517182849252537,Deluxe double,686218657,,,Central Region,Outram,1.2837871,103.8445143,Private room,321,1,5,2026-03-23,0.42,6,235,5,
1384517199377987383,Studio room,,,,Central Region,Outram,1.2837871,103.8445143,Private room,220,1,1,2026-02-20,0.23,,229,1,
1384517254369762689,Studio plus,686218657,1470712920808791048,,Central Region,Outram,1.2837871,103.8445143,Private room,270,1,1,2026-06-05,1,6,234,1,
1384517270605360381,Family room,,,,Central Region,Outram,1.2837871,103.8445143,Private room,270,1,6,2026-06-27,0.77,,218,6,
1384517330327975627,Family plus,686218657,,,Central Region,Outram,1.28379,103.84451,Private room,262,1,1,2026-05-18,0.65,6,196,1,
1384517350667720107,Loft room,686218657,1470712920808791048,,Central Region,Outram,1.2837871,103.8445143,Private room,270,1,2,2026-04-06,0.34,6,207,2,
1385119706478676480,"4-BR House, The Keystone at Bukit Timah, Near MRT",684026224,1470708425436362742,Roselle,Central Region,Queenstown,1.3080761323903358,103.79952646408616,Entire home/apt,101,92,0,,,1,177,0,
1385260149120006056,"Serviced apt, 2-bedrm Suite, 2 queen beds, sleep 4",396588956,1469826754937713691,Weave Living Singapore,Central Region,Rochor,1.3022928,103.8497956,Entire home/apt,500,6,4,2025-10-05,0.33,4,257,4,Authorised Serviced Apartment
1385268057402211587,"Serviced apt, Premium Suite - 1 bed, Weave Suites",396588956,1469826754937713691,Weave Living Singapore,Central Region,Rochor,1.3022928,103.8497956,Entire home/apt,250,6,1,2025-07-28,0.09,4,257,1,Authorised Serviced Apartment
1385270767333358854,"Serviced apt, Junior Suite, 1 bed, Weave Suites",396588956,1469826754937713691,Weave Living Singapore,Central Region,Rochor,1.3022928,103.8497956,Entire home/apt,360,6,2,2025-08-01,0.17,4,257,2,Authorised Serviced Apartment
1385288150029580253,Studio King room near Sentosa & Downtown,686408018,1470713319168924844,Marsaulina Marangkir,Central Region,Bukit Merah,1.273548,103.833406,Private room,,1,0,,,4,0,0,Authorised Serviced Apartment
1385288150259255653,Queen Studio in urban heartland,686408018,1470713319168924844,Marsaulina Marangkir,Central Region,Bukit Merah,1.273548,103.833406,Private room,,1,0,,,4,0,0,Authorised Serviced Apartment
1385288225802763902,Studio Twin room in residential city centre,686408018,1470713319168924844,Marsaulina Marangkir,Central Region,Bukit Merah,1.273548,103.833406,Private room,,1,0,,,4,0,0,Authorised Serviced Apartment
1385288232565908597,Family Suite near Sentosa & Tanjong Pagar,686408018,1470713319168924844,Marsaulina Marangkir,Central Region,Bukit Merah,1.273548,103.833406,Private room,,1,0,,,4,0,0,Authorised Serviced Apartment
1387408042593557128,绿叶,125437217,1462929185386139432,Yiqi,West Region,Choa Chu Kang,1.3871849,103.743448,Private room,81,18,2,2025-10-16,0.19,4,342,2,Exempt
1389533190215593188,2 bedroom Apartment for short stays,238891646,1463258524593591157,Neha,Central Region,Bukit Merah,1.28899,103.83077,Entire home/apt,637,6,1,2025-07-21,0.09,131,357,1,Authorised Serviced Apartment
1389533380938994137,"3 Bedroom Apartment for Short Stay, near MRT",238891646,1463258524593591157,Neha,Central Region,Bukit Merah,1.287063611017602,103.83260582401657,Entire home/apt,885,6,0,,,131,355,0,Authorised Serviced Apartment
1389533764785534395,Studio with all amenities,238891646,1463258524593591157,Neha,Central Region,Novena,1.32312,103.85345,Entire home/apt,72,90,0,,,131,364,0,Authorised Serviced Apartment
1389555349122253966,Deluxe queen,682681675,1470705745032407146,Hotel 1900 @ Chinatown,Central Region,Outram,1.2842078,103.8443301,Private room,205,1,0,,,4,364,0,
1389555349655455917,Standard queen,,,,Central Region,Outram,1.2842078,103.8443301,Private room,205,1,1,2025-07-09,0.08,,364,1,
1389555545649167126,Executive queen,682681675,1470705745032407146,Hotel 1900 @ Chinatown,Central Region,Outram,1.2842078,103.8443301,Private room,205,1,0,,,4,364,0,
1389555577264266082,Executive twin,682681675,1470705745032407146,Hotel 1900 @ Chinatown,Central Region,Outram,1.2842078,103.8443301,Private room,205,1,0,,,4,364,0,
1389555753330220978,Premier queen,682681675,,Hotel 1900 @ Chinatown,Central Region,Outram,1.2842078,103.8443301,Private room,205,1,0,,,4,363,0,
1389555779741969639,Loft suite,,,,Central Region,Outram,1.2842078,103.8443301,Private room,205,1,0,,,,364,0,
1389566194461958321,"Seafront full service, 3-Month",6358678,1462704411509240164,Mark,Central Region,Southern Islands,1.2435,103.84137,Entire home/apt,,92,0,,,1,364,0,
1389719015076838891,Hotel Room in Singapore - Near City (NEW!),687512818,1470715679881442198,Shiying,Central Region,Bukit Merah,1.28403,103.83528,Private room,185,1,6,2026-01-08,0.40,4,276,3,S0596
1390345756341834102,Newly Reno Standard Deluxe Rm,687512818,1470715679881442198,Shiying,Central Region,Bukit Merah,1.2850804,103.8348471,Private room,165,1,15,2026-05-03,1.03,4,246,11,S0596
1390353923592624142,Newly Reno Premier Room - City,687512818,1470715679881442198,Shiying,Central Region,Bukit Merah,1.2850804,103.8348471,Private room,200,1,2,2026-01-28,0.14,4,262,1,S0596
1390398593776950959,Hotel Room in Singapore (New!),687512818,1470715679881442198,Shiying,Central Region,Bukit Merah,1.2850804,103.8348471,Private room,150,1,7,2026-01-11,0.48,4,196,6,S0596
1392148613575129474,NEW Comfy Studio Apt/WIFI @ Somerset/Orchard Area,109333133,1467323641148121220,Pat,Central Region,River Valley,1.294502800698246,103.83941893090159,Entire home/apt,221,6,0,,,73,241,0,Authorised Serviced Apartment
1392148686970639468,NEW Comfy City Studio Apt @ Somerset/Orchard Area,109333133,1467323641148121220,Pat,Central Region,River Valley,1.29467,103.83934,Entire home/apt,243,6,0,,,73,337,0,Authorised Serviced Apartment
1392148704106506499,NEW City Cozy 2 Bedroom Apt @Somerset/Orchard Area,109333133,1467323641148121220,Pat,Central Region,River Valley,1.2948477877332043,103.83804063237532,Entire home/apt,392,1,0,,,73,304,0,Exempt
1392148773251865672,NEW Cozy Family 2 Bedroom Apt-Somerset/OrchardArea,109333133,1467323641148121220,Pat,Central Region,River Valley,1.29502,103.83993,Entire home/apt,440,1,2,2026-01-18,0.34,73,317,2,Exempt
1392148789827415746,NEW Cozy 2-Beds Loft Studio @Somerset/Orchard Area,109333133,1467323641148121220,Pat,Central Region,River Valley,1.29512,103.83794,Entire home/apt,346,1,1,2025-05-03,0.07,73,257,0,Exempt
1392149550331600019,NEW Central Cozy Studio Apt @Somerset/Orchard Area,109333133,1467323641148121220,Pat,Central Region,River Valley,1.29633,103.83783,Entire home/apt,191,1,0,,,73,340,0,Exempt
1392151577179266942,New Cozy Family 2Bedroom Apt@ Somerset/OrchardArea,10248444,1462835470954501673,Recr,Central Region,River Valley,1.29632,103.83978,Entire home/apt,410,1,0,,,64,301,0,Exempt
1392151662629487231,New City Cozy 2 Rooms Studio-Somerset/Orchard Area,10248444,1462835470954501673,Recr,Central Region,River Valley,1.2968477787430543,103.83874984230721,Entire home/apt,392,1,0,,,64,316,0,Exempt
1392151717752643368,NewCozy-Family 2 Rooms Studio-Somerset/OrchardArea,10248444,1462835470954501673,Recr,Central Region,River Valley,1.29487,103.83846,Entire home/apt,410,1,0,,,64,228,0,Exempt
1392151868622174176,New City Cozy 2 QB Studio @ Somerset/Orchard Area,10248444,1462835470954501673,Recr,Central Region,River Valley,1.2961569394729393,103.84002148241115,Entire home/apt,287,1,1,2026-01-04,0.17,64,334,1,Exempt
1392153297395968123,NEW City Comfy Studio/Balcony-Somerset/OrchardArea,46685310,1465699258666896822,Yyin,Central Region,River Valley,1.29537,103.83801,Entire home/apt,225,6,0,,,71,343,0,Authorised Serviced Apartment
1392153315037867973,NEW CityAccessible Studio Apt-Somerset/OrchardArea,46685310,1465699258666896822,Yyin,Central Region,River Valley,1.29456,103.83997,Entire home/apt,221,6,0,,,71,343,0,Authorised Serviced Apartment
1392153331661690368,NEW Cozy 2Bedroom Apt/Balcony-Somerset/OrchardArea,46685310,1465699258666896822,Yyin,Central Region,River Valley,1.2968421320923722,103.83997207198775,Entire home/apt,421,1,0,,,71,312,0,Exempt
1392153345386236146,NEW Comfy 2 Beds Studio Ap @ Somerset/Orchard Area,46685310,1465699258666896822,Yyin,Central Region,River Valley,1.2947639963715092,103.83798235810107,Entire home/apt,315,6,1,2025-07-16,0.09,71,337,1,Authorised Serviced Apartment
1392153359825575807,NEW City Deluxe 2QB Studio Apt-Somerset/Orch. Area,46685310,1465699258666896822,Yyin,Central Region,River Valley,1.29541,103.83989,Entire home/apt,282,1,0,,,71,342,0,Exempt
1392153374407651931,NEW City Family Loft Studio @Somerset/Orchard Area,46685310,1465699258666896822,Yyin,Central Region,River Valley,1.2964139510176131,103.83990151488841,Entire home/apt,309,1,0,,,71,325,0,Exempt
1393815845515717275,"Concorde Hotel Singapore, Deluxe Balcony",686036051,,Concorde Hotel Singapore,Central Region,Orchard,1.30087,103.84273,Private room,270,1,0,,,3,353,0,
1393815845599287683,"Concorde Hotel Singapore, Deluxe",,,,Central Region,Orchard,1.30087,103.84273,Private room,270,1,1,2025-05-19,0.07,,12,0,
1393816015853819977,"Concorde Hotel Singapore, Deluxe Plus",686036051,1470712551897701273,Concorde Hotel Singapore,Central Region,Orchard,1.30087,103.84273,Private room,290,1,2,2025-09-12,0.18,3,204,2,
1393816036403364371,"Concorde Hotel Singapore, Premier Club",,,,Central Region,Orchard,1.30087,103.84273,Private room,290,1,0,,,,364,0,
1393816157690439133,"Concorde Hotel Singapore, Premier suite",686036051,1470712551897701273,Concorde Hotel Singapore,Central Region,Orchard,1.30087,103.84273,Private room,300,1,1,2025-05-30,0.08,3,186,0,
1393841562329056067,Welcoming 1BR Apt @ Novena (22S),108946090,1467319463423996453,Jc,Central Region,Novena,1.3262479094863566,103.84601258603769,Entire home/apt,,6,0,,,17,0,0,Authorised Serviced Apartment
1394010755406287323,"Park Avenue Hotel Rochester, Deluxe room",,,,Central Region,Queenstown,1.30508,103.78889,Private room,261,1,0,,,,333,0,
1394010755833429140,"Park Avenue Hotel Rochester, Superior room",,,,Central Region,Queenstown,1.30508,103.78889,Private room,261,1,0,,,,324,0,
1394011011271066873,"Park Avenue Hotel Rochester, Executive deluxe s...",683427647,1470707105720054884,Park Avenue Hotel Rochester,Central Region,Queenstown,1.30508,103.78889,Private room,,1,1,2025-05-19,0.07,2,0,0,
1394011016820945415,"Park Avenue Hotel Rochester, Executive premier ...",,,,Central Region,Queenstown,1.3050842,103.7888898,Private room,261,1,2,2025-10-07,0.22,,333,2,
1394011202184529982,"Park Avenue Hotel Rochester, Two bedroom suite",683427647,1470707105720054884,Park Avenue Hotel Rochester,Central Region,Queenstown,1.30508,103.78889,Private room,242,1,1,2025-10-05,0.11,2,296,1,
1394663161241144864,Victoria Loft Tatami (No Window),23336011,1465271884616547411,Heritage,Central Region,Rochor,1.3046916,103.8602312,Private room,105,2,9,2026-05-10,0.66,71,352,7,S0595
1394666324163765911,Victoria Garden Studio Deluxe,23336011,1465271884616547411,Heritage,Central Region,Rochor,1.3046916,103.8602312,Private room,203,1,5,2026-03-25,0.36,71,319,3,S0595
1394668105843170013,Victoria Studio Queen (No Window),23336011,1465271884616547411,Heritage,Central Region,Rochor,1.30391,103.85965,Private room,124,1,44,2026-05-02,3.03,71,358,24,S0595
1394672684089862075,Victoria Loft,23336011,1465271884616547411,Heritage,Central Region,Rochor,1.3036689369355021,103.86090614567534,Private room,141,1,3,2026-04-19,0.23,71,353,2,S0595
1394674779172785540,Victoria Loft Deluxe,23336011,1465271884616547411,Heritage,Central Region,Rochor,1.3046916,103.8602312,Private room,182,1,4,2026-02-14,0.28,71,336,3,S0595
1394676781618687980,Victoria Garden Studio Queen,23336011,1465271884616547411,Heritage,Central Region,Rochor,1.3046916,103.8602312,Private room,155,1,0,,,71,355,0,S0595
1394685741364212254,"H81 Rochor, Deluxe queen",,,,Central Region,Rochor,1.30379,103.85405,Private room,114,1,2,2026-03-11,0.39,,358,2,
1394685741453002638,Standard queen,,,,Central Region,Rochor,1.30379,103.85405,Private room,114,1,5,2026-06-07,0.36,,321,2,
1394685914976279457,Superior twin,681097770,,,Central Region,Rochor,1.30379,103.85405,Private room,114,1,1,2025-06-29,0.08,1,347,0,
1394685914977617385,Superior queen,,,,Central Region,Rochor,1.30379,103.85405,Private room,114,1,8,2026-03-18,0.59,,347,6,
1394702544058428893,Superior queen,,,,Central Region,Geylang,1.31182,103.88012,Private room,106,1,9,2026-06-22,0.85,,357,9,
1394703026051430950,"H81 Palace, Standard queen",,,,Central Region,Geylang,1.31182,103.88012,Private room,106,1,55,2026-06-28,4.47,,333,54,
1394703026056897458,"H81 Palace, Standard twin",682064225,,,Central Region,Geylang,1.31182,103.88012,Private room,96,1,37,2026-06-26,3.28,1,357,37,
1394703385494580491,"H81 Palace, Superior twin",,,,Central Region,Geylang,1.31182,103.88012,Private room,106,1,1,2025-10-03,0.11,,348,1,
1394718015488280715,Deluxe queen room,,,,Central Region,Rochor,1.3049319,103.8541938,Private room,105,1,2,2025-09-30,0.19,,356,2,
1394718168318325975,"H81 Dickson, Standard twin (no window) room",681098024,1470702712983797036,H81 Dickson,Central Region,Rochor,1.30493,103.85419,Private room,105,1,7,2026-04-20,0.50,2,353,4,
1394718173757102450,"H81 Dickson, Superior queen room",,,,Central Region,Rochor,1.30493,103.85419,Private room,105,1,1,2025-04-27,0.07,,359,0,
1394718303985146727,"H81 Dickson, Superior twin room",681098024,,H81 Dickson,Central Region,Rochor,1.3049319,103.8541938,Private room,105,1,3,2025-10-13,0.26,2,334,3,
1394729670288507976,Deluxe queen,682063631,1470704501280684014,,Central Region,Geylang,1.31151,103.88092,Private room,101,1,7,2026-05-23,0.48,2,358,3,
1394729670656417086,"H81 Star, Superior queen",,,,Central Region,Geylang,1.31151,103.88092,Private room,101,1,88,2026-06-26,5.99,,340,65,
1394730017816587571,"H81 Star, Superior twin",682063631,,,Central Region,Geylang,1.31151,103.88092,Private room,101,1,7,2026-05-14,0.48,2,355,5,
1394950639119386023,"H81 Geylang, Standard twin",,,,Central Region,Geylang,1.31179,103.87957,Private room,91,1,3,2026-04-13,0.21,,361,2,
1394950639340453150,Standard queen,682064636,1470704502778423536,H81 Geylang,Central Region,Geylang,1.31179,103.87957,Private room,91,1,8,2026-01-18,0.70,1,334,8,
1394962519754001306,Deluxe queen,682064934,1470704503229774156,H81 Premier Princess,Central Region,Geylang,1.31102,103.87862,Private room,84,1,23,2026-06-16,2.25,1,352,23,
1394962520701277726,Superior queen,,,,Central Region,Geylang,1.31102,103.87862,Private room,84,1,628,2026-06-18,45.62,,332,608,
1394962792824689414,"H81 Princess, Superior twin",,,,Central Region,Geylang,1.31102,103.87862,Private room,84,1,299,2026-06-17,20.91,,348,275,
1394978222407595971,"H81 Elegance, Superior queen room",682065677,,,Central Region,Kallang,1.3124383,103.8603487,Private room,95,1,5,2026-05-10,0.34,2,359,3,
1394978222532285405,"H81 Elegance, Standard queen no window room",682065677,,,Central Region,Kallang,1.3124383,103.8603487,Private room,95,1,3,2026-05-07,0.21,2,333,1,
1394978398642979217,"H81 Elegance, Superior twin room",,,,Central Region,Kallang,1.31244,103.86035,Private room,95,1,9,2026-05-14,0.71,,356,7,
1394994397924631223,Standard twin room,682065783,,,Central Region,Geylang,1.3118582,103.881492,Private room,,1,8,2026-03-04,0.59,3,0,6,
1394994398033820132,"H81 Lucky, Standard queen room",682065783,,,Central Region,Geylang,1.31186,103.88149,Private room,,1,38,2026-05-17,2.81,3,0,35,
1394994526970657192,"H81 Lucky, Superior queen room",,,,Central Region,Geylang,1.31186,103.88149,Private room,91,1,2,2026-06-12,2,,359,2,
1394994541926381500,Superior twin room,682065783,,,Central Region,Geylang,1.31186,103.88149,Private room,111,1,0,,,3,322,0,
1395266256881762103,Superior queen room,,,,Central Region,Geylang,1.3100545,103.8774526,Private room,96,1,56,2026-05-13,3.81,,333,47,
1395266256898342873,Deluxe queen room,,,,Central Region,Geylang,1.31005,103.87745,Private room,96,1,28,2026-06-04,2.05,,349,26,
1395266638965542022,"H81 Hollywood, Superior twin room",682066249,1470704505293134055,H81 Premier Hollywood,Central Region,Geylang,1.31005,103.87745,Private room,77,1,7,2026-06-01,0.48,1,340,3,
1395277576310652984,"H81 Chinatown, Superior queen",,,,Central Region,Outram,1.28458,103.8441,Private room,143,1,17,2026-03-04,1.87,,360,17,
1395277576395165307,Standard queen,,,,Central Region,Outram,1.284583,103.844095,Private room,143,1,25,2026-06-06,1.74,,338,16,
1395277739624266948,Superior twin,,,,Central Region,Outram,1.28458,103.8441,Private room,143,1,1,2026-06-03,1,,313,1,
1395290908470644662,Superior queen room,682067092,,,Central Region,Geylang,1.31119,103.87728,Private room,111,1,4,2026-05-04,0.30,1,356,3,
1395291530135724919,Superior twin room,,,,Central Region,Geylang,1.31119,103.87728,Private room,111,1,13,2026-04-07,0.92,,356,11,
1395307358362295674,Deluxe room,,,,Central Region,Downtown Core,1.29686,103.85564,Private room,124,1,15,2026-06-28,1.65,,350,15,
1395307358447767057,Standard queen room without window,,,,Central Region,Downtown Core,1.29686,103.85564,Private room,124,1,13,2026-06-28,0.92,,334,11,
1395307375263021229,Superior queen room,,,,Central Region,Downtown Core,1.29686,103.85564,Private room,124,1,26,2026-06-26,2.23,,314,26,
1395307383292766352,Standard twin room,,,,Central Region,Downtown Core,1.29686,103.85564,Private room,124,1,23,2026-06-24,1.70,,357,20,
1395356257809757923,"H81 Gold, Deluxe queen",682067500,,,Central Region,Geylang,1.3119524,103.8811103,Private room,111,1,0,,,2,342,0,
1395356258618899737,Superior queen,,,,Central Region,Geylang,1.3119524,103.8811103,Private room,111,1,152,2026-06-27,10.60,,337,107,
1395356463499026620,Superior twin room,682067500,,,Central Region,Geylang,1.31195,103.88111,Private room,111,1,17,2026-02-17,1.28,2,330,13,
1395368597778982876,Superior queen,,,,Central Region,Rochor,1.3027,103.86125,Private room,114,1,105,2026-06-19,7.13,,359,85,
1395368597999498098,Deluxe queen,682067680,1470704507622859197,H81 Heritage,Central Region,Rochor,1.3027,103.86125,Private room,114,1,3,2026-01-02,0.26,2,357,3,
1395368831543178081,Superior twin,682067680,1470704507622859197,H81 Heritage,Central Region,Rochor,1.3027,103.86125,Private room,114,1,8,2026-05-28,0.62,2,353,6,
1395380707145055435,"H81 Changi, Superior twin",682068156,,,East Region,Bedok,1.3187311,103.9117283,Private room,105,1,7,2026-05-03,0.55,1,311,6,
1395380707847977045,"H81 Changi, Superior queen",,,,East Region,Bedok,1.31873,103.91173,Private room,105,1,44,2026-06-28,3.06,,357,33,
1395549728335595026,Standard Twin Hotel Room in Little India,554949756,1470478055609062261,Front,Central Region,Rochor,1.309563239350514,103.85228958987159,Private room,122,1,3,2026-01-03,0.28,6,352,3,M1234
1395554513685532459,Superior Twin Hotel Room in Little india,554949756,1470478055609062261,Front,Central Region,Rochor,1.31038,103.85295,Private room,131,1,1,2025-10-14,0.12,6,333,1,M1234
1395874993355080426,Master Room in the East,15887315,1462973046567760034,Andreas,East Region,Bedok,1.3168509146191583,103.93957527361322,Private room,36,92,0,,,1,364,0,
1396044501273984023,New City Cozy Studio w Balcony-Somerset/Orch. Area,404487343,1469852328498308929,OngRR,Central Region,River Valley,1.296720150112502,103.83795198440296,Entire home/apt,209,1,0,,,43,351,0,Exempt
1396044532206420809,New Comfy Family 2QB Studio -Somerset/Orchard Area,404487343,1469852328498308929,OngRR,Central Region,River Valley,1.2968332359673533,103.8397807469839,Entire home/apt,328,1,0,,,43,346,0,Exempt
1396044548891688230,NEW City Comfy Loft Studio @ Somerset/Orchard Area,404487343,1469852328498308929,OngRR,Central Region,River Valley,1.29486,103.83965,Entire home/apt,282,1,0,,,43,346,0,Exempt
1396044564624327572,New Comfy 2 Rooms Studio Apt@ Somerset/OrchardArea,404487343,1469852328498308929,OngRR,Central Region,River Valley,1.29665,103.8396,Entire home/apt,431,6,0,,,43,329,0,Authorised Serviced Apartment
1396044734916549085,New Cozy 2 Beds Loft Studio -Somerset/Orchard Area,61619807,1466758242935516070,Ong,Central Region,River Valley,1.2945503448526066,103.84018796178398,Entire home/apt,320,1,0,,,60,324,0,Exempt
1396044756452122365,New Cozy 2 BR Apartment @ Somerset/Orchard Area,61619807,1466758242935516070,Ong,Central Region,River Valley,1.2964583980791105,103.83784544799414,Entire home/apt,424,6,2,2025-08-31,0.15,60,304,1,Authorised Serviced Apartment
1396044810040567529,New Cozy 2QB Loft Studio Apt @Somerset/OrchardArea,61619807,1466758242935516070,Ong,Central Region,River Valley,1.2968666752543534,103.84003271620413,Entire home/apt,273,1,0,,,60,345,0,Exempt
1396044823884819892,New Cozy Studio APT/ WIFI @ Somerset/Orchard Area,61619807,1466758242935516070,Ong,Central Region,River Valley,1.294529076496471,103.83850890401334,Entire home/apt,282,1,0,,,60,321,0,Exempt
1396044837231024263,New Cozy 2 Beds  Studio Apt -Somerset/Orchard Area,61619807,1466758242935516070,Ong,Central Region,River Valley,1.2951097637518743,103.84011182840051,Entire home/apt,306,6,0,,,60,337,0,Authorised Serviced Apartment
1399035735508319862,Deluxe twin,,,,Central Region,Geylang,1.3157969,103.8973721,Private room,88,1,1,2026-05-25,0.77,,322,1,
1399035735510769369,Deluxe queen,,,,Central Region,Geylang,1.3157969,103.8973721,Private room,113,1,2,2026-01-26,0.37,,333,2,
1399036026934955445,"Value Hotel Nice, Standard queen (no window) room",,,,Central Region,Novena,1.3234571,103.8524366,Private room,71,1,6,2026-01-22,0.42,,329,1,
1399036027085568077,Superior queen room,,,,Central Region,Novena,1.3234571,103.8524366,Private room,100,1,3,2026-04-21,0.44,,339,3,
1399036097376331536,"Value Hotel Nice, Standard twin (no window) room",689920722,1470720911612695183,Value Hotel Nice,Central Region,Novena,1.3234571,103.8524366,Private room,92,1,2,2026-06-02,0.22,1,321,2,
1399036097772532450,"Value Hotel Nice, Superior twin room",,,,Central Region,Novena,1.3234571,103.8524366,Private room,66,1,1,2025-05-20,0.07,,13,0,
1399039581103428109,"Value Hotel Balestier, Standard twin",689920810,,,Central Region,Novena,1.3214151,103.8533154,Private room,73,1,14,2026-05-18,1.01,4,344,10,
1399039581330568175,"Value Hotel Balestier, Standard queen",,,,Central Region,Novena,1.3214151,103.8533154,Private room,73,1,32,2026-05-25,2.29,,341,28,
1399039655627705224,"Value Hotel Balestier, Superior queen",689920810,,,Central Region,Novena,1.3214151,103.8533154,Private room,104,1,10,2025-11-28,0.71,4,352,8,
1399039657808453221,"Value Hotel Balestier, Superior plus",689920810,1470720911903799622,,Central Region,Novena,1.3214151,103.8533154,Private room,73,1,3,2026-05-16,1.55,4,325,3,
1399039731157764974,"Value Hotel Balestier, Deluxe queen",689920810,1470720911903799622,,Central Region,Novena,1.3214151,103.8533154,Private room,104,1,4,2026-04-28,0.37,4,316,4,
1399039929126626824,Standard queen,689921502,,Value Hotel Thomson,Central Region,Novena,1.327142,103.8427324,Private room,,1,2,2025-08-10,0.14,4,0,1,
1399039929165447230,Superior queen,689921502,1470720913571291800,Value Hotel Thomson,Central Region,Novena,1.327142,103.8427324,Private room,,1,20,2026-03-28,1.45,4,0,15,
1399040006353335994,"Value Hotel Thomson, Superior twin",689921502,1470720913571291800,Value Hotel Thomson,Central Region,Novena,1.327142,103.8427324,Private room,,1,17,2026-01-08,1.20,4,0,9,
1399040013280931908,Superior plus,689921502,1470720913571291800,Value Hotel Thomson,Central Region,Novena,1.327142,103.8427324,Private room,,1,0,,,4,0,0,
1399041943815693360,"4-BR House Holland Village,5 mins to amenities",3951127,1462532737396247543,Sue,Central Region,Queenstown,1.307772034277712,103.79672762717867,Entire home/apt,144,30,1,2025-09-20,0.11,6,237,1,Authorised Serviced Apartment
1399907300112192633,Premier One Bedroom with balcony in Novena LIV,24496358,1465305327734698378,Katherine,Central Region,Novena,1.3184258,103.8477196,Entire home/apt,301,6,5,2026-04-03,0.44,53,339,5,Authorised Serviced Apartment
1399935510733567753,Premier King Studio with pool in Novena LIV,24496358,1465305327734698378,Katherine,Central Region,Novena,1.3179643093517315,103.84886792933739,Entire home/apt,251,6,11,2026-06-07,1.04,53,340,11,Authorised Serviced Apartment
1399959549412763631,Executive one bedroom with balcony in Novena LIV,24496358,1465305327734698378,Katherine,Central Region,Novena,1.31776,103.84666,Entire home/apt,367,6,0,,,53,270,0,Authorised Serviced Apartment
1399978938884748165,Deluxe King studio with pool in Novena LIV,24496358,1465305327734698378,Katherine,Central Region,Novena,1.3180228791504704,103.8489071794314,Entire home/apt,278,6,2,2025-10-23,0.20,53,341,2,Authorised Serviced Apartment
1400368904972209814,New Comfy Room Suite/WIFI @ Somerset/OrchardArea,61619807,1466758242935516070,Ong,Central Region,River Valley,1.29481,103.83821,Private room,166,6,2,2025-12-28,0.20,60,332,2,Authorised Serviced Apartment
1400368922117711229,New Family Cozy 2 Bedroom Apt-Somerset/OrchardArea,61619807,1466758242935516070,Ong,Central Region,River Valley,1.2962,103.83785,Entire home/apt,422,6,0,,,60,312,0,Authorised Serviced Apartment
1400368938510623415,Easy Access City Room Suite@ Somerset/Orchard Area,61619807,1466758242935516070,Ong,Central Region,River Valley,1.29513,103.84038,Private room,157,6,1,2025-05-25,0.07,60,325,0,Authorised Serviced Apartment
1400368955811311990,City Comfy Room Suite/WIFI @ Somerset/Orchard Area,61619807,1466758242935516070,Ong,Central Region,River Valley,1.29469,103.84005,Private room,163,6,0,,,60,325,0,Authorised Serviced Apartment
1400369442098912574,New Comfy Room Suite /WIFI @ Somerset/Orchard Area,10248444,1462835470954501673,Recr,Central Region,River Valley,1.294661604597161,103.83858386939957,Private room,170,6,0,,,64,343,0,Authorised Serviced Apartment
1400369457892465786,New City Cozy Room Suite @ Somerset/Orchard Area,10248444,1462835470954501673,Recr,Central Region,River Valley,1.29656,103.83946,Private room,158,6,1,2025-12-04,0.14,64,301,1,Authorised Serviced Apartment
1400369488724886214,City Cozy Room Suite /WIFI @ Somerset/Orchard Area,10248444,1462835470954501673,Recr,Central Region,River Valley,1.29478,103.84078,Private room,170,6,0,,,64,327,0,Authorised Serviced Apartment
1400369512502657848,New Easy Access Room Suite @ Somerset/Orchard Area,46685310,1465699258666896822,Yyin,Central Region,River Valley,1.2949643918992348,103.83815886574004,Private room,157,6,1,2025-07-26,0.09,71,345,1,Authorised Serviced Apartment
1400369529487210815,New City Cozy Room Suite/WIFI-Somerset/OrchardArea,46685310,1465699258666896822,Yyin,Central Region,River Valley,1.2953855557117107,103.84015768041732,Private room,157,6,0,,,71,327,0,Authorised Serviced Apartment
1400369544428124610,Easy Access Cozy Room Suite-Somerset/Orchard Area,46685310,1465699258666896822,Yyin,Central Region,River Valley,1.29651215524125,103.83885808048622,Private room,148,6,1,2025-07-11,0.08,71,325,1,Authorised Serviced Apartment
1400369559177788799,City Compact Cozy Room Suite-Somerset/Orchard Area,46685310,1465699258666896822,Yyin,Central Region,River Valley,1.29525,103.83853,Private room,157,6,0,,,71,325,0,Authorised Serviced Apartment
1400369768072606413,Easy Access Comfy Room Suite-Somerset/Orchard Area,109333133,1467323641148121220,Pat,Central Region,River Valley,1.29553,103.83855,Private room,140,6,1,2026-05-12,0.61,73,321,1,Authorised Serviced Apartment
1400369781767830177,New Cozy 2 Bedroom Apt/WIFI@ Somerset/Orchard Area,109333133,1467323641148121220,Pat,Central Region,River Valley,1.29617,103.83809,Entire home/apt,422,6,0,,,73,312,0,Authorised Serviced Apartment
1400369795776805538,New City Comfy Room Suite @ Somerset/Orchard Area,109333133,1467323641148121220,Pat,Central Region,River Valley,1.296514985132729,103.83799557345154,Private room,165,6,0,,,73,331,0,Authorised Serviced Apartment
1400369815888770879,New City Cozy Room Suite/WIFI-Somerset/OrchardArea,404487343,1469852328498308929,OngRR,Central Region,River Valley,1.2944102985203807,103.83873182066229,Private room,145,6,0,,,43,336,0,Authorised Serviced Apartment
1400369834047706549,New City Cozy 2 Bedroom Apt @Somerset/Orchard Area,404487343,1469852328498308929,OngRR,Central Region,River Valley,1.2958431928728469,103.84004152197981,Entire home/apt,422,6,0,,,43,313,0,Authorised Serviced Apartment
1400369850481107762,City Compact Cozy Room Suite-Somerset/Orchard Area,404487343,1469852328498308929,OngRR,Central Region,River Valley,1.296719877288225,103.83919341553988,Private room,142,6,1,2025-07-23,0.09,43,326,1,Authorised Serviced Apartment
1401346342058998558,LIV Premier Twin Studio Room in Novena,68059127,1466841137906743877,Wei,Central Region,Novena,1.3184258,103.8477196,Entire home/apt,255,6,3,2026-05-02,0.27,50,345,3,Authorised Serviced Apartment
1402021731821413346,Condo above Boonlya MRT & Mall,12318187,1462884976142785096,Mia,West Region,Jurong West,1.3399934,103.70549,Private room,22,92,0,,,2,210,0,
1402622842631621136,New Cozy Family 2 Room Studio-Somerset/OrchardArea,109333133,1467323641148121220,Pat,Central Region,River Valley,1.29501,103.83998,Entire home/apt,450,1,0,,,73,327,0,Exempt
1402623405222181237,New Comfy 2 Room Studio/WIFI-Somerset/Orchard Area,109333133,1467323641148121220,Pat,Central Region,River Valley,1.2948820680785298,103.83835557896732,Entire home/apt,440,1,1,2026-01-12,0.18,73,321,1,Exempt
1402623650535755432,New Cosy Family 2Rooms Studio-Somerset/OrchardArea,404487343,1469852328498308929,OngRR,Central Region,River Valley,1.29651,103.83994,Entire home/apt,434,6,0,,,43,326,0,Authorised Serviced Apartment
1402623668297016289,New Cosy Family 2Rooms Studio-Somerset/OrchardArea,404487343,1469852328498308929,OngRR,Central Region,River Valley,1.2965770657619278,103.84001403258526,Entire home/apt,432,6,0,,,43,323,0,Authorised Serviced Apartment
1402623752574309196,New City Cozy 2QB Studio Apt-Somerset/Orchard Area,46685310,1465699258666896822,Yyin,Central Region,River Valley,1.29673,103.84003,Entire home/apt,273,1,3,2025-07-19,0.22,71,332,1,Exempt
1402623804425957068,New CITY Cozy 2 Rooms Studio -Somerset/OrchardArea,10248444,1462835470954501673,Recr,Central Region,River Valley,1.295,103.83787,Entire home/apt,415,1,0,,,64,324,0,Exempt
1402623818409748476,New Cosy Family 2Room Studio-Somerset/Orchard Area,10248444,1462835470954501673,Recr,Central Region,River Valley,1.29667,103.84002,Entire home/apt,460,1,4,2026-04-22,0.28,64,329,3,Exempt
1402735213391572725,Beautiful one bedroom apartment,229617427,1469223795325495797,Hugo,Central Region,River Valley,1.2981011229171,103.84120809777731,Entire home/apt,219,3,9,2026-05-03,0.72,1,68,8,Exempt
1402897181881999755,Room available in Novena/Newton,17460052,1463010706978199639,Kannicha,Central Region,Novena,1.31539,103.84301,Private room,97,7,0,,,1,60,0,Authorised Serviced Apartment
1404164019871078326,Alcove Studio with Queen bed,680853454,1470702159538564666,Colliwoo Orchard,Central Region,Newton,1.305772,103.8367381,Private room,,1,0,,,5,0,0,Authorised Serviced Apartment
1404164020176375966,Deluxe Queen room in shopping district,680853454,1470702159538564666,Colliwoo Orchard,Central Region,Newton,1.305772,103.8367381,Private room,,1,0,,,5,0,0,Authorised Serviced Apartment
1404164546821747540,Modern and comfy Master Double Studio,680853454,1470702159538564666,Colliwoo Orchard,Central Region,Newton,1.305772,103.8367381,Private room,,1,0,,,5,0,0,Authorised Serviced Apartment
1404164817754866938,Premier Studio room in shopping district,680853454,1470702159538564666,Colliwoo Orchard,Central Region,Newton,1.30577,103.83674,Private room,,1,0,,,5,0,0,Authorised Serviced Apartment
1404164960836087577,Standard Studio room in shopping district,680853454,1470702159538564666,Colliwoo Orchard,Central Region,Newton,1.30577,103.83674,Private room,,1,0,,,5,0,0,Authorised Serviced Apartment
1404212655217156981,Superior Studio Twin Room near Sentosa,680853463,1470702159633619594,Coliwoo Pasir Panjang,Central Region,Queenstown,1.2920799,103.7701767,Private room,,1,0,,,4,0,0,S0566
1404212786714670802,Comfy Deluxe Twin Studio near west coast park,680853463,1470702159633619594,Coliwoo Pasir Panjang,Central Region,Queenstown,1.29208,103.77018,Private room,,1,1,2025-07-06,0.08,4,0,1,S0566
1404212794431018897,Premier Studio room with Double Bed,680853463,1470702159633619594,Coliwoo Pasir Panjang,Central Region,Queenstown,1.2920799,103.7701767,Private room,,1,0,,,4,0,0,S0566
1404212937957258747,Quad studio comfortably sleeps four,680853463,1470702159633619594,Coliwoo Pasir Panjang,Central Region,Queenstown,1.29208,103.77018,Private room,,1,1,2025-06-01,0.08,4,0,0,S0566
1404284633276992951,Studio apartment at East Coast,238891646,1463258524593591157,Neha,Central Region,Marine Parade,1.3000032,103.9000674,Entire home/apt,303,6,0,,,131,363,0,Authorised Serviced Apartment
1404298663888384322,3BR Short Stay at Havelock Road,238891646,1463258524593591157,Neha,Central Region,Bukit Merah,1.2898965,103.8314323,Entire home/apt,913,6,0,,,131,362,0,Authorised Serviced Apartment
1405142115018181574,1 Bedroom River Valley Apartment,238891646,1463258524593591157,Neha,Central Region,River Valley,1.2960573,103.8408185,Entire home/apt,497,6,0,,,131,363,0,Authorised Serviced Apartment
1405570804202731514,"Hotel Classic by Venue, Premier queen room",682068197,,Hotel Classic By Venue,Central Region,Geylang,1.31572,103.89771,Private room,92,1,7,2026-05-27,0.56,2,262,6,
1406133547004489962,New! 2Bed with 2Baths at Novena,108946090,1467319463423996453,Jc,Central Region,Novena,1.32477,103.84739,Entire home/apt,,6,2,2025-06-12,0.15,17,0,0,Authorised Serviced Apartment
1407690750517316197,2.5 bed with superb amenities!,4337301,1462654113182363838,Priya,Central Region,Bukit Merah,1.2928048858086023,103.8193228840828,Entire home/apt,90,93,0,,,1,364,0,
1408653669287741319,Triple Room in  hotel  along  West Coast,326090835,1469621861957378419,The Quay Hotel West Coast,Central Region,Queenstown,1.292649723214419,103.76977006931702,Private room,160,1,10,2026-04-05,0.71,5,330,9,M1234
1409888809573843758,LIV Premier King Studio in Novena,68059127,1466841137906743877,Wei,Central Region,Novena,1.3184258,103.8477196,Entire home/apt,255,6,4,2026-03-28,0.45,50,346,4,Authorised Serviced Apartment
1409905718849895859,City Central Cozy Studio Apt-Somerset/Orchard Area,61619807,1466758242935516070,Ong,Central Region,River Valley,1.296309398345006,103.83858699707852,Entire home/apt,245,6,0,,,60,344,0,Authorised Serviced Apartment
1409905831443136176,1 City Cozy Room Suite/WIFI -Somerset/Orchard Area,61619807,1466758242935516070,Ong,Central Region,River Valley,1.2966331224404009,103.83881428149425,Private room,154,1,2,2026-02-19,0.20,60,332,2,Exempt
1409906057356459410,NEW Comfy Deluxe Studio Apt@ Somerset/Orchard Area,61619807,1466758242935516070,Ong,Central Region,River Valley,1.29664,103.838,Entire home/apt,191,1,0,,,60,351,0,Exempt
1409906222467767597,Central Located Cozy Studio @ Somerset/City Area,10248444,1462835470954501673,Recr,Central Region,River Valley,1.2959610022535877,103.84062657924297,Entire home/apt,227,1,0,,,64,352,0,Exempt
1409906272118300788,New City Comfy 2 Rooms Studio-Somerset/OrchardArea,10248444,1462835470954501673,Recr,Central Region,River Valley,1.29663,103.84011,Entire home/apt,401,1,1,2025-05-24,0.07,64,322,0,Exempt
1409906289055001421,City Cozy Room Suite/WIFI @ Orchard/Somerset Area,10248444,1462835470954501673,Recr,Central Region,River Valley,1.2968836541335067,103.84069157167826,Private room,148,6,4,2025-09-28,0.35,64,237,4,Authorised Serviced Apartment
1409908805145531459,LIV Premier One Bedroom in Novena,68059127,1466841137906743877,Wei,Central Region,Novena,1.3172744745406169,103.84662509377003,Entire home/apt,297,6,1,2026-02-15,0.22,50,347,1,Authorised Serviced Apartment
1409909599605889825,Centrally Located Room Suite -Somerset/OrchardArea,404487343,1469852328498308929,OngRR,Central Region,River Valley,1.2963670431532321,103.84075845019453,Private room,148,6,0,,,43,326,0,Authorised Serviced Apartment
1409910367925046648,New Deluxe Cozy Studio Apt @ Somerset/Orchard Area,404487343,1469852328498308929,OngRR,Central Region,River Valley,1.2947887044329998,103.83783735929029,Entire home/apt,240,6,0,,,43,333,0,Authorised Serviced Apartment
1409922268645313212,New City Central Cozy Studio-Somerset/Orchard Area,46685310,1465699258666896822,Yyin,Central Region,River Valley,1.2964707870387724,103.83818699219158,Entire home/apt,249,6,0,,,71,332,0,Authorised Serviced Apartment
1409922302741653302,City Central Cozy Studio Apt- Somerset/OrchardArea,46685310,1465699258666896822,Yyin,Central Region,River Valley,1.2964576747090404,103.84053317079848,Entire home/apt,212,6,0,,,71,343,0,Authorised Serviced Apartment
1410671734871935233,Central Minimalist Studio Apt-Somerset/OrchardArea,46685310,1465699258666896822,Yyin,Central Region,River Valley,1.296532348059044,103.83875441793946,Entire home/apt,183,6,2,2025-09-05,0.17,71,343,2,Authorised Serviced Apartment
1410671744753449258,Central Compact Studio Apt @ Somerset/Orchard Area,61619807,1466758242935516070,Ong,Central Region,River Valley,1.2945812029866925,103.84004906133555,Entire home/apt,186,6,0,,,60,343,0,Authorised Serviced Apartment
1410689414253722688,City Central Cozy Studio Apt-Somerset/Orchard Area,10248444,1462835470954501673,Recr,Central Region,River Valley,1.2965722392089114,103.84055538083723,Entire home/apt,195,6,0,,,64,345,0,Authorised Serviced Apartment
1410689430283525316,Central Compact Studio APt @ Somerset/Orchard Area,404487343,1469852328498308929,OngRR,Central Region,River Valley,1.29544,103.83872,Entire home/apt,211,6,0,,,43,344,0,Authorised Serviced Apartment
1410701913162295182,City Accessible Cozy Studio @ Somerset/OrchardArea,109333133,1467323641148121220,Pat,Central Region,River Valley,1.2965525816529346,103.83870136328585,Entire home/apt,236,1,0,,,73,352,0,Exempt
1410701926605057359,New Comfy Room-Suite /Wifi @ Orchard/Somerset Area,109333133,1467323641148121220,Pat,Central Region,River Valley,1.29649,103.83884,Private room,160,6,1,2025-08-13,0.09,73,325,1,Authorised Serviced Apartment
1410701935160798073,NewCity Accessible Studio Apt-Somerset/OrchardArea,109333133,1467323641148121220,Pat,Central Region,River Valley,1.295234105019559,103.8401619511631,Entire home/apt,246,1,1,2026-02-03,0.20,73,339,1,Exempt
1410702694370038999,City Comfy Compact Studio @ Somerset/Orchard Area,109333133,1467323641148121220,Pat,Central Region,River Valley,1.29655,103.84057,Entire home/apt,192,6,0,,,73,343,0,Authorised Serviced Apartment
1414498614019286612,LIV Executive One Bedroom with balcony in Novena,68059127,1466841137906743877,Wei,Central Region,Novena,1.31756,103.84813,Entire home/apt,374,6,1,2026-03-24,0.31,50,330,1,Authorised Serviced Apartment
1415167344973942853,Liv Executive One bedroom with balcony in Novena,68059127,1466841137906743877,Wei,Central Region,Novena,1.3172523753846739,103.84691030181986,Entire home/apt,372,6,3,2026-01-28,0.44,50,330,3,Authorised Serviced Apartment
1416685264303922091,Premier twin bed studio with pool in Novena LIV,24496358,1465305327734698378,Katherine,Central Region,Novena,1.31852,103.8477,Entire home/apt,251,6,2,2026-06-26,0.80,53,346,2,Authorised Serviced Apartment
1416694608722701168,Executive One Bedroom with balcony in Novena LIV,24496358,1465305327734698378,Katherine,Central Region,Novena,1.31926,103.84674,Entire home/apt,365,6,0,,,53,337,0,Authorised Serviced Apartment
1416707128264825703,Premier One bedroom with balcony in Novena LIV,24496358,1465305327734698378,Katherine,Central Region,Novena,1.31751,103.84662,Entire home/apt,247,6,2,2026-04-23,0.23,53,323,2,Authorised Serviced Apartment
1416723400282459966,LIV Deluxe King bed studio with pool in Novena,68059127,1466841137906743877,Wei,Central Region,Novena,1.319051493126128,103.84854016032737,Entire home/apt,257,6,9,2026-03-14,0.80,50,335,9,Authorised Serviced Apartment
1416735228073078822,Premier king bed studio with pool in Novena LIV,24496358,1465305327734698378,Katherine,Central Region,Novena,1.3177665442327313,103.84664230303495,Entire home/apt,251,6,3,2025-12-15,0.27,53,340,3,Authorised Serviced Apartment
1416742382892729894,Premier Two bedroom w balcony/pool  in Novena LIV,24496358,1465305327734698378,Katherine,Central Region,Novena,1.31957,103.84853,Entire home/apt,529,6,1,2026-03-29,0.32,53,353,1,Authorised Serviced Apartment
1416754295641369881,LIV Premier Two Bedroom w balcony/pool in Novena,68059127,1466841137906743877,Wei,Central Region,Novena,1.31775,103.84663,Entire home/apt,552,6,6,2026-02-26,0.51,50,345,6,Authorised Serviced Apartment
1416837362114502276,New Luxe Studio Apt/Balcony @Somerset/Orchard Area,61619807,1466758242935516070,Ong,Central Region,River Valley,1.2964562652047908,103.83978274437793,Entire home/apt,244,6,1,2025-11-16,0.13,60,344,1,Authorised Serviced Apartment
1416837630051745563,New Cozy Luxe Studio Apt/Balcony-Somerset/Orchard,404487343,1469852328498308929,OngRR,Central Region,River Valley,1.2945292208607833,103.83973774023964,Entire home/apt,243,6,0,,,43,344,0,Authorised Serviced Apartment
1416837637162501414,New Luxe Studio Apt/Balcony @Somerset/Orchard Area,404487343,1469852328498308929,OngRR,Central Region,River Valley,1.29532,103.8379,Entire home/apt,243,6,0,,,43,344,0,Authorised Serviced Apartment
1416837969286248307,New Cozy Luxe Studio Apt/Balcony @Somerset/Orchard,61619807,1466758242935516070,Ong,Central Region,River Valley,1.2948600813257711,103.83958772363698,Entire home/apt,214,1,0,,,60,347,0,Exempt
1416838032552083367,New Deluxe Studio Apt/Balcony-Somerset/OrchardArea,109333133,1467323641148121220,Pat,Central Region,River Valley,1.2962329841704183,103.83986126567807,Entire home/apt,234,6,0,,,73,343,0,Authorised Serviced Apartment
1416838042874822114,New City Cozy 2QB Studio Apt-Somerset/Orchard Area,109333133,1467323641148121220,Pat,Central Region,River Valley,1.29487,103.83835,Entire home/apt,277,1,0,,,73,340,0,Exempt
1416838905060987970,New Comfy Studio Apt/Balcony-Somerset/Orchard Area,46685310,1465699258666896822,Yyin,Central Region,River Valley,1.2952611906744749,103.84007080051045,Entire home/apt,245,6,0,,,71,343,0,Authorised Serviced Apartment
1416838953943004621,New Deluxe Cozy Studio Apt @ Somerset/Orchard Area,46685310,1465699258666896822,Yyin,Central Region,River Valley,1.295364494291855,103.8381685598021,Entire home/apt,209,1,0,,,71,339,0,Exempt
1416840545282198828,New Cozy Studio Apt/Balcony @Somerset/Orchard Area,10248444,1462835470954501673,Recr,Central Region,River Valley,1.2950672129705785,103.8397417600081,Entire home/apt,236,1,0,,,64,354,0,Exempt
1417166590585085067,Queen Cabin Pod w Shared Bathroom (Cloudbeds),694002672,1470729440308211171,Peggy,Central Region,Kallang,1.31176,103.8602,Private room,85,1,50,2026-06-23,4.18,7,330,50,S0251
1417918126204327052,Twin Bed Room w Shared Bathroom (City Fringe),694002672,1470729440308211171,Peggy,Central Region,Kallang,1.31068,103.85947,Private room,95,1,14,2026-04-16,1.05,7,295,13,S0251
1418834375005907172,New Cozy Family Studio Apt @ Somerset/Orchard Area,109333133,1467323641148121220,Pat,Central Region,River Valley,1.296830995446916,103.84022001120755,Entire home/apt,311,6,1,2026-01-02,0.17,73,337,1,Authorised Serviced Apartment
1418840534190307514,New Comfy Deluxe Studio Apt @Somerset/Orchard Area,10248444,1462835470954501673,Recr,Central Region,River Valley,1.29621,103.83971,Entire home/apt,243,6,0,,,64,337,0,Authorised Serviced Apartment
1418846351958440916,New Cozy Deluxe 2QB-Studio Apt-Somerset/CityArea,10248444,1462835470954501673,Recr,Central Region,River Valley,1.296307145411284,103.83999180392472,Entire home/apt,287,1,1,2026-02-19,0.23,64,343,1,Exempt
1418851841834887365,New City Deluxe Studio Apt @ Somerset/Orchard Area,46685310,1465699258666896822,Yyin,Central Region,River Valley,1.29494,103.83786,Entire home/apt,212,6,0,,,71,343,0,Authorised Serviced Apartment
1418857163748940205,NewCity Deluxe 2QB Studio Apt-Somerset/OrchardArea,46685310,1465699258666896822,Yyin,Central Region,River Valley,1.29658,103.83833,Entire home/apt,306,6,1,2025-07-25,0.09,71,337,1,Authorised Serviced Apartment
1418861896474825524,New City Cozy Studio Apt/WIFI-Somerset/OrchardArea,61619807,1466758242935516070,Ong,Central Region,River Valley,1.29479,103.83838,Entire home/apt,209,1,0,,,60,346,0,Exempt
1418867174753684561,New Cozy Family 2QB Studio Apt@ Somerset/Orchard,61619807,1466758242935516070,Ong,Central Region,River Valley,1.2947304327790223,103.83847780611787,Entire home/apt,297,6,6,2025-12-17,0.51,60,337,6,Authorised Serviced Apartment
1418871456058121803,New Comfy Studio Apt/WIFI @ Somerset/Orchard Area,404487343,1469852328498308929,OngRR,Central Region,River Valley,1.2953301148494873,103.83994963823147,Entire home/apt,243,6,0,,,43,338,0,Authorised Serviced Apartment
1418875558127560968,NewCozy Family 2QB Studio Apt-Somerset/OrchardArea,404487343,1469852328498308929,OngRR,Central Region,River Valley,1.29665,103.84014,Entire home/apt,306,6,0,,,43,337,0,Authorised Serviced Apartment
1421658026230275431,Bali inspired sea-side bungalow,3222935,1462528612885677668,Aki,East Region,Bedok,1.31108,103.91287,Entire home/apt,,92,1,2025-07-28,0.09,1,87,1,L8878
1422215104467222024,City Center Hotel Family Suite Chinatown Sg 2,2676835,1462604586705061088,Hsoloscargo Residentcubes,Central Region,Singapore River,1.2875384799898022,103.8438235311966,Private room,571,1,0,,,35,60,0,M8979
1423478539444627644,Twin/bed room at city fringe.,489662839,1463824448925924586,Yc,Central Region,Rochor,1.30489,103.8602,Private room,,95,0,,,3,0,0,
1423643687021033482,Liv Deluxe king studio with pool in Novena,24496358,1465305327734698378,Katherine,Central Region,Novena,1.31843,103.84772,Entire home/apt,266,6,5,2026-02-10,0.46,53,336,5,Authorised Serviced Apartment
1424249889302183139,"Amara Singapore City Centre, Deluxe twin room",696298612,,Amara Singapore,Central Region,Downtown Core,1.2752468,103.8434416,Private room,390,1,11,2026-06-18,2.24,5,356,11,
1424249889693894177,"Amara Singapore City Centre, Deluxe king room",,,,Central Region,Downtown Core,1.27525,103.84344,Private room,390,1,57,2026-06-27,4.79,,361,57,
1424250061326942515,"Amara Singapore City Centre, Signature king room",696298612,,Amara Singapore,Central Region,Downtown Core,1.2752468,103.8434416,Private room,390,1,35,2026-05-19,3.18,5,361,35,
1424250184455481838,"Amara Singapore City Centre, Signature twin room",696298612,,Amara Singapore,Central Region,Downtown Core,1.2752468,103.8434416,Private room,390,1,6,2026-04-11,0.52,5,338,6,
1424250192582612508,"Amara Singapore City Centre, Club king room",,,,Central Region,Downtown Core,1.27525,103.84344,Private room,390,1,12,2026-06-09,1.08,,364,12,
1424250311253500784,"Amara Singapore City Centre, Club twin room",696298612,1470734160464118406,Amara Singapore,Central Region,Downtown Core,1.27525,103.84344,Private room,390,1,4,2026-06-20,0.79,5,357,4,
1424250328367064627,"Amara Singapore City Centre, Club suite",696298612,,Amara Singapore,Central Region,Downtown Core,1.2752468,103.8434416,Private room,390,1,0,,,5,345,0,
1424428701695755446,"One Farrer Hotel, Mint room",,,,Central Region,Rochor,1.31216,103.85402,Private room,396,1,4,2025-11-14,0.37,,363,4,
1424428701819422499,"One Farrer Hotel, Mint den room",696332985,,,Central Region,Rochor,1.31216,103.85402,Private room,342,1,0,,,3,359,0,
1424428852778246994,"One Farrer Hotel, Mint suite",,,,Central Region,Rochor,1.31216,103.85402,Private room,396,1,0,,,,364,0,
1424428859217478768,"One Farrer Hotel, Loft apartment",696332985,,,Central Region,Rochor,1.31216,103.85402,Private room,378,1,0,,,3,364,0,
1424429010859475839,"One Farrer Hotel, Mint premier room",696332985,1470734225070698992,,Central Region,Rochor,1.31216,103.85402,Private room,396,1,0,,,3,364,0,
1424429024247096195,"One Farrer Hotel, Skyline studio room",,,,Central Region,Rochor,1.3121617,103.8540179,Private room,475,1,0,,,,364,0,
1424447545878309372,"Hotel Boss, Superior queen room",,,,Central Region,Kallang,1.30542,103.85997,Private room,148,1,82,2026-06-20,7.96,,218,82,
1424447901026547906,Superior queen city view room,,,,Central Region,Kallang,1.30542,103.85997,Private room,146,1,56,2026-06-28,4.96,,245,56,
1424448202864398361,"Hotel Boss, Superior queen balcony room",696336606,,Hotel Boss,Central Region,Kallang,1.30542,103.85997,Private room,146,1,15,2026-06-08,1.53,5,242,15,
1424448535540415363,Superior twin room,696336606,1470734237554257474,Hotel Boss,Central Region,Kallang,1.30542,103.85997,Private room,146,1,19,2026-06-11,2.22,5,230,19,
1424448868665846220,"Hotel Boss, Superior twin city view room",696336606,1470734237554257474,Hotel Boss,Central Region,Kallang,1.30542,103.85997,Private room,146,1,11,2026-06-27,1.07,5,233,11,
1424449176794927641,"Hotel Boss, Premier queen balcony room",,,,Central Region,Kallang,1.30542,103.85997,Private room,146,1,2,2026-06-14,0.26,,245,2,
1424449449682044691,"Hotel Boss, Triple room",696336606,,Hotel Boss,Central Region,Kallang,1.30542,103.85997,Private room,148,1,7,2026-05-24,1.52,5,243,7,
1424449755563942631,Family balcony room,696336606,1470734237554257474,Hotel Boss,Central Region,Kallang,1.30542,103.85997,Private room,179,1,11,2026-06-15,0.96,5,227,11,
1424451303692713657,Superior Queen room,,,,Central Region,Rochor,1.30393,103.85129,Private room,175,1,0,,,,331,0,
1424451479378425413,Superior queen city view room,696337316,,Hotel Mi Rochor,Central Region,Rochor,1.30393,103.85129,Private room,175,1,0,,,5,357,0,
1424451649677359299,"Hotel Mi Rochor, Superior twin room",696337316,,Hotel Mi Rochor,Central Region,Rochor,1.30393,103.85129,Private room,175,1,0,,,5,334,0,
1424451821530649780,Superior twin city view room,,,,Central Region,Rochor,1.30393,103.85129,Private room,175,1,4,2026-06-07,0.63,,339,4,
1424451993987500487,Deluxe queen room,696337316,1470734240716462126,Hotel Mi Rochor,Central Region,Rochor,1.30393,103.85129,Private room,196,1,0,,,5,356,0,
1424452171980826009,"Hotel Mi Rochor, Deluxe triple room",,,,Central Region,Rochor,1.30393,103.85129,Private room,175,1,3,2026-03-31,0.45,,343,3,
1424452343694908276,"Hotel Mi Rochor, Deluxe queen balcony room",,,,Central Region,Rochor,1.30393,103.85129,Private room,175,1,0,,,,359,0,
1424452524803607575,"Hotel Mi Rochor, Quadruple Room",696337316,,Hotel Mi Rochor,Central Region,Rochor,1.30393,103.85129,Private room,175,1,0,,,5,310,0,
1424452540373293477,Superior patio room,696337316,1470734240716462126,Hotel Mi Rochor,Central Region,Rochor,1.30393,103.85129,Private room,175,1,1,2025-10-30,0.12,5,356,1,
1424453240122424899,Superior queen balcony room,696337650,,Hotel Mi Bencoolen,Central Region,Rochor,1.2990073,103.8499896,Private room,209,1,2,2026-06-05,1.09,7,354,2,
1424453410413643540,Superior twin room,696337650,,Hotel Mi Bencoolen,Central Region,Rochor,1.29901,103.84999,Private room,209,1,11,2026-06-15,1.27,7,341,11,
1424453584550042478,Premier queen room,,,,Central Region,Rochor,1.29901,103.84999,Private room,209,1,1,2025-10-07,0.11,,353,1,
1424453733537150565,Triple room,696337650,1468018053729533497,Hotel Mi Bencoolen,Central Region,Rochor,1.29901,103.84999,Private room,209,1,0,,,7,334,0,
1424453896291727850,Family room,696337650,1468018053729533497,Hotel Mi Bencoolen,Central Region,Rochor,1.29901,103.84999,Private room,179,1,0,,,7,288,0,
1425148665792726386,"Amara Sanctuary Sentosa, Verandah suite",,,,Central Region,Southern Islands,1.25173,103.8221,Private room,719,1,1,2026-05-03,0.49,,354,1,
1425148666145769141,"Amara Sanctuary Sentosa, Verandah studio",696528369,,,Central Region,Southern Islands,1.25173,103.8221,Private room,508,1,0,,,1,352,0,
1425148799398654647,"Amara Sanctuary Sentosa, Couple suite with pool...",,,,Central Region,Southern Islands,1.25173,103.8221,Private room,719,1,1,2025-08-17,0.09,,356,1,
1425190803665246013,Luxurious 3 bedroom apt,238891646,1463258524593591157,Neha,Central Region,Bukit Merah,1.2904515408316566,103.83235743835866,Entire home/apt,905,6,1,2025-10-11,0.11,131,363,1,Authorised Serviced Apartment
1425850105736531154,1 New Comfy 2QB-Studio Apt @ Somerset/Orchard Area,109333133,1467323641148121220,Pat,Central Region,River Valley,1.29472,103.83948,Entire home/apt,322,1,5,2026-04-16,0.81,73,342,5,Exempt
1425859886450862222,New Cozy 2QB Studio Apt @ Somerset/Orchard Area,109333133,1467323641148121220,Pat,Central Region,River Valley,1.2948113636993215,103.84008960936521,Entire home/apt,297,6,2,2025-07-12,0.16,73,337,1,Authorised Serviced Apartment
1425869806039287535,1. New Family Cozy 2QB Studio-Somerset/OrchardArea,109333133,1467323641148121220,Pat,Central Region,River Valley,1.294946548880082,103.84021397601423,Entire home/apt,318,1,0,,,73,347,0,Exempt
1425945341014242579,Homely stay at reasonable rates,238891646,1463258524593591157,Neha,Central Region,Bukit Merah,1.2745808866319883,103.83253430975219,Entire home/apt,347,6,1,2025-10-07,0.11,131,363,1,S0553
1426006783645356445,New Deluxe Studio Apt/Balcony-Somerset/OrchardArea,109333133,1467323641148121220,Pat,Central Region,River Valley,1.2966987461683157,103.83931272810031,Entire home/apt,244,6,0,,,73,343,0,Authorised Serviced Apartment
1426012867560768936,New Cozy Studio Apt/Balcony-Somerset/Orchard Area,109333133,1467323641148121220,Pat,Central Region,River Valley,1.29616,103.83999,Entire home/apt,243,6,0,,,73,343,0,Authorised Serviced Apartment
1426024511725718345,New Cozy Compact Loft Studio-Somerset/Orchard Area,109333133,1467323641148121220,Pat,Central Region,River Valley,1.2949153615403817,103.84024019023991,Entire home/apt,194,1,5,2026-05-20,0.54,73,352,5,Exempt
1426031585133491230,Cozy Room Suite w Wifi @ Somerset/Orchard Area,109333133,1467323641148121220,Pat,Central Region,River Valley,1.29497,103.83875,Private room,149,6,3,2025-11-06,0.26,73,329,3,Authorised Serviced Apartment
1426038347190089848,New Family Cozy 2QB Studio -Somerset/Orchard Area,10248444,1462835470954501673,Recr,Central Region,River Valley,1.294469762889916,103.84012499796576,Entire home/apt,313,6,0,,,64,337,0,Authorised Serviced Apartment
1426560931919627515,New City Comfy Studio Apt@ Somerset/Orchard Area,10248444,1462835470954501673,Recr,Central Region,River Valley,1.2944744138897102,103.83884725223035,Entire home/apt,225,1,1,2025-12-23,0.16,64,348,1,Exempt
1426599867114331921,New Family Cozy 2QB Studio -Somerset/Orchard Area,10248444,1462835470954501673,Recr,Central Region,River Valley,1.2947012362474406,103.83942132339897,Entire home/apt,318,1,0,,,64,347,0,Exempt
1426606297178971826,New Comfy Studio Apt/Balcony-Somerset/Orchard Area,10248444,1462835470954501673,Recr,Central Region,River Valley,1.2948093355059958,103.83848853917142,Entire home/apt,240,6,0,,,64,343,0,Authorised Serviced Apartment
1426614939438407815,New Cozy Studio Apt/Balcony-Somerset/Orchard Area,10248444,1462835470954501673,Recr,Central Region,River Valley,1.2965773809372632,103.8393172995307,Entire home/apt,241,1,0,,,64,354,0,Exempt
1426629047767337878,NewCozy Minimalist Studio APT-Somerset/OrchardArea,10248444,1462835470954501673,Recr,Central Region,River Valley,1.29472,103.84016,Entire home/apt,216,6,1,2026-03-24,0.31,64,331,1,Authorised Serviced Apartment
1426635538811001368,New Urban Loft Studio/WIFI-Somerset/Orchard Area,10248444,1462835470954501673,Recr,Central Region,River Valley,1.29457,103.83833,Entire home/apt,183,6,6,2025-10-01,0.52,64,345,6,Authorised Serviced Apartment
1426641672195864918,New Urban Room Suite /WIFI @ Somerset/Orchard Area,10248444,1462835470954501673,Recr,Central Region,River Valley,1.296799974310553,103.84053090276291,Private room,142,6,4,2025-10-05,0.34,64,314,4,Authorised Serviced Apartment
1426652696166505695,New City-Family 2-Beds Studio-Somerset/OrchardArea,46685310,1465699258666896822,Yyin,Central Region,River Valley,1.29649,103.83946,Entire home/apt,318,1,1,2025-09-26,0.11,71,345,1,Exempt
1426678158162327809,Apartment at Raeburn park,238891646,1463258524593591157,Neha,Central Region,Bukit Merah,1.2731539785160264,103.83457348316148,Entire home/apt,344,6,1,2025-10-06,0.11,131,363,1,S0553
1426711164922860265,New Family Cozy 2QB Studio -Somerset/Orchard Area,46685310,1465699258666896822,Yyin,Central Region,River Valley,1.2961201659864663,103.84002395554558,Entire home/apt,266,6,0,,,71,337,0,Authorised Serviced Apartment
1426721534212908207,New Cozy Studio Apt/Balcony@ Somerset/Orchard Area,46685310,1465699258666896822,Yyin,Central Region,River Valley,1.29646,103.83877,Entire home/apt,240,6,0,,,71,345,0,Authorised Serviced Apartment
1427058872148210776,New Cozy Studio Apt/Balcony @Somerset/Orchard Area,46685310,1465699258666896822,Yyin,Central Region,River Valley,1.2947754043777648,103.84002396111443,Entire home/apt,206,1,4,2026-04-30,0.34,71,350,4,Exempt
1427085518647834146,New Comfy Studio Apt/WIFI @ Somerset/Orchard Area,46685310,1465699258666896822,Yyin,Central Region,River Valley,1.2947981409099234,103.83983930729946,Entire home/apt,220,6,0,,,71,343,0,Authorised Serviced Apartment
1427097570520340078,NEW Cozy Loft Studio Apt/WIFI-Somerset/OrchardArea,46685310,1465699258666896822,Yyin,Central Region,River Valley,1.294460338061453,103.84019591613095,Entire home/apt,191,1,1,2026-01-07,0.17,71,350,1,Exempt
1427103146004160543,City Comfy BR Suite/ WIFI @ Somerset/Orchard Area,46685310,1465699258666896822,Yyin,Central Region,River Valley,1.2947422996558597,103.8405838904884,Private room,156,6,0,,,71,239,0,Authorised Serviced Apartment
1427402123872945345,Studio twin at Raeburn,238891646,1463258524593591157,Neha,Central Region,Bukit Merah,1.27402,103.83429,Entire home/apt,350,6,0,,,131,363,0,S0553
1429414387092626138,Executive two bedroom with balcony / pool in LIV,24496358,1465305327734698378,Katherine,Central Region,Novena,1.3174,103.84673,Entire home/apt,662,6,0,,,53,326,0,Authorised Serviced Apartment
1429429611284443054,"NEST Hotel: Deluxe Queen Room, 3 mins walk to MRT",697573716,1470736824647067513,NEST Hotel Singapore,Central Region,Kallang,1.3117299047648263,103.86109275133646,Private room,,1,9,2026-01-01,0.68,4,0,3,S0603
1429430926777806945,Liv Executive two bedrooms with balcony / pool,68059127,1466841137906743877,Wei,Central Region,Novena,1.31866,103.84668,Entire home/apt,662,6,0,,,50,337,0,Authorised Serviced Apartment
1429740332048906981,Cozy apartment near airport,3034356,1462615491471857689,Arielle,East Region,Bedok,1.3144572863570154,103.93761302635188,Private room,27,92,0,,,1,364,0,
1430481507363441021,"NEST Hotel: Standard Queen Room, 3 min walk to MRT",697573716,1470736824647067513,NEST Hotel Singapore,Central Region,Kallang,1.3109509,103.8617929,Private room,,1,36,2026-02-24,2.71,4,0,34,S0603
1430492482373707758,"NEST Hotel: Cozy Queen Room, 3 mins walk to MRT",697573716,1470736824647067513,NEST Hotel Singapore,Central Region,Kallang,1.3109509,103.8617929,Private room,,1,48,2026-03-27,3.84,4,0,47,S0603
1430501637577930327,"NEST Hotel: Cozy Bunk Room, 3 mins walk to MRT",697573716,1470736824647067513,NEST Hotel Singapore,Central Region,Kallang,1.3109509,103.8617929,Private room,,1,3,2025-11-04,0.30,4,0,3,S0603
1430778817396297658,Single Cabin Pod w Shared Bathroom (Cloudbeds),694002672,1470729440308211171,Peggy,Central Region,Kallang,1.31176,103.8602,Private room,71,1,112,2026-06-24,8.51,7,364,107,S0251
1430784800417314095,Mini Single Cabin w Shared Bathroom & Window,694002672,1470729440308211171,Peggy,Central Region,Kallang,1.3126289585827613,103.85900080140773,Private room,71,1,12,2026-02-16,0.95,7,321,11,S0251
1430858754525398893,Mini Single Cabin w Shared Bathroom,694002672,1470729440308211171,Peggy,Central Region,Kallang,1.31176,103.8602,Private room,68,1,14,2026-05-17,1.16,7,278,14,S0251
1430865086193483530,Signature Single Cabin Pod (City Fringe),694002672,1470729440308211171,Peggy,Central Region,Kallang,1.31176,103.8602,Private room,95,1,1,2025-06-08,0.08,7,254,0,S0251
1430875027214089077,Signature Queen Cabin Pod (City Fringe),694002672,1470729440308211171,Peggy,Central Region,Kallang,1.31176,103.8602,Private room,104,1,3,2026-05-25,0.25,7,249,3,S0251
1430992511231233316,Boon Tat One Bedroom Apartment,23336011,1465271884616547411,Heritage,Central Region,Outram,1.2812057,103.8486065,Private room,182,6,0,,,71,343,0,Authorised Serviced Apartment
1430996581582926108,Boon Tat Premium Loft Apartment,23336011,1465271884616547411,Heritage,Central Region,Outram,1.2812057,103.8486065,Private room,191,6,0,,,71,341,0,Authorised Serviced Apartment
1430998684168143065,Boon Tat Studio Premium Apartment,23336011,1465271884616547411,Heritage,Central Region,Outram,1.2812057,103.8486065,Private room,190,6,2,2025-07-15,0.15,71,329,1,Authorised Serviced Apartment
1431791012566723702,LIV Premier One Bedroom with balcony in Novena,68059127,1466841137906743877,Wei,Central Region,Novena,1.3184258,103.8477196,Entire home/apt,301,6,0,,,50,347,0,Authorised Serviced Apartment
1434655658018687839,Welcome to your home stay,59454953,1466716648776787531,Kimber,Central Region,Novena,1.32323,103.84915,Entire home/apt,,92,0,,,1,90,0,
1435436798531615565,LIV Premier two bedroom with balcony in Novena,68059127,1466841137906743877,Wei,Central Region,Novena,1.3174679596321475,103.84890416426431,Entire home/apt,552,6,0,,,50,352,0,Authorised Serviced Apartment
1435481170766922808,Premier 1-Bedroom Apt 8 Min Walk to Novena MRT,220661611,1469165180188100777,Liv Residences - Serviced Apartment At Novena,Central Region,Novena,1.3189548464283567,103.84891607162157,Entire home/apt,323,6,8,2026-05-02,0.72,7,353,8,Authorised Serviced Apartment
1435498739153769105,Premier King Studio Apt 8 Min Walk to Novena MRT,220661611,1469165180188100777,Liv Residences - Serviced Apartment At Novena,Central Region,Novena,1.31947,103.84751,Entire home/apt,264,6,1,2025-09-03,0.10,7,350,1,Authorised Serviced Apartment
1435501207714217743,Premier King Studio Apt 8 min walk to Novena MRT,220661611,1469165180188100777,Liv Residences - Serviced Apartment At Novena,Central Region,Novena,1.31823,103.84652,Entire home/apt,209,6,21,2026-04-19,1.83,7,359,21,Authorised Serviced Apartment
1435503782998461141,Executive 1-Bedroom 8 Min Walk to Novena MRT,220661611,1469165180188100777,Liv Residences - Serviced Apartment At Novena,Central Region,Novena,1.3178748960585183,103.84861078264117,Entire home/apt,400,6,1,2026-03-04,0.25,7,340,1,Authorised Serviced Apartment
1435506379283528748,"Deluxe Studio Apartment, 8 min walk to Novena MRT",220661611,1469165180188100777,Liv Residences - Serviced Apartment At Novena,Central Region,Novena,1.31739,103.84854,Entire home/apt,310,6,1,2025-12-03,0.14,7,337,1,Authorised Serviced Apartment
1435508276632037244,Premier 2-Bedroom Apt 8 Min Walk to Novena MRT,220661611,1469165180188100777,Liv Residences - Serviced Apartment At Novena,Central Region,Novena,1.31733,103.84863,Entire home/apt,612,6,7,2026-01-19,0.60,7,352,7,Authorised Serviced Apartment
1435511229949562056,Executive 2-Bedroom Suite 8 Min Walk to Novena MRT,220661611,1469165180188100777,Liv Residences - Serviced Apartment At Novena,Central Region,Novena,1.31899,103.84862,Entire home/apt,630,6,0,,,7,321,0,Authorised Serviced Apartment
1436731706276503316,Studio for comfortable stay,238891646,1463258524593591157,Neha,Central Region,Downtown Core,1.2985947171165875,103.8542181286366,Entire home/apt,353,6,0,,,131,363,0,Authorised Serviced Apartment
1440459312316583288,LIV Premier One Bedroom with balcony in Novena,50965838,1462718219033867163,Yiyi,Central Region,Novena,1.31757,103.84726,Entire home/apt,263,6,0,,,16,356,0,Authorised Serviced Apartment
1441699565088289084,Cozy bedroom with queen size bed- females only,48640001,1465737134250074157,Abhishek,North-East Region,Ang Mo Kio,1.38523,103.84156,Private room,,92,0,,,1,364,0,
1441747156241875893,"High FL, Best Location, MBS View",16755214,1462994308553758836,Lily,Central Region,Kallang,1.3034,103.86262,Entire home/apt,,92,0,,,1,0,0,
1441995337754637806,Superior room,700813835,1470743225104931705,Furama Hotel City Centre,Central Region,Outram,1.286357,103.844994,Private room,,1,0,,,7,0,0,
1441996799077335406,"Furama City Centre, Executive club",700813835,1470743225104931705,Furama Hotel City Centre,Central Region,Outram,1.286357,103.844994,Private room,,1,0,,,7,0,0,
1441997864837330267,"Furama City Centre, Executive suite",700813835,1470743225104931705,Furama Hotel City Centre,Central Region,Outram,1.28636,103.84499,Private room,,1,0,,,7,0,0,
1441999300977090092,Family Room,700813835,1470743225104931705,Furama Hotel City Centre,Central Region,Outram,1.28636,103.84499,Private room,,1,0,,,7,0,0,
1442001028026359476,"Furama City Centre, Family suite",700813835,1470743225104931705,Furama Hotel City Centre,Central Region,Outram,1.286357,103.844994,Private room,189,1,0,,,7,144,0,
1444516778044940580,Studio unit,701528793,1470744591027134169,Wei Chao,Central Region,Bukit Merah,1.28659,103.82026,Private room,131,6,2,2026-01-05,0.26,11,331,2,Authorised Serviced Apartment
1444523827569902033,Twin Bed Studio (1 Attached Bathroom),701528793,1470744591027134169,Wei Chao,Central Region,Bukit Merah,1.28457,103.81957,Entire home/apt,169,6,1,2026-01-01,0.17,11,355,1,Authorised Serviced Apartment
1444547568409718047,Twin Room Studio,701528793,1470744591027134169,Wei Chao,Central Region,Bukit Merah,1.28678,103.82112,Entire home/apt,213,6,1,2026-01-28,0.20,11,363,1,Authorised Serviced Apartment
1449345947252383766,Grand & Roomy Serviced Studio near MRT in CBD,13468566,1462586490802398761,Andy,Central Region,Outram,1.27639,103.84181,Entire home/apt,188,6,1,2025-10-13,0.12,12,362,1,Authorised Serviced Apartment
1449362431787038446,Bright & Lush Serviced Studio in CBD near MRT,13468566,1462586490802398761,Andy,Central Region,Outram,1.2764053747359523,103.8424774164942,Entire home/apt,177,6,9,2026-04-12,0.92,12,302,9,Authorised Serviced Apartment
1449745682595467553,"In The Heart of Orchard 
WIFI & Utilities Included",31975096,1465469819443592295,Clarence,Central Region,River Valley,1.2977323610746314,103.83999719815588,Entire home/apt,48,92,0,,,2,207,0,
1450531852548562189,2 bedroom apt for long stay,238891646,1463258524593591157,Neha,Central Region,Queenstown,1.29273,103.80565,Entire home/apt,115,90,0,,,131,363,0,Authorised Serviced Apartment
1451262371051824176,"Serviced apt, 1-bedrm Suite, 2 queen beds, sleep 4",396588956,1469826754937713691,Weave Living Singapore,Central Region,Rochor,1.30229,103.8498,Entire home/apt,473,6,1,2025-08-20,0.10,4,257,1,Authorised Serviced Apartment
1453168478696970113,Nice common room in Summerdale,107642461,1467304311156611198,Frank,West Region,Jurong West,1.34211,103.71082,Private room,20,92,0,,,1,364,0,
1453309223666872783,Comfortable Stay Starts Here!,21868841,1463165889335745127,Gowri,North Region,Yishun,1.4209982,103.8434399,Private room,20,92,0,,,1,176,0,
1453652427627211407,Urban Male Bunks,465816408,1470099617749387415,Coller,Central Region,Outram,1.2822051260365535,103.84538758546114,Shared room,78,1,9,2025-11-02,0.85,4,179,9,S0580
1454846206172103024,Newly Renovated Studio Stevens #1 (Double Room),443920116,1470001766902778389,Metro Y Hotel Singapore,Central Region,Tanglin,1.316593964055088,103.82669900370485,Private room,215,5,3,2026-02-28,0.27,3,360,3,S0599
1454885867603099496,Newly Renovated Studio Stevens #2 (Double Room),443920116,1470001766902778389,Metro Y Hotel Singapore,Central Region,Tanglin,1.3164635988694686,103.82650469247014,Private room,215,5,2,2026-02-04,0.19,3,353,2,S5099
1454894973142599893,Newly Renovated Studio Stevens #3 (Triple Room),443920116,1470001766902778389,Metro Y Hotel Singapore,Central Region,Tanglin,1.3164438,103.8265488,Private room,361,5,1,2025-10-20,0.12,3,353,1,S5099
1455853323635714732,Common Bedrm Near Paya Lebar MRT,678415491,1470697152026507915,Michael,Central Region,Geylang,1.3139295,103.8935415,Private room,174,92,0,,,1,364,0,
1457063470445292038,Furnished luxury apartment,401977167,1469843564668933323,Mitali,Central Region,Bukit Timah,1.3246388,103.8037623,Entire home/apt,101,92,0,,,1,364,0,
1461242562681876485,"Sofitel Singapore Sentosa, Selected by hotel",,,,Central Region,Southern Islands,1.24517,103.82791,Private room,559,1,7,2026-06-29,5.68,,358,7,
1462196828937021193,"Raffles Sentosa Singapore, Selected by hotel",,,,Central Region,Southern Islands,1.2477564,103.8268598,Private room,2150,1,1,2026-06-19,1,,364,1,
1462823694871478687,"Alma House, Two Bedroom Suite",653907958,1470643894442466617,Alma House,Central Region,River Valley,1.2929272,103.8386723,Private room,451,6,1,2026-03-04,0.25,5,343,1,Authorised Serviced Apartment
1462834422858790539,"Alma House, Two Bedroom Executive Suite",653907958,1470643894442466617,Alma House,Central Region,River Valley,1.2929272,103.8386723,Private room,473,6,1,2026-03-07,0.26,5,335,1,Authorised Serviced Apartment
1462838261247305625,"Alma House, Alma Family Suite",653907958,1470643894442466617,Alma House,Central Region,River Valley,1.29189,103.83966,Private room,495,6,9,2026-04-09,1.00,5,336,9,Authorised Serviced Apartment
1463662556790464966,1. Minimalist Cozy Studio Apt-Somerset/OrchardArea,10248444,1462835470954501673,Recr,Central Region,River Valley,1.29552,103.83806,Entire home/apt,146,28,0,,,64,301,0,Exempt
1463737606682181732,DAOnests@Norris,706876359,1470754255808182039,Zhan,Central Region,Rochor,1.30722,103.85455,Private room,,92,0,,,1,357,0,
1467926425879233888,Private Room w/ Ensuite Bathroom 7mins away,3951127,1462532737396247543,Sue,Central Region,Rochor,1.30859,103.85294,Private room,28,92,0,,,6,361,0,
1467936474358101537,"Double room in Little India, 6 mins walk to MRT",708079827,1467936474975777353,Ao,Central Region,Kallang,1.3151389,103.8572057,Private room,,1,0,,,4,0,0,S0018
1467945448979879180,"Deluxe Dbl Window, 6 mins walk to Farrer Park MRT",708079827,1467936474975777353,Ao,Central Region,Kallang,1.3151389,103.8572057,Private room,,1,0,,,4,0,0,S0018
1467950257888380632,"Deluxe Twin Window, 6 mins walk to Farrer Park MRT",708079827,1467936474975777353,Ao,Central Region,Kallang,1.3151389,103.8572057,Private room,,1,1,2025-08-21,0.09,4,0,1,S0018
1467952164715050190,Spacious Family room in Little India 6 mins to MRT,708079827,1467936474975777353,Ao,Central Region,Kallang,1.3151389,103.8572057,Private room,,1,12,2025-12-01,1.16,4,0,12,S0018
1468018053216604022,Superior queen room,,,,Central Region,Rochor,1.2990073,103.8499896,Private room,209,1,19,2026-05-25,1.93,,354,19,
1470060596734778022,Studio Serviced Apartment,708644503,1470060597775300288,Oxley Thanksgiving Residence,Central Region,River Valley,1.2960573,103.8408185,Private room,380,6,2,2025-10-12,0.21,4,344,2,Authorised Serviced Apartment
1472984114652915855,Deluxe 1-Bedroom Serviced Apartment,708644503,1470060597775300288,Oxley Thanksgiving Residence,Central Region,River Valley,1.2960573,103.8408185,Private room,371,6,0,,,4,346,0,Authorised Serviced Apartment
1472987864020236781,Premium 1-Bedroom Serviced Apartment,708644503,1470060597775300288,Oxley Thanksgiving Residence,Central Region,River Valley,1.2960573,103.8408185,Private room,379,6,0,,,4,341,0,Authorised Serviced Apartment
1472990906858898417,Premium 2-Bedroom Serviced Apartment,708644503,1470060597775300288,Oxley Thanksgiving Residence,Central Region,River Valley,1.2960573,103.8408185,Private room,578,6,0,,,4,308,0,Authorised Serviced Apartment
1473745746266510347,Large One bedroom apartment,238891646,1463258524593591157,Neha,Central Region,Bukit Merah,1.29059,103.83258,Entire home/apt,426,6,0,,,131,363,0,M3213
1476055472555092851,Cozy Room in Central Singapore,307450836,1469569574100665687,Sofie,Central Region,Kallang,1.3083181,103.8631297,Private room,47,97,0,,,1,357,0,
1479367175394020790,Stay with a sassy woman,690634088,1477276450079069724,Mavis,North-East Region,Hougang,1.3803,103.90363,Private room,27,92,0,,,1,364,0,
1480442085196385740,Elegant 1 bedroom apartment near Orchard,238891646,1463258524593591157,Neha,Central Region,River Valley,1.29896,103.84155,Entire home/apt,605,6,0,,,131,363,0,Authorised Serviced Apartment
1481005699303905208,"Coliving Single Room in Lavender, 10mins from mall",3951127,1462532737396247543,Sue,Central Region,Kallang,1.3117744048242395,103.86281538106493,Private room,22,92,0,,,6,180,0,
1481779879993987767,The Urban Pearl | Centren | 3BR,300765938,1463413945351002296,Xacco,Central Region,Geylang,1.3149598422145958,103.88390935868406,Entire home/apt,114,92,0,,,52,364,0,
1481796223534795537,Large Gorgeous Junior Master Ensuite 280sqft!,1529439,1462518692148188320,Yiling,East Region,Bedok,1.318821,103.948266,Private room,32,92,0,,,5,364,0,
1482210118474008691,Bedroom Balcony Kallang MRT Central,711876831,1481611655906446757,Mei,Central Region,Geylang,1.3101083678047456,103.87936281943155,Private room,36,92,0,,,1,180,0,
1482336060835379615,Deluxe queen room,712071209,1482336061292093183,H81 Osaka,Central Region,Bukit Merah,1.28341,103.83503,Private room,136,1,17,2026-06-03,1.84,1,358,17,
1482336061242810150,Superior queen room,,,,Central Region,Bukit Merah,1.28341,103.83503,Private room,114,1,79,2026-06-27,10.82,,358,79,
1482336227451139003,Superior twin room,,,,Central Region,Bukit Merah,1.28341,103.83503,Private room,124,1,11,2026-06-05,1.56,,338,11,
1482344493013508711,Superior queen,,,,Central Region,Novena,1.3222,103.85268,Private room,95,1,191,2026-06-29,20.61,,357,191,
1482344493186290992,Deluxe queen,712073239,1482344493581571730,Hotel 81 Fuji,Central Region,Novena,1.3222,103.85268,Private room,95,1,1,2025-10-08,0.11,1,174,1,
1482344889095034161,Superior queen room,,,,Central Region,Novena,1.32153,103.85308,Private room,86,1,13,2026-06-28,1.42,,358,13,
1482348552454729497,Superior twin room,712073934,1482348552891057527,H81 Selegie,Central Region,Rochor,1.30355,103.84992,Private room,105,1,39,2026-06-14,4.27,1,314,39,
1482348552681809454,Superior queen room,,,,Central Region,Rochor,1.30355,103.84992,Private room,105,1,36,2026-06-27,3.94,,354,36,
1482350077493030891,Standard queen,,,,Central Region,Geylang,1.31284,103.87688,Private room,87,1,0,,,,331,0,
1482350301376566700,"Hotel 81 Kovan, Superior queen",,,,North-East Region,Hougang,1.3542695,103.8789222,Private room,114,1,1,2025-11-29,0.14,,337,1,
1482350301412095431,"Hotel 81 Kovan, Standard queen",712074229,1482350301894156540,Hotel 81 Kovan,North-East Region,Hougang,1.35427,103.87892,Private room,114,1,1,2026-01-25,0.19,1,337,1,
1482350442865363071,Superior twin,,,,North-East Region,Hougang,1.35427,103.87892,Private room,95,1,1,2026-06-20,1,,350,1,
1482625474739238932,LIV Premier King Bed Studio in Novena,68059127,1466841137906743877,Wei,Central Region,Novena,1.317631838333851,103.84869095387315,Entire home/apt,251,6,1,2025-10-30,0.12,50,345,1,Authorised Serviced Apartment
1483118130975083869,"H81 Lavender, Superior queen",,,,Central Region,Kallang,1.31083,103.86232,Private room,105,1,0,,,,288,0,
1483118131026140324,"H81 Lavender, Standard queen",712274411,1483118131555627244,H81 Lavender,Central Region,Kallang,1.31083,103.86232,Private room,105,1,1,2026-02-06,0.20,1,292,1,
1483256161942981089,f. Cozy room @ Aljunied/ Geylang,581868519,1470590864703920254,Nanda,Central Region,Geylang,1.31263,103.88401,Private room,,92,0,,,6,364,0,
1483389832866759501,Masterbedroom + private bathroom,685354244,1470711189800050937,Allie,West Region,Clementi,1.3050372016651728,103.76703134471624,Private room,31,90,7,2025-11-26,0.76,1,252,7,Exempt
1484750558546581098,Train Pod @ one-north Premier Room,109741357,1467327917399399983,Lorraine,Central Region,Queenstown,1.2958922998964715,103.78700709325409,Private room,97,1,0,,,11,137,0,S0610
1484757313421784884,Train Pod @ one-north Standard Rooms,109741357,1467327917399399983,Lorraine,Central Region,Queenstown,1.29491,103.78608,Private room,73,1,58,2026-06-05,5.86,11,175,58,S0610
1485263476081186653,New 3 bedrm apartment Jan 2025,122620134,1462923301237415849,Amy,East Region,Tampines,1.3409750655705264,103.96209098626508,Entire home/apt,65,92,0,,,6,364,0,Exempt
1485469452306568394,g. Cozy Room @ Aljunied /Geylang,581868519,1470590864703920254,Nanda,Central Region,Geylang,1.31298,103.882,Private room,17,92,1,2026-05-31,0.91,6,153,1,
1486242516753075161,Cosy & Chill Condo,12569371,1462890739606989935,Nigel,Central Region,Bukit Timah,1.339047044773136,103.7691206485033,Entire home/apt,61,90,1,2025-08-25,0.10,2,243,1,Authorised Serviced Apartment
1487440954785229290,Maison Alexis,300765938,1463413945351002296,Xacco,Central Region,Queenstown,1.29106,103.80619,Entire home/apt,92,92,0,,,52,364,0,Authorised Serviced Apartment
1487539333274278390,More-ish Mori,300765938,1463413945351002296,Xacco,Central Region,Geylang,1.3102,103.88263,Entire home/apt,73,92,0,,,52,272,0,Authorised Serviced Apartment
1488966763261669056,"1BR for 2pp, Beach-like pool",35444289,1465523592537456660,Nks,East Region,Pasir Ris,1.3711849989525047,103.94613772630692,Entire home/apt,35,92,0,,,1,217,0,Authorised Serviced Apartment
1489924245244842785,1. Comfy Studio Apt w WIFI @ Somerset/Orchard Area,109333133,1467323641148121220,Pat,Central Region,River Valley,1.29506,103.84008,Entire home/apt,126,29,0,,,73,304,0,Exempt
1489940511653564615,1. Comfy 2QB Studio Apt/WIFI @Somerset/OrchardArea,10248444,1462835470954501673,Recr,Central Region,River Valley,1.29617,103.84007,Entire home/apt,134,28,0,,,64,316,0,Exempt
1490916585435130337,DLX 4bedroom Family Suite CH,572592994,1470552250613836380,Henry,Central Region,Singapore River,1.2879633,103.8489101,Shared room,477,1,2,2025-10-02,0.22,3,164,2,S0423
1490981728850858299,Single Studio - Minimum Stay(7 days),701528793,1470744591027134169,Wei Chao,Central Region,Bukit Merah,1.28641,103.81941,Private room,164,6,0,,,11,363,0,Authorised Serviced Apartment
1491112514164260551,Lush Trees @ Hundred Trees,300765938,1463413945351002296,Xacco,West Region,Clementi,1.3139,103.75984,Entire home/apt,88,90,0,,,52,357,0,Authorised Serviced Apartment
1491160726824700242,"V Hotel Lavender, Superior queen room",,,,Central Region,Kallang,1.30777,103.86198,Private room,167,1,31,2026-06-21,3.80,,235,31,
1491160897709764359,"V Hotel Lavender, Superior twin room",696336784,,V Hotel Lavender,Central Region,Kallang,1.30777,103.86198,Private room,167,1,3,2026-05-10,0.37,3,224,3,
1491161059850375744,"V Hotel Lavender, Superior queen room with view",,,,Central Region,Kallang,1.30777,103.86198,Private room,167,1,5,2026-06-20,2.17,,236,5,
1491161263853003497,Superior twin room with view,,,,Central Region,Kallang,1.30777,103.86198,Private room,167,1,0,,,,230,0,
1491161461423699555,"V Hotel Lavender, Premier queen room",696336784,,V Hotel Lavender,Central Region,Kallang,1.30777,103.86198,Private room,167,1,0,,,3,236,0,
1491162043816775904,Deluxe triple room,696336784,1470734238482680084,V Hotel Lavender,Central Region,Kallang,1.30777,103.86198,Private room,167,1,7,2026-06-21,0.71,3,235,7,
1491703106286080215,Urban Female Only Bunk,465816408,1470099617749387415,Coller,Central Region,Outram,1.2828701110527507,103.8445439526834,Shared room,108,1,0,,,4,174,0,S0580
1491878234052573456,Relaxing Corner Room,592234050,1470617649828044772,Charlot Priya,West Region,Choa Chu Kang,1.387834678217136,103.745630197227,Private room,,92,0,,,1,90,0,
1492058548716686634,Deluxe King bed studio with pool in LIV Novena,68059127,1466841137906743877,Wei,Central Region,Novena,1.3184258,103.8477195,Entire home/apt,274,6,2,2026-02-23,0.26,50,342,2,Authorised Serviced Apartment
1493301012995504286,Superior twin room,,,,Central Region,Rochor,1.29913,103.85046,Private room,179,1,2,2026-06-16,0.27,,144,2,
1493301652450529466,"V Hotel Bencoolen, Superior queen room",696337176,,,Central Region,Rochor,1.29913,103.85046,Private room,163,1,2,2026-06-04,0.21,2,148,2,
1493302524791532996,Deluxe queen balcony room,,,,Central Region,Rochor,1.29913,103.85046,Private room,179,1,0,,,,151,0,
1493320707639322356,Deluxe triple room,,,,Central Region,Rochor,1.29913,103.85046,Private room,229,1,0,,,,153,0,
1493321103157082188,"V Hotel Bencoolen, Studio room",696337176,,,Central Region,Rochor,1.29913,103.85046,Private room,229,1,0,,,2,154,0,
1493340902966617273,Citylight Atrium | Atrium Residence,300765938,1463413945351002296,Xacco,Central Region,Geylang,1.31434,103.88655,Entire home/apt,87,90,0,,,52,364,0,Authorised Serviced Apartment
1493598155663078247,1. Cozy Studio Apt w WIFI @ Somerset /Orchard Area,109333133,1467323641148121220,Pat,Central Region,River Valley,1.29642,103.83971,Entire home/apt,79,29,0,,,73,307,0,Exempt
1493598328098570210,1. Comfy Studio Apt /WIFI @ Somerset/Orchard Area,10248444,1462835470954501673,Recr,Central Region,River Valley,1.29612,103.83796,Entire home/apt,130,28,0,,,64,311,0,Exempt
1494085111775419009,The Emerald Stay | Emerald Park,300765938,1463413945351002296,Xacco,Central Region,Bukit Merah,1.28903,103.82885,Entire home/apt,92,90,0,,,52,273,0,Authorised Serviced Apartment
1494135102346372429,Riviera Bliss | Parc Riviera,300765938,1463413945351002296,Xacco,West Region,Clementi,1.3203,103.75214,Entire home/apt,92,92,0,,,52,364,0,
1494887281135886016,City Comfy Room Suite/WIFI @ Somerset/Orchard Area,109333133,1467323641148121220,Pat,Central Region,River Valley,1.29429,103.83864,Private room,45,58,1,2025-12-21,0.15,73,311,1,Exempt
1494887320601867335,Central located Room Suite @ Somerset/Orchard Area,10248444,1462835470954501673,Recr,Central Region,River Valley,1.29623,103.84013,Private room,139,28,0,,,64,301,0,Exempt
1495667656926912375,Garden view + Large Pool,84942477,1462836842081865880,Chloe,East Region,Pasir Ris,1.3708417747170945,103.94569113850594,Entire home/apt,31,92,4,2025-12-14,0.39,1,145,4,
1496151732298903272,Parc Vista 4BR Escape,300765938,1463413945351002296,Xacco,West Region,Clementi,1.32183,103.75273,Entire home/apt,105,92,0,,,52,272,0,
1496193040989628166,Farrer Luxe Loft | Uptown@Farrer,300765938,1463413945351002296,Xacco,Central Region,Kallang,1.31391,103.85475,Entire home/apt,89,92,0,,,52,364,0,
1496231766157815351,Metro Mood @ Atrium,300765938,1463413945351002296,Xacco,Central Region,Geylang,1.31411,103.88635,Entire home/apt,64,92,0,,,52,272,0,
1496272170156267558,ChicStay@Alexis,300765938,1463413945351002296,Xacco,Central Region,Queenstown,1.29039,103.80636,Entire home/apt,87,92,0,,,52,364,0,
1496295827957978650,MetroHarbour Haven,300765938,1463413945351002296,Xacco,Central Region,Queenstown,1.27978,103.78425,Entire home/apt,93,92,0,,,52,364,0,
1496310400207856454,Sunville Serenity Stay,300765938,1463413945351002296,Xacco,Central Region,Kallang,1.32558,103.86477,Entire home/apt,92,92,0,,,52,364,0,
1496323183193781879,StayEase @ Evergreen,300765938,1463413945351002296,Xacco,Central Region,Geylang,1.31445,103.88823,Entire home/apt,92,92,0,,,52,364,0,
1496841118799403519,Central Chic @ Uptown,300765938,1463413945351002296,Xacco,Central Region,Kallang,1.31383,103.8552,Entire home/apt,89,92,0,,,52,364,0,
1496897530262402035,1 bedroom apartment with 2 beds,238891646,1463258524593591157,Neha,Central Region,Bukit Merah,1.2887,103.83077,Entire home/apt,276,30,2,2026-01-02,0.22,131,363,2,M3213
1497501411929097100,City Cozy Room Suite w WIFI@ Somerset/Orchard Area,109333133,1467323641148121220,Pat,Central Region,River Valley,1.29623,103.83816,Private room,93,29,0,,,73,325,0,Exempt
1497502910779552587,City Cozy Room Suite w WIFI@ Somerset/Orchard Area,61619807,1466758242935516070,Ong,Central Region,River Valley,1.29639,103.83922,Private room,52,28,0,,,60,266,0,Exempt
1497564515337300800,Brand New Private Apartment! Fully Furnished!,589708063,1497564515948910730,Daniel,Central Region,Marine Parade,1.30765,103.90729,Entire home/apt,35,92,0,,,1,223,0,Exempt
1497632717747861839,5-Beds Family Room in Serviced Apartment,342184452,1469672793063162110,Amit,East Region,Bedok,1.32032,103.91279,Private room,60,1,0,,,1,348,0,Exempt
1497759355112905740,1. City Cozy Studio APT/WIFI @Somerset/OrchardArea,61619807,1466758242935516070,Ong,Central Region,River Valley,1.29409,103.83806,Entire home/apt,69,8,1,2026-06-06,1,60,299,1,Exempt
1498893172134420576,Stylish 2-bedroom Suite 148 sqm in Singapore,800558,1462514318016420422,⁨Kim (金)⁩,Central Region,Downtown Core,1.2823674,103.851679,Entire home/apt,1390,4,0,,,10,355,0,M0042
1498933086425839983,Elegant 2-Bedroom Premier Suite 80 sqm-Singapore,800558,1462514318016420422,⁨Kim (金)⁩,Central Region,Newton,1.3067162,103.8373289,Entire home/apt,1630,4,0,,,10,364,0,M0106
1499023233541585869,LIV Executive 1-bedroom with balcony/bathtub/pool,50965838,1462718219033867163,Yiyi,Central Region,Novena,1.31773,103.84855,Entire home/apt,351,6,3,2025-12-08,0.35,16,333,3,Authorised Serviced Apartment
1500645066118375417,Superior room,,,,Central Region,Outram,1.28636,103.84499,Private room,222,1,0,,,,286,0,
1500645733536179026,"Furama City Centre, Superior double or twin min...",,,,Central Region,Outram,1.28636,103.84499,Private room,222,1,0,,,,286,0,
1500645955797566035,"Furama City Centre, Deluxe double or twin advan...",700813835,,Furama Hotel City Centre,Central Region,Outram,1.28636,103.84499,Private room,222,1,0,,,7,259,0,
1500645961457602910,"Furama City Centre, Deluxe double or twin advan...",,,,Central Region,Outram,1.28636,103.84499,Private room,222,1,0,,,,259,0,
1500649381397097761,"Furama City Centre, Family room advance 14 days...",700813835,,Furama Hotel City Centre,Central Region,Outram,1.28636,103.84499,Private room,233,1,0,,,7,138,0,
1500650854392651149,Family Suite Minimum 7 Nights NRD,,,,Central Region,Outram,1.28636,103.84499,Private room,189,1,0,,,,129,0,
1503328375771943833,Gorgeous 3156 sqft 4Bdrm Penthouse Sentosa Island,156754281,1503328376532566898,Sonny,Central Region,Southern Islands,1.2517224,103.8479588,Entire home/apt,388,92,0,,,1,357,0,
1505574130689036948,Superior twin room,,,,Central Region,Geylang,1.31232,103.90049,Private room,118,1,0,,,,345,0,
1505574131241576866,"Hotel Sakura by Venue, Standard queen (no windo...",,,,Central Region,Geylang,1.31232,103.90049,Private room,118,1,1,2026-06-20,1,,334,1,
1505574234147565550,"Hotel Sakura by Venue, Superior queen room",,,,Central Region,Geylang,1.31232,103.90049,Private room,118,1,0,,,,339,0,
1505574249366146089,Deluxe queen room,717867551,,,Central Region,Geylang,1.31232,103.90049,Private room,,1,0,,,1,0,0,
1505620790609143899,2 bedder Penthouse Garden. House next to MRT,122620134,1462923301237415849,Amy,East Region,Tampines,1.33666,103.95881,Entire home/apt,63,92,0,,,6,364,0,
1506342191962439734,Keystone Harbourfront - Deluxe Suite for Two,717297768,1503263877121297089,The Keystone,Central Region,Bukit Merah,1.27265,103.82831,Private room,139,6,17,2026-05-08,2.51,7,149,17,Authorised Serviced Apartment
1507287508101064285,Keystone Harbourfront - Cosy Traveler's Nook,717297768,1503263877121297089,The Keystone,Central Region,Bukit Merah,1.27134,103.82821,Private room,122,6,11,2026-03-10,1.60,7,149,11,Authorised Serviced Apartment
1507605851736796869,Keystone Harbourfront - Harbour & Sea View Suite,717297768,1503263877121297089,The Keystone,Central Region,Bukit Merah,1.27155,103.82838,Private room,151,6,27,2026-05-19,3.03,7,355,27,Authorised Serviced Apartment
1509384651330379146,Premium 3 Bedrooms plus Utility Room,28812403,1509384652119973759,Huiting,Central Region,Geylang,1.3131324,103.8857419,Entire home/apt,76,92,0,,,1,364,0,
1511246418797027809,Bright and Cozy Room near MRT,6359940,1462545194332400573,Grace,North-East Region,Serangoon,1.3664402,103.8740143,Private room,24,92,0,,,1,304,0,
1511369769577036852,"Double room, stay from 8PM to 9AM near Bugis MRT",719256327,1511369770257409445,A Hotel Bugis,Central Region,Downtown Core,1.29615,103.85512,Private room,128,1,0,,,2,354,0,S0586
1511424834671115693,"Twin bed, stay from 8PM to 9AM near Bugis MRT",719256327,1511369770257409445,A Hotel Bugis,Central Region,Downtown Core,1.29655,103.85693,Private room,128,1,0,,,2,351,0,S0586
1511449671909596086,Fort780 1-BR with Balcony near NEX Mall/MRT,159031223,1468548547772751285,Stay With Fort,North-East Region,Hougang,1.354504,103.8792865,Entire home/apt,227,6,1,2026-04-08,0.36,8,330,1,Authorised Serviced Apartment
1512097070503206292,"Superior room, stay from 7PM to 9AM in Joo chiat",719430690,1512097071257909611,A Hotel Joo Chiat,Central Region,Geylang,1.31393,103.89794,Private room,100,1,1,2026-04-19,0.42,2,360,1,S0588
1512117785906207805,"Deluxe window in Joo Chiat, stay from 7PM to 9AM",719430690,1512097071257909611,A Hotel Joo Chiat,Central Region,Geylang,1.31598,103.89767,Private room,83,1,0,,,2,360,0,S0588
1512329133212402881,Central Located Studio Apt @ Somerset/Orchard Area,109333133,1467323641148121220,Pat,Central Region,River Valley,1.29625,103.83926,Entire home/apt,124,29,0,,,73,304,0,Exempt
1512330429155080859,1. City Studio Apt/Balcony @ Somerset/Orchard Area,109333133,1467323641148121220,Pat,Central Region,River Valley,1.29556,103.83991,Entire home/apt,64,29,0,,,73,273,0,Exempt
1512931777755801247,Quad Room Sharing (Male Only),701528793,1470744591027134169,Wei Chao,Central Region,Bukit Merah,1.2856549,103.8204684,Shared room,54,6,1,2025-10-19,0.12,11,363,1,Authorised Serviced Apartment
1512947567862866359,Superior queen room with breakfast,696337650,1468018053729533497,Hotel Mi Bencoolen,Central Region,Rochor,1.29901,103.84999,Private room,207,1,0,,,7,4,0,
1512947581595017656,Superior queen balcony with breakfast,696337650,1468018053729533497,Hotel Mi Bencoolen,Central Region,Rochor,1.29901,103.84999,Private room,207,1,0,,,7,4,0,
1512947802280280075,Premier queen room with breakfast,696337650,1468018053729533497,Hotel Mi Bencoolen,Central Region,Rochor,1.29901,103.84999,Private room,207,1,0,,,7,4,0,
1513075651004479756,"Capsule in the heart of City, Singapore Riverside",719655921,1513075651633464346,CoZzzee Hostel,Central Region,Singapore River,1.28781,103.84897,Shared room,51,1,58,2026-05-18,6.35,1,357,58,S0508
1513423404621889733,Clean Comfortable Condo Condo Room by Aljunied MRT,680719806,1470701946940120758,Alfred,Central Region,Geylang,1.31385,103.87929,Private room,,92,0,,,1,0,0,
1513540596234399467,3 Storey House near ibis Styles Hotel @Macpherson,376596119,1463560978411529108,Abel,Central Region,Toa Payoh,1.3333322831949643,103.88087850747756,Entire home/apt,,90,0,,,1,357,0,
1515173611230669615,Nice Condo Master room at Kembangan MRT,265191783,1463337536981933098,Sally,East Region,Bedok,1.3278531,103.9112771,Private room,22,92,0,,,3,333,0,
1515835427941419732,Brand New Private Apartment! Fully Furnished!,94903993,1467144260546330583,Ts,Central Region,Marine Parade,1.3123973530420663,103.90609419990642,Entire home/apt,36,92,0,,,2,199,0,
1515950777837294381,Garden view apartment with nice patio entrance,122620134,1462923301237415849,Amy,East Region,Tampines,1.3573073206463748,103.94116684249346,Entire home/apt,48,92,0,,,6,355,0,Exempt
1516621496295994717,Reasonable Studio unit at Amber Road,238891646,1463258524593591157,Neha,Central Region,Marine Parade,1.29967,103.90214,Entire home/apt,325,6,0,,,131,363,0,Authorised Serviced Apartment
1517031869355239094,Quad Sharing (Female Only),701528793,1470744591027134169,Wei Chao,Central Region,Bukit Merah,1.28566,103.82047,Shared room,63,6,0,,,11,363,0,Authorised Serviced Apartment
1517064583213705389,"Check Inn Hotel, Premier room",720583609,,,Central Region,Rochor,1.30761,103.85068,Private room,91,1,0,,,4,180,0,
1517064583533093041,"Check Inn Hotel, Signature room",720583609,,,Central Region,Rochor,1.30761,103.85068,Private room,103,1,0,,,4,178,0,
1517064729158707374,Next to MRT station & food stalls,720583609,,,Central Region,Rochor,1.30761,103.85068,Private room,76,1,3,2026-06-28,1.07,4,180,3,
1517064733804360479,"Check Inn Hotel, Deluxe room",,,,Central Region,Rochor,1.30761,103.85068,Private room,103,1,6,2026-06-05,1.13,,193,6,
1517064847808985192,"Check Inn Hotel, Superior room",,,,Central Region,Rochor,1.30761,103.85068,Private room,103,1,4,2026-06-26,2.03,,190,4,
1517064857784708944,"Check Inn Hotel, Family room",720583609,,,Central Region,Rochor,1.30761,103.85068,Private room,76,1,0,,,4,166,0,
1517849971813819572,Aranda Country Club (2nd floor #2),651570560,1470639067572730845,Aranda Country Club,East Region,Pasir Ris,1.3760939,103.9535395,Entire home/apt,299,1,3,2026-05-03,0.34,4,108,3,S0598
1517866689870381620,4-Bed Female Dormitory Room near MRT |Quiet&Clean,711461826,1480177562887910027,Dexiang,Central Region,Bukit Merah,1.28523,103.83412,Shared room,58,1,8,2026-05-25,1.53,4,1,8,S0590
1517872918551641085,8-Bed Mixed Dormitory Room near MRT |Quiet & Clean,711461826,1480177562887910027,Dexiang,Central Region,Bukit Merah,1.28399,103.83427,Shared room,38,1,21,2026-06-18,3.91,4,361,21,S0590
1517875650522335553,6-Bed Mixed Dormitory Room near MRT |Quiet & Clean,711461826,1480177562887910027,Dexiang,Central Region,Bukit Merah,1.28389,103.83416,Shared room,48,1,10,2026-03-22,1.68,4,361,10,S0590
1517884183424884729,4-Bed Mixed Dormitory Room near MRT |Quiet &Clean,711461826,1480177562887910027,Dexiang,Central Region,Bukit Merah,1.28376,103.83455,Shared room,58,1,18,2026-06-19,3.02,4,1,18,S0590
1517967627823141719,Aranda Country Club (Ground floor #2),651570560,1470639067572730845,Aranda Country Club,East Region,Pasir Ris,1.3760939,103.9535395,Entire home/apt,330,1,0,,,4,117,0,S0598
1521405956894185758,Quad Room Sharing (Male Only),701528793,1470744591027134169,Wei Chao,Central Region,Bukit Merah,1.2856549,103.8204684,Shared room,71,6,1,2025-10-10,0.11,11,363,1,Authorised Serviced Apartment
1521415661955704800,Quad Room Sharing (Female Only),701528793,1470744591027134169,Wei Chao,Central Region,Bukit Merah,1.2856549,103.8204684,Shared room,59,6,0,,,11,363,0,Authorised Serviced Apartment
1523537343908804726,Quad Sharing (Male),701528793,1470744591027134169,Wei Chao,Central Region,Bukit Merah,1.2856549,103.8204684,Shared room,81,6,0,,,11,363,0,Authorised Serviced Apartment
1526636899101939497,Single Room in Bugis,722769303,1526636899906774369,The Quay Hotel Bugis,Central Region,Rochor,1.30377,103.85927,Private room,95,1,34,2026-06-12,5.96,7,346,34,M1234
1527159153134401161,Cozy one bedroom in the heart of Singapore,17354380,1463008178709985452,Pooja,Central Region,River Valley,1.2976188124999986,103.83300904784424,Private room,,92,0,,,2,361,0,
1530944479165978553,Woodlands Singapore!,660809460,1470659075387348954,Sri,North Region,Woodlands,1.4338806132249866,103.77671297639608,Private room,13,92,0,,,1,267,0,
1531690581068543806,Keystone Clarke Quay - 1BR + L-Shaped Living Space,717297768,1503263877121297089,The Keystone,Central Region,River Valley,1.29393,103.84052,Private room,150,6,8,2026-05-08,1.29,7,147,8,Authorised Serviced Apartment
1531714746744908217,Hotel JJH,551176650,1470464463196618295,Louis,Central Region,Rochor,1.3031833303056533,103.85906188465579,Private room,209,1,1,2025-11-29,0.14,2,179,1,S0532
1531715785554120096,1 Bedroom Condo for rent  | City-Fringe,657864050,1470652474747252749,Singapore,Central Region,Novena,1.3273223,103.8479391,Entire home/apt,50,92,0,,,8,364,0,
1532322628325546095,HOTEL 165-Newly Renovated,724080854,1532322629053563501,⁨Hotel 165⁩,Central Region,Kallang,1.3105,103.85634,Private room,,1,0,,,1,0,0,S0308
1532436330889546987,Standard Double Room in Bugis,722769303,1526636899906774369,The Quay Hotel Bugis,Central Region,Rochor,1.30236,103.86145,Private room,117,1,5,2026-04-14,0.84,7,340,5,M1234
1532452291948349278,"Beautiful living 3 bedder apartment, all ensuites",122620134,1462923301237415849,Amy,East Region,Tampines,1.336538173362622,103.95975468504463,Entire home/apt,69,92,0,,,6,361,0,Exempt
1532967827547476265,"Furama City Centre, Superior double or twin adv...",,,,Central Region,Outram,1.28636,103.84499,Private room,222,1,0,,,,286,0,
1533008271128704744,Deluxe Double Room in Bugis,722769303,1526636899906774369,The Quay Hotel Bugis,Central Region,Rochor,1.30275,103.85948,Private room,120,1,1,2025-11-08,0.13,7,358,1,M1234
1534543078476584940,5 Bed Family Room,572592994,1470552250613836380,Henry,East Region,Bedok,1.3191779,103.912415,Private room,242,1,0,,,3,199,0,S0423
1534559365660466350,8 Bed Family Room,572592994,1470552250613836380,Henry,East Region,Bedok,1.31918,103.91242,Private room,69,6,0,,,3,183,0,Authorised Serviced Apartment
1535398173405517533,Triple Room (no windows),722769303,1526636899906774369,The Quay Hotel Bugis,Central Region,Rochor,1.30235,103.85944,Private room,158,1,0,,,7,289,0,M1234
1536768613848761439,Centrally located apart for Luxurious experience,238891646,1463258524593591157,Neha,Central Region,Bukit Merah,1.29039,103.83034,Entire home/apt,419,6,0,,,131,363,0,M3213
1536921248835062578,Deluxe double with balcony in Bugis,722769303,1526636899906774369,The Quay Hotel Bugis,Central Region,Rochor,1.30277,103.85931,Private room,131,1,1,2026-03-09,0.27,7,341,1,M1234
1537608742036293495,Triple room with balcony in Bugis,722769303,1526636899906774369,The Quay Hotel Bugis,Central Region,Rochor,1.30233,103.85946,Private room,167,1,2,2026-05-14,0.37,7,237,2,M1234
1537653418477359082,Deluxe Twin Room in Bugis,722769303,1526636899906774369,The Quay Hotel Bugis,Central Region,Rochor,1.30238,103.86067,Private room,113,1,2,2026-02-19,0.27,7,302,2,M1234
1537674106390806989,Keystone Clarke Quay - Family Double Bedroom,717297768,1503263877121297089,The Keystone,Central Region,River Valley,1.29495,103.84028,Private room,211,6,15,2026-06-08,3.21,7,193,15,Authorised Serviced Apartment
1538139298550271472,Keystone Clarke Quay - Family-Friendly Suite,717297768,1503263877121297089,The Keystone,Central Region,River Valley,1.29565,103.84103,Private room,147,6,24,2026-05-05,3.41,7,112,24,Authorised Serviced Apartment
1538757210402956826,Keystone Clarke Quay - Cosy Travelers' Suite,717297768,1503263877121297089,The Keystone,Central Region,River Valley,1.29496,103.84035,Private room,160,6,9,2026-04-17,1.33,7,158,9,Authorised Serviced Apartment
1541013400883939658,Superior Double Room in City Centre,155244964,1468517928134407651,The Quay,Central Region,Singapore River,1.28689,103.84931,Private room,167,1,12,2026-06-05,1.64,7,292,12,M1234
1541091076697146167,Triple Room in City Center,155244964,1468517928134407651,The Quay,Central Region,Singapore River,1.28823,103.84711,Private room,189,1,2,2026-02-04,0.28,7,145,2,M1234
1541995366042480367,2 Bedroom Luxury Sailboat for short term lease,92678981,1541995366781318121,Jake,Central Region,Bukit Merah,1.2639729529794317,103.81259892135859,Entire home/apt,,92,0,,,1,361,0,
1542129043721973486,"A Hotel Joo Chiat, Superior twin, no window",,,,Central Region,Geylang,1.31477,103.8984,Private room,133,1,2,2026-04-23,0.44,,180,2,
1542129044469493595,"Superior double, no window",,,,Central Region,Geylang,1.31477,103.8984,Private room,119,1,0,,,,179,0,
1542129344201181727,"Deluxe double, no window",,,,Central Region,Geylang,1.31477,103.8984,Private room,133,1,0,,,,364,0,
1542129348245092539,"Deluxe twin, window",,,,Central Region,Geylang,1.31477,103.8984,Private room,133,1,1,2026-06-01,0.94,,258,1,
1542129582087978413,"Deluxe double, window",,,,Central Region,Geylang,1.31477,103.8984,Private room,133,1,1,2026-04-26,0.44,,174,1,
1542129621184731442,"Premium queen, window",726337305,,,Central Region,Geylang,1.31477,103.8984,Private room,133,1,1,2026-01-02,0.16,1,178,1,
1542583565744082369,"Deluxe Twin room, in well located & central Bugis",726439689,,,Central Region,Downtown Core,1.29685,103.85571,Private room,196,1,0,,,2,364,0,
1542583565854316128,"A Hotel Bugis, Superior twin, no window",726439689,,,Central Region,Downtown Core,1.29685,103.85571,Private room,196,1,1,2026-02-21,0.23,2,364,1,
1542583758315215649,"A Hotel Bugis, Deluxe double, no window",,,,Central Region,Downtown Core,1.29685,103.85571,Private room,196,1,0,,,,364,0,
1542583793847040672,"A Hotel Bugis, Premier king, window",,,,Central Region,Downtown Core,1.29685,103.85571,Private room,196,1,0,,,,364,0,
1542583952725460168,"A Hotel Bugis, Deluxe Double, Window",,,,Central Region,Downtown Core,1.29685,103.85571,Private room,196,1,2,2026-06-12,0.95,,364,2,
1542584497071109892,"Amrise Hotel Kitchener, Superior queen room",,,,Central Region,Kallang,1.30935,103.85809,Private room,163,1,3,2026-03-23,0.67,,273,3,
1542584497208173462,"Amrise Hotel Kitchener, Superior twin room",,,,Central Region,Kallang,1.30935,103.85809,Private room,163,1,1,2026-02-11,0.21,,262,1,
1542584736895014583,"Deluxe Queen/King room, 5-min to Farrer Park MRT",,,,Central Region,Kallang,1.30935,103.85809,Private room,163,1,0,,,,267,0,
1542584740775656461,"Amrise Hotel Kitchener, Deluxe family room",726439873,,,Central Region,Kallang,1.30935,103.85809,Private room,143,1,1,2026-02-06,0.20,2,263,1,
1542584907146822057,"Amrise Hotel Kitchener, Executive room",,,,Central Region,Kallang,1.30935,103.85809,Private room,163,1,0,,,,263,0,
1542584928609917730,"Premier Room Bathtub, 5-min to Farrer Park MRT",,,,Central Region,Kallang,1.30935,103.85809,Private room,163,1,0,,,,266,0,
1542585035410028293,"Amrise Hotel Kitchener, Connecting room",726439873,1542584497668779479,,Central Region,Kallang,1.30935,103.85809,Private room,163,1,2,2026-02-22,0.42,2,270,2,
1542588530212288486,"Executive King Room, located in lively Chinatown",726440509,1542588530661998341,A Hotel Chinatown,Central Region,Outram,1.28082,103.84187,Private room,,1,0,,,3,0,0,S0604
1542588682964513938,"Modern Deluxe Room, in vibrant & lively Chinatown",726440509,1542588530661998341,A Hotel Chinatown,Central Region,Outram,1.28082,103.84187,Private room,,1,0,,,3,0,0,S0604
1542588689453889321,"Deluxe room with Balcony, in lively Chinatown",726440509,1542588530661998341,A Hotel Chinatown,Central Region,Outram,1.28082,103.84187,Private room,,1,0,,,3,0,0,S0604
1542593457556805597,"A Hotel Dickson, Superior double, no window",,,,Central Region,Rochor,1.30516,103.85418,Private room,130,1,0,,,,362,0,
1542593457604724431,"A Hotel Dickson, Superior twin, no window",,,,Central Region,Rochor,1.30516,103.85418,Private room,130,1,0,,,,364,0,
1542593751338636610,"A Hotel Dickson, Deluxe double, window",,,,Central Region,Rochor,1.30516,103.85418,Private room,141,1,0,,,,363,0,
1542593903152256818,"A Hotel Dickson, Quadruple, window",,,,Central Region,Rochor,1.30516,103.85418,Private room,137,1,0,,,,354,0,
1542593924228182931,"A Hotel Dickson, Junior suite, Jacuzzi",,,,Central Region,Rochor,1.30516,103.85418,Private room,130,1,0,,,,360,0,
1547714567647792925,Rare only 657 such conserved shophouse apts in SG,69121685,1462789256098146861,Pat,Central Region,Downtown Core,1.29906,103.8576,Private room,222,1,0,,,5,360,0,Exempt
1550664522540846801,Star Apartment,728297351,1550664523266723465,Donna,Central Region,Tanglin,1.31624,103.82827,Entire home/apt,431,6,0,,,1,364,0,Authorised Serviced Apartment
1552640016154280934,"New Hotel in Singapore - Cosy RM, Close to City",568806401,1470529638615674807,SOCIAL On Mayo,Central Region,Rochor,1.3039194529657259,103.85415773838758,Private room,150,1,0,,,6,241,0,S0520
1553226078140236894,New Hotel in Singapore - Cosy Premier RM,568806401,1470529638615674807,SOCIAL On Mayo,Central Region,Rochor,1.3039,103.85416,Private room,160,1,0,,,6,253,0,S0520
1553240809949789089,"New Hotel in SG - Modern Executive Suite, City",568806401,1470529638615674807,SOCIAL On Mayo,Central Region,Rochor,1.30391,103.85415,Private room,240,1,0,,,6,350,0,S0520
1553261387400120338,"New Hotel in SG - Signature Suite, Near to City",568806401,1470529638615674807,SOCIAL On Mayo,Central Region,Rochor,1.30388,103.85417,Private room,260,1,0,,,6,350,0,S0520
1553276429863649662,"New Hotel in Singapore - Modern Classic RM, City",568806401,1470529638615674807,SOCIAL On Mayo,Central Region,Rochor,1.3038946489845542,103.85417249053717,Private room,160,1,0,,,6,323,0,S0520
1553317498142160787,"New Hotel in SG - Grand Premier Suite, City",568806401,1470529638615674807,SOCIAL On Mayo,Central Region,Rochor,1.303900682405675,103.85416612029076,Private room,170,1,0,,,6,167,0,S0520
1558496772129596532,Student Capsule • exchange/ international,477200876,1470150469964986416,Huang,Central Region,Kallang,1.3266863221201473,103.86701596256562,Shared room,9,92,0,,,1,364,0,
1558506444236408680,Brand New 3 Bedroom Apart at Serangoon - Mber,730145730,1558506444949767793,Jc,North-East Region,Serangoon,1.3535959719125472,103.87780936455688,Entire home/apt,448,14,0,,,6,313,0,Authorised Serviced Apartment
1561514805448048695,Rochester Oasis,300765938,1463413945351002296,Xacco,Central Region,Queenstown,1.3044,103.78775,Entire home/apt,74,92,0,,,52,364,0,
1561570192641136062,Cozy apartment at Amber road,238891646,1463258524593591157,Neha,Central Region,Marine Parade,1.30019,103.90008,Entire home/apt,348,6,0,,,131,363,0,S0554
1562330535313793849,Brand new Japandi Queen Room ensuite bath for 1,122620134,1462923301237415849,Amy,East Region,Tampines,1.3386,103.96008,Private room,25,92,0,,,6,364,0,Exempt
1563726374268927066,One bedroom apartment near MRT for long stay,238891646,1463258524593591157,Neha,Central Region,Novena,1.31679,103.84209,Entire home/apt,81,92,0,,,131,364,0,
1566423732988001652,Cozy Room for Short Stay,48641401,1465737142917584439,Gel,North Region,Yishun,1.4140432459755927,103.83843992804388,Private room,123,1,3,2026-02-09,0.61,1,179,3,Exempt
1566465129273341933,"Sofitel Singapore City Centre, Selected by hotel",,,,Central Region,Downtown Core,1.27689,103.84477,Private room,440,1,6,2026-06-25,4.74,,360,6,
1566876732031846811,"Condo Common Room Flora Road Singapore $ 1,400/mo",10039663,1566876732868779488,Shiomi,East Region,Pasir Ris,1.36041,103.96705,Private room,16,92,0,,,1,361,0,
1567052836706283503,Lower double capsule,720584093,1517067215573408321,,Central Region,Outram,1.28271,103.84362,Private room,51,1,4,2026-06-18,1.02,3,192,4,
1567053653078601743,Private room with 4 single capsules,720584093,,,Central Region,Outram,1.28271,103.84362,Private room,57,1,3,2026-06-21,1.50,3,154,3,
1567055345395614222,Upper double capsule,720584093,,,Central Region,Outram,1.28271,103.84362,Private room,54,1,8,2026-06-05,1.83,3,181,8,
1567056710074937426,Upper single capsule,,,,Central Region,Outram,1.28271,103.84362,Private room,54,1,22,2026-06-25,10.00,,196,22,
1567056710167350945,Lower single capsule,,,,Central Region,Outram,1.28271,103.84362,Private room,51,1,19,2026-06-29,8.64,,197,19,
1567759945424911752,Serviced Apartment at Botanic Gardens (SC-L4-414),732177708,1567759828685618336,Elijah,Central Region,Tanglin,1.32208,103.81466,Entire home/apt,587,6,5,2026-06-20,0.85,6,328,5,Authorised Serviced Apartment
1567950110613817647,LIV Premier king bed studio with pool in Novena,50965838,1462718219033867163,Yiyi,Central Region,Novena,1.3177709594682154,103.84865025264075,Entire home/apt,183,6,1,2026-05-24,0.81,16,355,1,Authorised Serviced Apartment
1569708549659853687,City Center Deluxe King/Twin Room Chinatown Sg 2,2676835,1462604586705061088,Hsoloscargo Residentcubes,Central Region,Outram,1.2853,103.84347,Private room,338,1,0,,,35,88,0,S8275
1570401247683928052,City Center Hotel Family Suite Chinatown Sg,2676835,1462604586705061088,Hsoloscargo Residentcubes,Central Region,Outram,1.28612,103.84558,Private room,551,1,0,,,35,99,0,S8275
1571716572722387868,Serviced Apartments at Botanic Gardens (SC-L4-411),732177708,1567759828685618336,Elijah,Central Region,Tanglin,1.32147,103.81313,Entire home/apt,446,6,5,2026-06-21,1.00,6,304,5,Authorised Serviced Apartment
1571773702690886324,City Center Family Kids Rm Chinatown Sg.2,2676835,1462604586705061088,Hsoloscargo Residentcubes,Central Region,Singapore River,1.28735,103.84499,Private room,552,1,0,,,35,60,0,S8275
1572198465560342731,Twin Bed Studio,701528793,1470744591027134169,Wei Chao,Central Region,Bukit Merah,1.28566,103.82047,Private room,165,6,0,,,11,363,0,Authorised Serviced Apartment
1572203310071938994,Twin Room Studio (2 Attached Bathroom),701528793,1470744591027134169,Wei Chao,Central Region,Bukit Merah,1.28566,103.82047,Private room,200,6,2,2026-02-06,0.33,11,363,2,Authorised Serviced Apartment
1572962815992846612,"The NEST Hotel, Deluxe queen room",,,,Central Region,Kallang,1.31095,103.86179,Private room,140,1,0,,,,96,0,
1572962816056668693,"The NEST Hotel, Cozy bunk room",,,,Central Region,Kallang,1.31095,103.86179,Private room,96,1,4,2026-06-17,1.19,,82,4,
1572962816530901322,"The NEST Hotel, Cozy queen room",733352710,,,Central Region,Kallang,1.31095,103.86179,Private room,134,1,16,2026-05-30,5.71,1,90,16,
1573301212827660658,Deluxe King Room w Breakfast @CBD Hotel Singapore,2676835,1462604586705061088,Hsoloscargo Residentcubes,Central Region,Downtown Core,1.27511,103.84354,Private room,410,2,0,,,35,88,0,S8275
1574570818876478908,Common room at the east area,265191783,1463337536981933098,Sally,Central Region,Marine Parade,1.3002481,103.9001688,Private room,18,92,0,,,3,364,0,
1574815961888380969,Balcony Club Kng@Upscale Clean tech Hotel Orchard,2676835,1462604586705061088,Hsoloscargo Residentcubes,Central Region,Newton,1.30864,103.83088,Private room,548,1,0,,,35,363,0,S8275
1576481539950851536,Purvis stree family attic with balcony,734129760,1576481540652067227,Dora,Central Region,Downtown Core,1.2966689807209328,103.8559737376007,Private room,314,1,6,2026-04-06,1.15,4,90,6,S0527
1578214555492046682,Purvis Street family room,734129760,1576481540652067227,Dora,Central Region,Downtown Core,1.296471519148243,103.85513491367126,Private room,281,1,0,,,4,90,0,S0527
1579093117428067489,New Comfy Studio Apt/Balcony-Somerset/Orchard Area,109333133,1467323641148121220,Pat,Central Region,River Valley,1.29466,103.83849,Entire home/apt,248,1,0,,,73,358,0,Exempt
1580844947126663283,Pool View Comfortable Room In Convenient City Area,121666882,1468235311478096274,W.J,Central Region,Downtown Core,1.2797805441465344,103.85226744443608,Private room,27,92,0,,,4,271,0,
1581129173551495593,Deluxe Twin Room w Breakfast @CBD Hotel Singapore,2676835,1462604586705061088,Hsoloscargo Residentcubes,Central Region,Museum,1.29654,103.8509,Private room,419,3,0,,,35,88,0,S8275
1581551112688403430,NEW! Private Room with 6 Large Bunk Bed (1.2M),735286004,1581551113531689045,City Backpackers - Hostel & Private Rooms,Central Region,Singapore River,1.2878181,103.8472931,Private room,204,1,3,2026-05-18,0.90,7,332,3,S0257
1581696269832107352,NEW Family 2QB Studio Apt @Somerset/Orchard Area,404487343,1469852328498308929,OngRR,Central Region,River Valley,1.29668,103.8395,Entire home/apt,325,1,2,2026-03-11,0.34,43,346,2,Exempt
1581696284973991921,NEW City Balcony Studio Apt-Somerset/OrchardArea,404487343,1469852328498308929,OngRR,Central Region,River Valley,1.295,103.84019,Entire home/apt,213,1,1,2026-06-08,1,43,355,1,Exempt
1581696304486491289,NEW City Room Suite/WIFI @ Somerset/Orchard Area,404487343,1469852328498308929,OngRR,Central Region,River Valley,1.29459,103.83838,Private room,147,1,1,2026-02-24,0.24,43,339,1,Exempt
1581696325067664684,1-NEW City 2QB Studio Apt @ Somerset/Orchard Area,404487343,1469852328498308929,OngRR,Central Region,River Valley,1.29464,103.83853,Entire home/apt,280,1,1,2026-03-26,0.31,43,351,1,Exempt
1581696337879791507,NEW City Cozy Studio Apt @ Somerset/Orchard Area,404487343,1469852328498308929,OngRR,Central Region,River Valley,1.29629,103.83989,Entire home/apt,315,1,2,2026-03-26,0.45,43,343,2,Exempt
1582001024686327834,Delux Room @Upscale Clean Tech Hotel Orchard Sg.,2676835,1462604586705061088,Hsoloscargo Residentcubes,Central Region,Orchard,1.30644,103.82896,Private room,492,1,0,,,35,339,0,S8275
1582084875093322831,1-NEW City Cozy Room Suite @ Somerset/Orchard Area,46685310,1465699258666896822,Yyin,Central Region,River Valley,1.29666,103.83882,Private room,146,1,1,2026-06-01,1,71,335,1,Exempt
1582084907419729981,NEW Cozy Minimalist Studio @Somerset/OrchardArea,46685310,1465699258666896822,Yyin,Central Region,River Valley,1.29517,103.84013,Entire home/apt,221,1,0,,,71,354,0,Exempt
1582084929646706858,City Cozy Compact Studio-Somerset/OrchardArea,46685310,1465699258666896822,Yyin,Central Region,River Valley,1.29443,103.83878,Entire home/apt,218,1,0,,,71,342,0,Exempt
1582085104908788630,New Family Cozy 2QB Studio @Somerset/OrchardArea,10248444,1462835470954501673,Recr,Central Region,River Valley,1.29471,103.83955,Entire home/apt,336,1,1,2026-02-03,0.20,64,343,1,Exempt
1582085284966102959,NEW Family Cozy Studio APT-Somerset/Orchard Area,10248444,1462835470954501673,Recr,Central Region,River Valley,1.2946,103.83974,Entire home/apt,236,1,1,2026-03-20,0.29,64,339,1,Exempt
1582085324534604995,1-New City Cozy BR Suite/WIFI-Somerset/OrchardArea,10248444,1462835470954501673,Recr,Central Region,River Valley,1.29481,103.83857,Private room,152,1,0,,,64,338,0,Exempt
1582089801135670185,1-NEW Cozy Room Suite /WIF @ Somerset/Orchard Area,61619807,1466758242935516070,Ong,Central Region,River Valley,1.29496,103.84017,Private room,163,1,0,,,60,340,0,Exempt
1582089813381183439,1-NEW Comfy Room Suite /WIFI-Somerset/Orchard Area,61619807,1466758242935516070,Ong,Central Region,River Valley,1.29614,103.84069,Private room,145,1,4,2026-05-28,0.94,60,336,4,Exempt
1582089843380405457,NEW City Comfy Room Suite @Somerset/Orchard Area,61619807,1466758242935516070,Ong,Central Region,River Valley,1.29663,103.83845,Private room,137,6,1,2026-03-02,0.25,60,332,1,Exempt
1582089860879284358,1-NEW Cozy Compact Studio APT-Somerset/OrchardArea,61619807,1466758242935516070,Ong,Central Region,River Valley,1.29679,103.84,Entire home/apt,248,1,1,2026-04-08,0.36,60,342,1,Exempt
1582089878216308613,NEW Cozy Studio APT/Balcony-Somerset/OrchardArea,61619807,1466758242935516070,Ong,Central Region,River Valley,1.29487,103.83826,Entire home/apt,252,1,3,2026-04-09,0.87,60,350,3,Exempt
1582294951119561549,"Central Location (Bendemeer, Long Stay Friendly)",452477330,1582294951723106798,Shervonne,Central Region,Kallang,1.3232602,103.8649992,Private room,27,92,0,,,1,332,0,
1582414614055388048,Sengkang bedroom with attached private bathroom,547546467,1470449922127015313,Thi Thanh Van,North-East Region,Sengkang,1.3924269444497552,103.87999780476093,Private room,16,92,0,,,1,151,0,
1582916467225663427,Purvis Street queen Room with window,734129760,1576481540652067227,Dora,Central Region,Downtown Core,1.2965032,103.8552859,Private room,168,1,4,2026-06-19,0.83,4,88,4,S0527
1584561350096269679,Superior Room with Movie Screen next to Bugis MRT,735971860,1584561350804104117,Pinky,Central Region,Rochor,1.30115,103.85445,Private room,93,1,5,2026-05-30,0.93,14,364,5,S0536
1584578093525009364,"Superior Room with window, next to Bugis MRT",735971860,1584561350804104117,Pinky,Central Region,Downtown Core,1.299656116477355,103.85591884416387,Private room,99,1,0,,,14,364,0,S0536
1584602379309576986,"Deluxe Window, shared bathroom, next to Bugis MRT",735971860,1584561350804104117,Pinky,Central Region,Downtown Core,1.3017375816298575,103.85663843109585,Private room,106,1,0,,,14,364,0,S0536
1584619376896792134,"Triple Room with movie screen, opposite Bugis MRT",735971860,1584561350804104117,Pinky,Central Region,Rochor,1.30125,103.85493,Private room,135,1,2,2026-05-26,1.33,14,364,2,S0536
1584630997025560445,Deluxe Ensuite with movie screen next to Bugis MRT,735971860,1584561350804104117,Pinky,Central Region,Downtown Core,1.30169,103.85653,Private room,166,1,0,,,14,360,0,S0536
1584646447686417575,Large Group Room for 8 Pax next to Bugis MRT,735971860,1584561350804104117,Pinky,Central Region,Downtown Core,1.30179,103.85578,Private room,503,1,1,2026-06-13,1,14,322,1,S0536
1584656711449949046,"Family Room for 5, Ensuite Bathroom by Bugis MRT",735971860,1584561350804104117,Pinky,Central Region,Rochor,1.2998,103.85494,Private room,269,1,3,2026-06-10,2.05,14,351,3,S0536
1584884816180810966,Prime Level @ Upscale Clean Tech Hotel Orchard SG.,2676835,1462604586705061088,Hsoloscargo Residentcubes,Central Region,Orchard,1.3070941328074601,103.82949032572589,Private room,547,1,0,,,35,363,0,S8275
1585276216512069111,Large Family Room for 6 with Window by Bugis MRT,735971860,1584561350804104117,Pinky,Central Region,Downtown Core,1.30149,103.85624,Private room,269,1,1,2026-06-05,1,14,358,1,S0536
1586317118754162683,Garden view @ Upscale Clean Tech Hotel Orchard SG.,2676835,1462604586705061088,Hsoloscargo Residentcubes,Central Region,Newton,1.3084,103.82927,Private room,480,1,0,,,35,339,0,S8275
1586566834626357400,White House Studio Apartment – Prime Bugis,7210103,1462726127788323727,Belle Living,Central Region,Rochor,1.3010748,103.8552551,Entire home/apt,212,6,5,2026-05-17,0.96,5,203,5,Authorised Serviced Apartment
1586578195797269307,White House 1BR Apartment – Prime Bugis,7210103,1462726127788323727,Belle Living,Central Region,Rochor,1.3010748,103.8552551,Entire home/apt,250,6,15,2026-06-14,2.98,5,349,15,Authorised Serviced Apartment
1586582366339012502,White House 2BR Signature Suite – Prime Bugis,7210103,1462726127788323727,Belle Living,Central Region,Rochor,1.3010748,103.8552551,Entire home/apt,371,6,7,2026-06-14,1.51,5,313,7,Authorised Serviced Apartment
1586586471919424306,White House 2BR  Suite – Prime Bugis,7210103,1462726127788323727,Belle Living,Central Region,Rochor,1.3010748,103.8552551,Entire home/apt,355,6,12,2026-05-14,2.38,5,313,12,Authorised Serviced Apartment
1586589945088184206,White House 3 BR Signature Suite – Prime Bugis,7210103,1462726127788323727,Belle Living,Central Region,Rochor,1.3010748,103.8552551,Entire home/apt,504,6,3,2026-05-14,0.66,5,160,3,Authorised Serviced Apartment
1587260235915061499,Premium house with full furnitures,192654207,1587260236565702398,Wei,East Region,Pasir Ris,1.36644,103.97384,Entire home/apt,183,92,0,,,1,361,0,
1587336986241825284,NEW! Private Room with 6 Beds for Family & Groups,735286004,1581551113531689045,City Backpackers - Hostel & Private Rooms,Central Region,Singapore River,1.28701,103.84653,Private room,240,1,12,2026-05-24,2.21,7,324,12,S0257
1587343397510419556,NEW! 8-Beds Private Room for Groups or Family,735286004,1581551113531689045,City Backpackers - Hostel & Private Rooms,Central Region,Singapore River,1.2867,103.84758,Private room,225,1,5,2026-05-17,1.23,7,349,5,S0257
1587484811031096685,Common Room for rent,529400570,1544944620165878340,Rekha,North-East Region,Punggol,1.39907,103.90678,Private room,11,180,0,,,1,364,0,
1587839189775191265,NEW Cozy Studio APT/Balcony-Somerset/OrchardArea,109333133,1467323641148121220,Pat,Central Region,River Valley,1.29446,103.83853,Entire home/apt,323,1,2,2026-05-01,0.49,73,4,2,Exempt
1587839594454569592,1-Heart of City Room Suite @ Somerset/Orchard Area,109333133,1467323641148121220,Pat,Central Region,River Valley,1.29622,103.83864,Private room,155,1,2,2026-03-08,0.43,73,350,2,Exempt
1587839607718327021,1-New Cozy Room Suite/WIFI @ Somerset/Orchard Area,109333133,1467323641148121220,Pat,Central Region,River Valley,1.29465,103.84001,Private room,132,1,4,2026-05-18,0.99,73,332,4,Exempt
1587839623362915744,1-Comfy Bedroom Suite/WIFI @ Somerset/Orchard Area,109333133,1467323641148121220,Pat,Central Region,River Valley,1.29638,103.83868,Private room,152,1,1,2026-02-11,0.22,73,342,1,Exempt
1600061301756797397,Cosy quiet apartment near the sea,676721150,1600061302520129971,Iman,Central Region,Marine Parade,1.303855991143843,103.91636626535252,Private room,111,1,1,2026-01-27,0.19,1,337,1,Exempt
1600581877977621337,Serviced Apartment at Botanic Gardens (SC-L3-303),732177708,1567759828685618336,Elijah,Central Region,Tanglin,1.32284,103.81475,Entire home/apt,582,6,0,,,6,332,0,Authorised Serviced Apartment
1603421270799141867,"A Single Female Capsule, 5-min to Farrer Park MRT",680876971,1470702206141498630,Chris,Central Region,Rochor,1.30911,103.85525,Shared room,48,1,0,,,11,364,0,S0521
1603438335919003268,"Window Male-Only Capsule, 5-min to Farrer Park MRT",680876971,1470702206141498630,Chris,Central Region,Rochor,1.309109,103.855251,Shared room,48,1,0,,,11,364,0,S0521
1604151326456512662,1 Bedroom Apartment (Serviced Apartment),544341239,1470437801499051757,Cove,Central Region,Singapore River,1.29388,103.8423,Entire home/apt,298,6,1,2026-02-28,0.25,5,88,1,Authorised Serviced Apartment
1604337365921596569,Deluxe Double Queen,691794015,,,Central Region,Orchard,1.30677,103.83249,Private room,,1,5,2026-05-22,1.63,1,0,5,
1604757868403731964,Heritage Collection on KG Studio Deluxe,23336011,1465271884616547411,Heritage,Central Region,Rochor,1.3020426,103.8612932,Private room,155,2,0,,,71,327,0,S0626
1604847783603376888,Heritage Collection on KG Loft Single (Skylight),23336011,1465271884616547411,Heritage,Central Region,Rochor,1.3020426,103.8612932,Private room,110,1,0,,,71,331,0,S0626
1604854366846668939,Heritage Collection on KG Loft (Skylight),23336011,1465271884616547411,Heritage,Central Region,Rochor,1.3020426,103.8612932,Private room,115,1,5,2026-06-27,1.23,71,357,5,S0626
1604862203444571796,Heritage Collection on KG Studio (No Window),23336011,1465271884616547411,Heritage,Central Region,Rochor,1.3020426,103.8612932,Private room,112,1,0,,,71,364,0,S0626
1604870589096291554,Heritage Collection on KG Next-to-the-Bar Studio,23336011,1465271884616547411,Heritage,Central Region,Rochor,1.3020426,103.8612932,Private room,130,1,0,,,71,363,0,S0626
1604875133455906970,Hericoll on KG Next-to-the-Bar Studio (No Window),23336011,1465271884616547411,Heritage,Central Region,Rochor,1.3020426,103.8612932,Private room,110,1,0,,,71,339,0,S0626
1605037332727309368,2 bedroom at Havelock Road,238891646,1463258524593591157,Neha,Central Region,Bukit Merah,1.28883,103.83071,Entire home/apt,415,30,0,,,131,345,0,Authorised Serviced Apartment
1605550551698237683,Cozy Room near NTU,4267415,1462652133154357746,Nan,West Region,Jurong West,1.3392753294226858,103.69401137236846,Private room,14,100,0,,,1,212,0,
1606860684917033757,Spacious Rm for up to 4! @NUS & Haw Par MRT (401),1439258,1462518083181087528,K2Guesthouse,Central Region,Queenstown,1.28094,103.78731,Private room,274,1,0,,,44,138,0,S0399
1612026021078249070,Tranquilic Getaway,83468243,1467010406161515325,Jolly,Central Region,Bukit Merah,1.2647137332762282,103.82316581904888,Private room,37,92,0,,,1,180,0,
1613705797058379624,"Private Cabin-Style with a Cozy, Hidden-Away Feel",1439258,1462518083181087528,K2Guesthouse,Central Region,Queenstown,1.2815,103.78679,Private room,204,1,0,,,44,306,0,S0399
1616446810431066266,Simple Double Room - Quiet and tucked-away,1439258,1462518083181087528,K2Guesthouse,Central Region,Queenstown,1.28131,103.78541,Private room,242,1,0,,,44,333,0,S0399
1616490347533166155,Bright Ensuite Room with Private Balcony,1439258,1462518083181087528,K2Guesthouse,Central Region,Queenstown,1.27966,103.78598,Private room,367,1,0,,,44,306,0,S0399
1616547799943766631,Quiet Single Room with Private Shower (402),1439258,1462518083181087528,K2Guesthouse,Central Region,Queenstown,1.27963,103.78668,Private room,215,1,0,,,44,345,0,S0399
1617275973873369856,Serene Master Bedroom | HundredTrees,300765938,1463413945351002296,Xacco,West Region,Clementi,1.3140673,103.7593232,Private room,35,92,0,,,52,357,0,
1617914302354276129,GreenNest@Hundred Trees,300765938,1463413945351002296,Xacco,West Region,Clementi,1.31295,103.7605,Entire home/apt,81,92,0,,,52,364,0,
1618035437060604708,Only for ladies/city area cozy room @Jurong  East,142727817,1462967725899192669,Yun,West Region,Jurong East,1.33628,103.7362,Private room,22,92,0,,,2,364,0,
1618254394248582541,Serviced Apartment at Botanic Gardens (SC-L3-304),732177708,1567759828685618336,Elijah,Central Region,Tanglin,1.32141,103.81409,Entire home/apt,466,6,2,2026-06-03,0.61,6,287,2,Authorised Serviced Apartment
1618483756297502821,3BR Serviced Apartment near MarineParade/EastCoast,732177708,1567759828685618336,Elijah,Central Region,Marine Parade,1.30693,103.90818,Entire home/apt,,6,1,2026-06-20,1,6,297,1,Authorised Serviced Apartment
1620758914556399105,Spacious Rare Landed Ensuite Room @ East Coast,198970065,1620758915317423063,Jovan,East Region,Bedok,1.3159,103.90842,Private room,31,92,0,,,1,364,0,
1620795324360772747,Bright & Airy Room near NUS & Sentosa (C),1439258,1462518083181087528,K2Guesthouse,Central Region,Queenstown,1.28119,103.78693,Private room,68,30,1,2026-04-20,0.42,44,353,1,S0399
1620818786337206904,Affordable Single Longterm Stay NUS & MRT (7),1439258,1462518083181087528,K2Guesthouse,Central Region,Queenstown,1.28115,103.78692,Private room,60,30,0,,,44,284,0,S0399
1621095060765650183,(New!) Single Large Bunk Bed (1.2m Single Double),735286004,1581551113531689045,City Backpackers - Hostel & Private Rooms,Central Region,Singapore River,1.2887420478825238,103.84684778327512,Shared room,40,1,36,2026-06-07,8.24,7,364,36,S0257
1623701809358620528,Private Estate: Steps to Kovan and Chomp Chomp,53570166,1622623238540650872,Lennard,North-East Region,Hougang,1.3684830778661405,103.88101764980478,Private room,22,92,0,,,1,364,0,
1623783122242406950,Private bedroom near NUS,514965405,1463863003340443975,Addie,West Region,Clementi,1.3053437,103.7680191,Private room,91,1,7,2026-06-05,2.47,1,310,7,Exempt
1628756738261633872,Cairnhill room king,,,,Central Region,Orchard,1.30421,103.83677,Private room,600,1,3,2026-06-14,2.31,,352,3,
1628756738414867410,Emerald room king,,,,Central Region,Orchard,1.30421,103.83677,Private room,600,1,1,2026-06-07,1,,357,1,
1628756738470510801,Cairnhill room twin accessible,,,,Central Region,Orchard,1.30421,103.83677,Private room,480,1,0,,,,353,0,
1628797052621361715,Deluxe Essentials,,,,Central Region,Rochor,1.30313,103.85911,Private room,113,1,0,,,,79,0,
1628797052655860380,JJH Prestige,,,,Central Region,Rochor,1.30313,103.85911,Private room,239,1,0,,,,89,0,
1628797052804107796,Premier Double,,,,Central Region,Rochor,1.30313,103.85911,Private room,222,1,0,,,,86,0,
1628815095202093148,Heritage Collection on Seah Loft (No window),23336011,1465271884616547411,Heritage,Central Region,Downtown Core,1.2959128,103.8550237,Private room,191,1,3,2026-05-05,1.25,71,351,3,S0448
1628858984982704585,Hericoll KG Next-to-the-Bar Loft (Skylight),23336011,1465271884616547411,Heritage,Central Region,Rochor,1.3020426,103.8612932,Private room,98,2,6,2026-06-23,2.14,71,343,6,S0626
1629444878120249002,Bloom 酒店公寓 大床studio,748341190,1629374484173762108,Jianming,North-East Region,Hougang,1.35278,103.87765,Entire home/apt,208,6,1,2026-04-01,0.33,7,352,1,Authorised Serviced Apartment
1629471340585613042,Bloom 酒店公寓 二室一厅,748341190,1629374484173762108,Jianming,North-East Region,Hougang,1.35465,103.87941,Entire home/apt,298,6,3,2026-06-28,1.13,7,345,3,Authorised Serviced Apartment
1629544389785204300,Bloom 酒店公寓 一室一厅,748341190,1629374484173762108,Jianming,North-East Region,Hougang,1.35291,103.87873,Entire home/apt,228,6,3,2026-06-25,0.99,7,353,3,Authorised Serviced Apartment
1629550608123471826,Bloom 酒店公寓 单人床studio,748341190,1629374484173762108,Jianming,North-East Region,Hougang,1.3538099,103.8784461,Entire home/apt,158,6,0,,,7,343,0,Authorised Serviced Apartment
1629556743769807659,Bloom 酒店公寓 双床studio,748341190,1629374484173762108,Jianming,North-East Region,Hougang,1.3538099,103.8784461,Entire home/apt,166,6,0,,,7,340,0,Authorised Serviced Apartment
1638913961357838550,Executive room,,,,Central Region,Rochor,1.29768,103.85203,Private room,504,1,0,,,,346,0,
1638913961490010766,Queens connecting room,,,,Central Region,Rochor,1.297676,103.852033,Private room,541,1,0,,,,326,0,
1640220549607538148,1 Bedroom Apartment Deluxe,751126379,1640220550301320271,Allan,Central Region,Outram,1.27628,103.84208,Private room,172,6,0,,,1,291,0,Authorised Serviced Apartment
1647110678873424876,LIV Premier King Studio in Liv Residences Novena,68059127,1466841137906743877,Wei,Central Region,Novena,1.31725,103.84723,Entire home/apt,255,6,0,,,50,353,0,Authorised Serviced Apartment
1649020265845365472,Bloom 酒店公寓 大二室一厅,748341190,1629374484173762108,Jianming,North-East Region,Hougang,1.3529676417980299,103.8779891433654,Entire home/apt,328,6,1,2026-06-07,1,7,318,1,Authorised Serviced Apartment
1649678287629188857,Bloom 酒店公寓 三床套房,748341190,1629374484173762108,Jianming,North-East Region,Hougang,1.35313,103.87907,Entire home/apt,248,6,0,,,7,290,0,Authorised Serviced Apartment
1649840752596947502,Premium room,,,,Central Region,Outram,1.28077,103.84541,Private room,310,1,2,2026-06-14,2,,182,2,
1649840752622414747,Executive room with balcony,753548433,,,Central Region,Outram,1.28077,103.84541,Private room,310,1,0,,,1,176,0,
1649840752815604771,Executive room,,,,Central Region,Outram,1.28077,103.84541,Private room,310,1,1,2026-06-14,1,,180,1,
1649840752902649471,Themed suite,,,,Central Region,Outram,1.28077,103.84541,Private room,310,1,0,,,,182,0,
1649840754164005803,Deluxe room,,,,Central Region,Outram,1.28077,103.84541,Private room,230,1,2,2026-05-25,1.05,,343,2,
1651763487975052523,丹拉美拉地铁口最美公寓房,754039486,1651763488787269594,Coco,East Region,Bedok,1.32983,103.94486,Private room,147,2,1,2026-04-22,0.43,1,338,1,Exempt
1652518462967552376,[Clarke Quay MRT] 6-Bed Private Family Room,735286004,1581551113531689045,City Backpackers - Hostel & Private Rooms,Central Region,Singapore River,1.28832,103.84647,Private room,240,1,0,,,7,311,0,S0257
1652862360939034147,Premier patio room,,,,Central Region,Museum,1.29597,103.84547,Private room,460,1,0,,,,354,0,
1652862504028460880,Fort canning suite - one bedroom,,,,Central Region,Museum,1.29597,103.84547,Private room,475,1,0,,,,333,0,
1652862504319150630,Premier junior suite,,,,Central Region,Museum,1.29597,103.84547,Private room,460,1,1,2026-06-21,1,,357,1,
1652862504749036550,Park view suite,750776921,,,Central Region,Museum,1.29597,103.84547,Private room,414,1,0,,,1,349,0,
1653462364236692434,Luxury Double Room @ iNN at Temple St by Q Loft,753712235,1650631029440035805,Zach,Central Region,Outram,1.28441,103.84423,Private room,145,1,0,,,4,363,0,S0637
1653466623759823975,Cozy Single Room @i NN at Temple St by Q Loft,753712235,1650631029440035805,Zach,Central Region,Outram,1.28208,103.84319,Private room,187,1,0,,,4,358,0,S0637
1653467969999987762,Cozy Triple Room @ iNN at Temple St by Q Loft,753712235,1650631029440035805,Zach,Central Region,Outram,1.28236,103.84472,Private room,269,1,0,,,4,337,0,S0637
1653469497662253357,Luxury Twin Room @ iNN at Temple St by Q Loft,753712235,1650631029440035805,Zach,Central Region,Outram,1.2822,103.84353,Private room,,1,0,,,4,0,0,S0637
1655204872752750356,Single Bed in Female Shared Room,754950767,1655204826019931214,禾觅,Central Region,Novena,1.3252599,103.8499676,Shared room,91,1,2,2026-05-15,0.85,5,361,2,S0622
1655550367434724140,Premier King Studio Room in Liv Residences Novena,24496358,1465305327734698378,Katherine,Central Region,Novena,1.317352422321143,103.84746148324015,Entire home/apt,254,6,0,,,53,355,0,Authorised Serviced Apartment
1655905047814970095,Single Bed in Male Shared Room,754950767,1655204826019931214,禾觅,Central Region,Novena,1.325739047369917,103.84898021116685,Shared room,69,1,0,,,5,363,0,S0622
1658079969610064054,"Twin room,  Two single bed - Room",754950767,1655204826019931214,禾觅,Central Region,Novena,1.32468,103.8508,Private room,110,1,0,,,5,359,0,S0622
1658081889228152590,"Triple room, Three single bed- Room",754950767,1655204826019931214,禾觅,Central Region,Novena,1.32631,103.84919,Private room,250,1,1,2026-05-31,1,5,359,1,S0622
1658085930556712053,"Quad room, Four single bed - Room",754950767,1655204826019931214,禾觅,Central Region,Novena,1.3260293920455895,103.84911916968298,Private room,389,1,0,,,5,359,0,S0622
1660638949537378356,"Single Capsule in 8-Pax Female, opposite Bugis MRT",735971860,1584561350804104117,Pinky,Central Region,Rochor,1.30171,103.85438,Shared room,54,1,0,,,14,331,0,S0536
1660656962283392614,"A Single Capsule in 8-Pax Male, opposite Bugis MRT",735971860,1584561350804104117,Pinky,Central Region,Downtown Core,1.30136,103.85658,Shared room,64,1,1,2026-05-20,0.73,14,341,1,S0536
1661955554868560343,Stylish 1-Bedroom Living Steps from 6th Ave MRT,12569371,1462890739606989935,Nigel,Central Region,Bukit Timah,1.32969,103.79702,Entire home/apt,190,7,0,,,2,108,0,Authorised Serviced Apartment
1662824629633788882,Deluxe King Studio Room in Liv Residences Novena,24496358,1465305327734698378,Katherine,Central Region,Novena,1.3190199695976044,103.8468223655249,Entire home/apt,274,6,0,,,53,341,0,Authorised Serviced Apartment
1663386674212732173,[City Centre] 12-Bed Private Family & Group Room,735286004,1581551113531689045,City Backpackers - Hostel & Private Rooms,Central Region,Singapore River,1.28698,103.84778,Private room,324,1,2,2026-05-15,0.87,7,320,2,S0257
1664416292408971289,Downtown! 4-Bed Private Room for Family & Groups,735286004,1581551113531689045,City Backpackers - Hostel & Private Rooms,Central Region,Singapore River,1.2882,103.84639,Private room,266,1,0,,,7,319,0,S0257
1664838628306144866,Co Living Standard Room - New!,730145730,1558506444949767793,Jc,North-East Region,Hougang,1.3527923437146732,103.87778723196473,Private room,114,6,0,,,6,261,0,Authorised Serviced Apartment
1664875494206910165,Co-Living Superior Room - New!,730145730,1558506444949767793,Jc,North-East Region,Serangoon,1.35273,103.87597,Private room,124,6,0,,,6,159,0,Authorised Serviced Apartment
1665651126119907704,"Triple Ensuite Room, Movie Screen, Bugis MRT",735971860,1584561350804104117,Pinky,Central Region,Rochor,1.3006027,103.8555642,Private room,199,1,1,2026-06-02,1,14,360,1,S0536
1665713823442366077,Deluxe Room - Co Living (Twin / Queen) - New!,730145730,1558506444949767793,Jc,North-East Region,Hougang,1.35280255331931,103.87769920052978,Private room,134,6,0,,,6,180,0,Authorised Serviced Apartment
1665727901335885126,Premium Room - Co Living - New!,730145730,1558506444949767793,Jc,North-East Region,Serangoon,1.3544077906912524,103.87742479125134,Private room,145,6,0,,,6,270,0,Exempt
1667024853476027945,Six Haven Home,734129760,1576481540652067227,Dora,Central Region,Downtown Core,1.2965031,103.855286,Private room,312,1,11,2026-06-15,5.89,4,218,11,S0503
1668695221577408390,Heart of City Studio Apt/WIFI-Somerset/OrchardArea,46685310,1465699258666896822,Yyin,Central Region,River Valley,1.29433,103.83785,Entire home/apt,299,29,0,,,71,326,0,Exempt
1668695235590825899,Central Cozy 2QB Room/WIFI @ Somerset/Orchard Area,46685310,1465699258666896822,Yyin,Central Region,River Valley,1.29438,103.83923,Private room,104,29,0,,,71,311,0,Exempt
1668695909757376326,City Cozy 2 Rooms Apt/WIFI @ Somerset/Orchard Area,10248444,1462835470954501673,Recr,Central Region,River Valley,1.29609,103.83836,Entire home/apt,171,28,0,,,64,291,0,Exempt
1668695923679632608,City Central Studio Apt/WIFI-Somerset/Orchard Area,10248444,1462835470954501673,Recr,Central Region,River Valley,1.29424,103.83864,Entire home/apt,127,28,1,2026-06-13,1,64,299,1,Exempt
1668704830941271048,City Central 2QB Room/WIFI @ Somerset/Orchard Area,109333133,1467323641148121220,Pat,Central Region,River Valley,1.2942,103.83856,Private room,342,29,0,,,73,317,0,Exempt
1668704868436027166,Centrally Located Studio Apt-Somerset/Orchard Area,109333133,1467323641148121220,Pat,Central Region,River Valley,1.29631,103.83843,Entire home/apt,404,29,0,,,73,304,0,Exempt
1674330194753851649,City Cozy 2 Rooms Apt/WIFI @ Somerset/Orchard Area,46685310,1465699258666896822,Yyin,Central Region,River Valley,1.29428,103.83944,Entire home/apt,169,29,0,,,71,277,0,Exempt
1675112657924647281,裕廊东地铁站附近超大舒适安静房间 近商场CBD,711330825,1675112658685511035,Beiting,West Region,Jurong East,1.3369679,103.7433629,Private room,33,1,0,,,3,173,0,Exempt
1675861355047671580,近裕廊东地铁站商场房间 舒适安静环境,711330825,1675112658685511035,Beiting,West Region,Jurong East,1.337177,103.741959,Private room,27,1,4,2026-06-21,3.24,3,255,4,Exempt
1678808130493321930,"Twin Bunk Bed for 2 guests, next to Bugis MRT",735971860,1584561350804104117,Pinky,Central Region,Downtown Core,1.30188,103.85619,Private room,102,1,0,,,14,361,0,S0536
1679321633918197757,Serviced Apt Coliving Room near Botanic Gardens,732177708,1567759828685618336,Elijah,Central Region,Tanglin,1.3222639,103.8136485,Private room,171,6,0,,,6,360,0,Authorised Serviced Apartment
1679488887663697526,"Standard Room for 2 guests, opposite Bugis MRT",735971860,1584561350804104117,Pinky,Central Region,Rochor,1.30191,103.85445,Private room,96,1,0,,,14,345,0,S0536
1683346474792748210,One bedroom apartment at Havelock road,238891646,1463258524593591157,Neha,Central Region,Bukit Merah,1.2889,103.83227,Entire home/apt,434,6,0,,,131,363,0,Authorised Serviced Apartment
1686012342539342454,Pristine 3 Bedroom Apartment Serangoon - Mber,730145730,1558506444949767793,Jc,North-East Region,Hougang,1.3545,103.87756,Entire home/apt,365,14,0,,,6,334,0,Exempt
1686056340197239369,玉兰,528203435,1470374733776941646,Qingxia,West Region,Choa Chu Kang,1.3871849,103.743448,Private room,71,15,0,,,4,363,0,Exempt
1686733206629062593,Nice cosy highflr  2br condo 3min to Redhill mrt.,24347889,1686733207448489602,Benny,Central Region,Bukit Merah,1.2908181681848863,103.81774192733252,Entire home/apt,337,5,0,,,1,85,0,Exempt
1689117200832153299,核心地铁沿线高瑞公寓,1689114012561812383,1689117201770363064,Qin,Central Region,Queenstown,1.2937432272877347,103.80713912915475,Entire home/apt,,30,0,,,2,326,0,Exempt
1689710454014718953,Common room at Woodlands street 11,40006755,1465596988141697828,WiniQueen,North Region,Woodlands,1.4330349,103.7766123,Private room,92,1,0,,,1,178,0,Exempt
1689761361811772554,核心地标高端公寓,1689114012561812383,1689117201770363064,Qin,Central Region,Queenstown,1.29442,103.80576,Entire home/apt,,10,0,,,2,74,0,Exempt
1691615421519822872,裕廊东商业区 地铁站附近温馨舒适安静房间,711330825,1675112658685511035,Beiting,West Region,Jurong East,1.33765,103.7424,Private room,30,1,0,,,3,14,0,Exempt
1694221504544701899,3 Bedroom apartment near MRT,238891646,1463258524593591157,Neha,Central Region,Bukit Merah,1.2909,103.831,Entire home/apt,913,6,0,,,131,356,0,M3213
1695351616783592248,Convenient Stay Near Haw Par Villa MRT (A),1439258,1462518083181087528,K2Guesthouse,Central Region,Queenstown,1.2813623042839501,103.78668934217846,Private room,68,30,0,,,44,292,0,Exempt
1695366732701509754,"A Single Rom- Easy Access to NUS, MRT & City (B)",1439258,1462518083181087528,K2Guesthouse,Central Region,Queenstown,1.27969,103.78734,Private room,64,30,0,,,44,178,0,Exempt
1705224086935055648,City Center Hotel Connecting Room Chinatown Sg 2,2676835,1462604586705061088,Hsoloscargo Residentcubes,Central Region,Singapore River,1.2876,103.84526,Private room,919,1,0,,,35,86,0,M2034
1706049774301695338,Riverside Hotel Singapore Connecting Suite 2,2676835,1462604586705061088,Hsoloscargo Residentcubes,Central Region,Outram,1.286900133460133,103.83529661198429,Private room,949,1,0,,,35,87,0,M5258
1706907426644459511,Residence Suite in a Restored Heritage House,1706906098815333930,1706907427584876898,Mosaico House | Singapore,Central Region,Outram,1.280477524559698,103.8454483085983,Private room,218,1,0,,,14,332,0,S0625
1710200387154775651,Heritage Twin Room in a Restored Heritage House,1706906098815333930,1706907427584876898,Mosaico House | Singapore,Central Region,Outram,1.2807135,103.8453893,Private room,144,1,0,,,14,332,0,S0625
1710217322520842323,Heritage Queen Room in a Restored Heritage House,1706906098815333930,1706907427584876898,Mosaico House | Singapore,Central Region,Outram,1.28071,103.84539,Private room,144,1,0,,,14,332,0,S0625
1710223393982141743,Heritage King Room in a Restored Heritage House,1706906098815333930,1706907427584876898,Mosaico House | Singapore,Central Region,Outram,1.2807135,103.8453893,Private room,178,1,0,,,14,330,0,S0625
1710233116365661996,Heritage Twin Room with Bathtub in Heritage House,1706906098815333930,1706907427584876898,Mosaico House | Singapore,Central Region,Outram,1.2807135,103.8453893,Private room,143,1,0,,,14,332,0,S0625
1710243230968471825,Heritage King Room with Bathtub in Heritage House,1706906098815333930,1706907427584876898,Mosaico House | Singapore,Central Region,Outram,1.2807135,103.8453893,Private room,149,1,0,,,14,332,0,S0625
1710248829582712470,Merchant Twin Room in a Restored Heritage House,1706906098815333930,1706907427584876898,Mosaico House | Singapore,Central Region,Outram,1.2807135,103.8453893,Private room,140,1,0,,,14,332,0,S0625
1710255878191691057,Merchant Queen Room in a Restored Heritage House,1706906098815333930,1706907427584876898,Mosaico House | Singapore,Central Region,Outram,1.2807135,103.8453893,Private room,140,1,0,,,14,332,0,S0625
1710264983556360555,Merchant King Room in a Restored Heritage House,1706906098815333930,1706907427584876898,Mosaico House | Singapore,Central Region,Outram,1.2807135,103.8453893,Private room,145,1,0,,,14,332,0,S0625
1710272846609411039,Merchant King Room with Bathtub in Heritage House,1706906098815333930,1706907427584876898,Mosaico House | Singapore,Central Region,Outram,1.2807135,103.8453893,Private room,161,1,0,,,14,332,0,S0625
1710972939136868601,Verandah Petite Balcony Room in a Heritage House,1706906098815333930,1706907427584876898,Mosaico House | Singapore,Central Region,Outram,1.2807135,103.8453893,Private room,145,1,0,,,14,332,0,S0625
1711010251922019609,Verandah Terrace Room in a Restored Heritage House,1706906098815333930,1706907427584876898,Mosaico House | Singapore,Central Region,Outram,1.2807135,103.8453893,Private room,170,1,0,,,14,332,0,S0625
1711027355184000217,Verandah Junior Suite in a Restored Heritage House,1706906098815333930,1706907427584876898,Mosaico House | Singapore,Central Region,Outram,1.2807135,103.8453893,Private room,182,1,0,,,14,332,0,S0625
1711228023592695662,Panorama Suite in a Restored Heritage House,1706906098815333930,1706907427584876898,Mosaico House | Singapore,Central Region,Outram,1.2807135,103.8453893,Private room,218,1,0,,,14,332,0,S0625
1711612902494045555,Cosy Room Central Female only,158041907,1468540192673380015,Jj,Central Region,Kallang,1.3265449636861721,103.86607948690653,Private room,108,1,0,,,1,55,0,Exempt
1712320668769807976,3 Bedroom aprtment near MRT,238891646,1463258524593591157,Neha,Central Region,Bukit Merah,1.2899,103.83143,Entire home/apt,935,6,0,,,131,363,0,M3213
1712326596739619101,2 Bedroom apartment at the Center of the city,238891646,1463258524593591157,Neha,Central Region,Bukit Merah,1.29108,103.83071,Entire home/apt,659,6,0,,,131,363,0,M3213
1713625446283432986,"Loft Twin Room for 2 Guests, right at Bugis MRT",735971860,1584561350804104117,Pinky,Central Region,Rochor,1.300719,103.855504,Private room,102,1,0,,,14,363,0,S0638
1716722756663260064,Short Term Stay,744283203,1716722757589106991,Ajies,West Region,Jurong West,1.3483465,103.6961221,Private room,52,3,0,,,1,361,0,Exempt
1716744066210561744,Twin Standard Room @Covenient Farrer Hotel SG​,2676835,1462604586705061088,Hsoloscargo Residentcubes,Central Region,Kallang,1.3102778,103.8566667,Private room,108,7,0,,,35,177,0,S8275
1716780295103411147,Double Sized bed @Covenient Farrer Hotel SG​,2676835,1462604586705061088,Hsoloscargo Residentcubes,Central Region,Kallang,1.31028,103.85667,Private room,108,1,0,,,35,177,0,S8275
1716864183173166040,Standard Double or Twin Room @ Rochor Hotel​,2676835,1462604586705061088,Hsoloscargo Residentcubes,Central Region,Rochor,1.309179,103.8531705,Private room,147,1,0,,,35,178,0,S8275
1716877869359547646,Triple Room 3 Beds @ Rochor Hotel SG​,2676835,1462604586705061088,Hsoloscargo Residentcubes,Central Region,Rochor,1.309179,103.8531705,Private room,200,1,0,,,35,178,0,S8275
